as_of_date,item_code,extended_item_code,description,category,size,size_ml,proof,age,age_months,country_of_origin,container_type,container_count,bottles_per_case,price_per_bottle,price_per_case,price_per_oz,price_change,item_status,item_status_code,oregon_product,new_item,special_pricing
2026-08-01,0103B,99900010375,BALVENIE CARIBBEAN CASK 14YR SINGLE MALT,SCOTCH,750 ML,750,86.0,14 YRS,168,Scotland,Bottle,1,6,91.95,551.7,3.62,12.0,Regular,R,False,False,False
2026-08-01,0103D,99900010320,BALVENIE CARIBBEAN CASK 14YR SINGLE MALT,SCOTCH,200 ML,200,86.0,14 YRS,168,Scotland,Bottle,1,12,24.95,299.4,3.67,0.0,One Time Buy,O,False,False,False
2026-08-01,0108B,99900010875,WEBFOOT VODKA,VODKA,750 ML,750,80.0,,,United States,Bottle,1,12,19.95,239.4,0.79,0.0,Regular,R,True,False,False
2026-08-01,0109B,99900010975,SLAPTAIL VODKA,VODKA,750 ML,750,80.0,,,United States,Bottle,1,12,19.95,239.4,0.79,0.0,Regular,R,True,False,False
2026-08-01,0114B,99900011475,CHOPIN RYE POLISH VODKA,VODKA,750 ML,750,80.0,,,Poland,Bottle,1,6,29.95,179.7,1.18,4.0,Trial Listing,T,False,False,False
2026-08-01,0120B,99900012075,IL TRAMONTO LIMONCELLO,CORDIALS,750 ML,750,60.0,,,Italy,Bottle,1,6,16.95,101.7,0.67,-2.0,Trial Listing,T,False,False,True
2026-08-01,0129B,99900012975,OLD GRAND DAD,DOMESTIC WHISKEY,750 ML,750,100.0,4 YRS,48,United States,Bottle,1,12,22.95,275.4,0.9,-2.0,Regular,R,False,False,False
2026-08-01,0132B,99900013275,EZRA BROOKS,DOMESTIC WHISKEY,750 ML,750,90.0,4 YRS,48,United States,Bottle,1,12,14.95,179.4,0.59,0.0,Trial Listing,T,False,False,False
2026-08-01,0132E,99900013237,EZRA BROOKS,DOMESTIC WHISKEY,375 ML,375,90.0,4 YRS,48,United States,Bottle,1,24,8.95,214.8,0.7,0.0,Trial Listing,T,False,False,False
2026-08-01,0132F,99900013205,EZRA BROOKS,DOMESTIC WHISKEY,50 ML,50,90.0,4 YRS,48,United States,Bottle,1,120,2.0,240.0,1.18,0.0,Trial Listing,T,False,False,False
2026-08-01,0132H,99900013217,EZRA BROOKS,DOMESTIC WHISKEY,1.75 L,1750,90.0,4 YRS,48,United States,Bottle,1,6,29.95,179.7,0.51,2.0,Limited Listing,L,False,False,False
2026-08-01,0133B,99900013375,JIM BEAM BLACK,DOMESTIC WHISKEY,750 ML,750,90.0,8 YRS,96,United States,Bottle,1,12,21.95,263.4,0.86,-5.0,Regular,R,False,False,False
2026-08-01,0133H,99900013317,JIM BEAM BLACK,DOMESTIC WHISKEY,1.75 L,1750,90.0,8 YRS,96,United States,Bottle,1,6,49.95,299.7,0.84,4.0,Regular,R,False,False,False
2026-08-01,0134B,99900013475,RUSSELLS RESERVE 10 YEAR OLD BOURBON,DOMESTIC WHISKEY,750 ML,750,90.0,10 YRS,120,United States,Bottle,1,6,49.95,299.7,1.97,0.0,Regular,R,False,False,False
2026-08-01,0136A,99900013610,EVAN WILLIAMS BLK LABEL,DOMESTIC WHISKEY,LITER,1000,86.0,,,United States,Bottle,1,12,17.95,215.4,0.53,0.0,Regular,R,False,False,False
2026-08-01,0136B,99900013675,EVAN WILLIAMS BLK LABEL,DOMESTIC WHISKEY,750 ML,750,86.0,,,United States,Bottle,1,12,14.95,179.4,0.59,0.0,Regular,R,False,False,False
2026-08-01,0136E,99900013637,EVAN WILLIAMS BLK LABEL,DOMESTIC WHISKEY,375 ML,375,86.0,,,United States,Bottle,1,24,8.95,214.8,0.7,-1.0,Regular,R,False,False,False
2026-08-01,0136F,99900013605,EVAN WILLIAMS BLK LABEL,DOMESTIC WHISKEY,50 ML,50,86.0,,,United States,Bottle,1,120,2.0,240.0,1.18,0.0,Trial Listing,T,False,False,False
2026-08-01,0136H,99900013617,EVAN WILLIAMS BLK LABEL,DOMESTIC WHISKEY,1.75 L,1750,86.0,,,United States,Bottle,1,6,34.95,209.7,0.59,3.0,Regular,R,False,False,False
2026-08-01,0137B,99900013775,EVAN WILLIAMS BLACK LABEL,DOMESTIC WHISKEY,750 ML,750,86.0,,,United States,Bottle,1,12,14.95,179.4,0.59,0.0,Regular,R,False,False,False
2026-08-01,0138B,99900013875,ELIJAH CRAIG SMALL BATCH 94 PROOF,DOMESTIC WHISKEY,750 ML,750,94.0,12 YRS,144,United States,Bottle,1,12,34.95,419.4,1.38,7.0,Regular,R,False,False,False
2026-08-01,0138E,99900013837,ELIJAH CRAIG SMALL BATCH 94 PROOF,DOMESTIC WHISKEY,375 ML,375,94.0,12 YRS,144,United States,Bottle,1,12,18.95,227.4,1.49,4.0,Regular,R,False,False,False
2026-08-01,0138H,99900013817,ELIJAH CRAIG SMALL BATCH 94 PROOF,DOMESTIC WHISKEY,1.75 L,1750,94.0,12 YRS,144,United States,Bottle,1,6,54.95,329.7,0.93,-10.0,Regular,R,False,False,False
2026-08-01,0139B,99900013975,WOODFORD RESERVE DISTILLER SELECT,DOMESTIC WHISKEY,750 ML,750,90.4,,,United States,Bottle,1,12,39.95,479.4,1.57,5.0,Regular,R,False,False,False
2026-08-01,0139E,99900013937,WOODFORD RESERVE DISTILLER SELECT,DOMESTIC WHISKEY,375 ML,375,90.4,,,United States,Bottle,1,12,20.95,251.4,1.65,0.0,Regular,R,False,False,False
2026-08-01,0139H,99900013917,WOODFORD RESERVE DISTILLER SELECT,DOMESTIC WHISKEY,1.75 L,1750,90.4,,,United States,Bottle,1,6,69.95,419.7,1.18,-5.0,Regular,R,False,False,False
2026-08-01,0140A,99900014010,JIM BEAM,DOMESTIC WHISKEY,LITER,1000,80.0,4 YRS,48,United States,Bottle,1,12,21.95,263.4,0.65,0.0,Regular,R,False,False,False
2026-08-01,0140B,99900014075,JIM BEAM,DOMESTIC WHISKEY,750 ML,750,80.0,4 YRS,48,United States,Bottle,1,12,16.95,203.4,0.67,-1.0,Regular,R,False,False,False
2026-08-01,0140D,99900014020,JIM BEAM,DOMESTIC WHISKEY,200 ML,200,80.0,4 YRS,48,United States,Bottle,1,48,6.95,333.6,1.02,0.0,Regular,R,False,False,False
2026-08-01,0140E,99900014037,JIM BEAM,DOMESTIC WHISKEY,375 ML,375,80.0,4 YRS,48,United States,Bottle,1,24,10.95,262.8,0.86,-1.0,Regular,R,False,False,False
2026-08-01,0140F,99900014005,JIM BEAM,DOMESTIC WHISKEY,50 ML,50,80.0,4 YRS,48,United States,Bottle,1,120,2.25,270.0,1.32,0.0,Regular,R,False,False,False
2026-08-01,0140H,99900014017,JIM BEAM,DOMESTIC WHISKEY,1.75 L,1750,80.0,4 YRS,48,United States,Bottle,1,6,39.95,239.7,0.67,5.0,Regular,R,False,False,False
2026-08-01,0141B,99900014175,JIM BEAM LT. WGT.,DOMESTIC WHISKEY,750 ML,750,80.0,4 YRS,48,United States,Bottle,1,12,16.95,203.4,0.67,-1.0,Regular,R,False,False,False
2026-08-01,0143B,99900014375,LUNAZUL ANEJO TEQUILA,TEQUILA,750 ML,750,80.0,,,Mexico,Bottle,1,6,29.95,179.7,1.18,3.0,Regular,R,False,False,False
2026-08-01,0145B,99900014575,HIGH WEST RENDEZVOUS RYE WHISKEY,DOMESTIC WHISKEY,750 ML,750,92.0,,,United States,Bottle,1,6,59.95,359.7,2.36,-3.0,Trial Listing,T,False,False,False
2026-08-01,0146A,99900014610,JACK DANIELS BLACK LABEL,DOMESTIC WHISKEY,LITER,1000,80.0,,,United States,Bottle,1,12,29.95,359.4,0.89,0.0,Regular,R,False,False,False
2026-08-01,0146B,99900014675,JACK DANIELS BLACK LABEL,DOMESTIC WHISKEY,750 ML,750,80.0,,,United States,Bottle,1,12,22.95,275.4,0.9,0.0,Regular,R,False,False,True
2026-08-01,0146D,99900014620,JACK DANIELS BLACK LABEL,DOMESTIC WHISKEY,200 ML,200,80.0,,,United States,Bottle,1,48,8.95,429.6,1.32,0.0,Regular,R,False,False,False
2026-08-01,0146E,99900014637,JACK DANIELS BLACK LABEL,DOMESTIC WHISKEY,375 ML,375,80.0,,,United States,Bottle,1,24,14.95,358.8,1.18,0.0,Regular,R,False,False,False
2026-08-01,0146F,99900014605,JACK DANIELS BLACK LABEL,DOMESTIC WHISKEY,50 ML,50,80.0,,,United States,Bottle,1,120,2.75,330.0,1.62,0.0,Regular,R,False,False,False
2026-08-01,0146H,99900014617,JACK DANIELS BLACK LABEL,DOMESTIC WHISKEY,1.75 L,1750,80.0,,,United States,Bottle,1,6,49.95,299.7,0.84,-3.0,Regular,R,False,False,False
2026-08-01,0147B,99900014775,GEORGE DICKEL SIGNATURE RECIPE,DOMESTIC WHISKEY,750 ML,750,90.0,,,United States,Bottle,1,12,24.95,299.4,0.98,3.0,Regular,R,False,False,False
2026-08-01,0147H,99900014717,GEORGE DICKEL SIGNATURE RECIPE,DOMESTIC WHISKEY,1.75 L,1750,90.0,,,United States,Bottle,1,6,42.95,257.7,0.73,-3.0,Regular,R,False,False,False
2026-08-01,0148B,99900014875,GENTLEMAN JACK,DOMESTIC WHISKEY,750 ML,750,80.0,,,United States,Bottle,1,12,29.95,359.4,1.18,2.0,Regular,R,False,False,False
2026-08-01,0148E,99900014837,GENTLEMAN JACK,DOMESTIC WHISKEY,375 ML,375,80.0,,,United States,Bottle,1,12,16.95,203.4,1.33,0.0,Regular,R,False,False,False
2026-08-01,0148H,99900014817,GENTLEMAN JACK,DOMESTIC WHISKEY,1.75 L,1750,80.0,,,United States,Bottle,1,6,57.95,347.7,0.98,-5.0,Regular,R,False,False,False
2026-08-01,0152B,99900015275,OLD CROW,DOMESTIC WHISKEY,750 ML,750,80.0,3 YRS,36,United States,Bottle,1,12,11.95,143.4,0.47,2.0,Regular,R,False,False,False
2026-08-01,0152E,99900015237,OLD CROW,DOMESTIC WHISKEY,375 ML,375,80.0,3 YRS,36,United States,Bottle,1,24,6.45,154.8,0.51,0.0,Regular,R,False,False,False
2026-08-01,0152H,99900015217,OLD CROW,DOMESTIC WHISKEY,1.75 L,1750,80.0,3 YRS,36,United States,Bottle,1,6,19.95,119.7,0.34,-3.0,Regular,R,False,False,False
2026-08-01,0153B,99900015375,OLD CROW LT. WGT.,DOMESTIC WHISKEY,750 ML,750,80.0,3 YRS,36,United States,Bottle,1,12,11.95,143.4,0.47,2.0,Regular,R,False,False,False
2026-08-01,0154B,99900015475,OLD TAYLOR STRAIGHT BOURBON,DOMESTIC WHISKEY,750 ML,750,80.0,6 YRS,72,United States,Bottle,1,12,8.95,107.4,0.35,-1.0,Regular,R,False,False,False
2026-08-01,0154H,99900015417,OLD TAYLOR STRAIGHT BOURBON,DOMESTIC WHISKEY,1.75 L,1750,80.0,6 YRS,72,United States,Bottle,1,6,19.95,119.7,0.34,0.0,Regular,R,False,False,False
2026-08-01,0155B,99900015575,ANCIENT AGE,DOMESTIC WHISKEY,750 ML,750,80.0,,,United States,Bottle,1,12,11.95,143.4,0.47,0.0,Regular,R,False,False,False
2026-08-01,0155H,99900015517,ANCIENT AGE,DOMESTIC WHISKEY,1.75 L,1750,80.0,,,United States,Bottle,1,6,25.95,155.7,0.44,0.0,Regular,R,False,False,False
2026-08-01,0156B,99900015675,EARLY TIMES KENTUCKY,DOMESTIC WHISKEY,750 ML,750,80.0,,,United States,Bottle,1,12,12.95,155.4,0.51,-1.0,Regular,R,False,False,False
2026-08-01,0156E,99900015637,EARLY TIMES KENTUCKY,DOMESTIC WHISKEY,375 ML,375,80.0,,,United States,Bottle,1,24,6.95,166.8,0.55,0.0,Regular,R,False,False,False
2026-08-01,0156H,99900015617,EARLY TIMES KENTUCKY,DOMESTIC WHISKEY,1.75 L,1750,80.0,,,United States,Bottle,1,6,27.95,167.7,0.47,3.0,Regular,R,False,False,False
2026-08-01,0157B,99900015775,SAUZA BLUE SILVER TEQUILA,TEQUILA,750 ML,750,80.0,,,Mexico,Bottle,1,12,17.95,215.4,0.71,0.0,Regular,R,False,False,False
2026-08-01,0158B,99900015875,OLD GRAND DAD,DOMESTIC WHISKEY,750 ML,750,80.0,4 YRS,48,United States,Bottle,1,12,17.95,215.4,0.71,-2.0,Regular,R,False,False,False
2026-08-01,0160B,99900016075,EVAN WILLIAMS GREEN LABEL,DOMESTIC WHISKEY,750 ML,750,80.0,4 YRS,48,United States,Bottle,1,12,12.95,155.4,0.51,0.0,Regular,R,False,False,False
2026-08-01,0160H,99900016017,EVAN WILLIAMS GREEN LABEL,DOMESTIC WHISKEY,1.75 L,1750,80.0,4 YRS,48,United States,Bottle,1,6,24.95,149.7,0.42,0.0,Regular,R,False,False,False
2026-08-01,0164B,99900016475,EVAN WILLIAMS CHERRY RESERVE,DOMESTIC WHISKEY,750 ML,750,70.0,,,United States,Bottle,1,12,14.95,179.4,0.59,-2.0,Regular,R,False,False,False
2026-08-01,0172B,99900017275,MALIBU BLACK COCONUT FLAVORED RUM,RUM,750 ML,750,70.0,,,Canada,Bottle,1,12,17.95,215.4,0.71,0.0,Regular,R,False,False,False
2026-08-01,0174B,99900017475,BULLEIT 95 RYE STRAIGHT RYE WHISKEY,DOMESTIC WHISKEY,750 ML,750,90.0,,,United States,Bottle,1,12,31.95,383.4,1.26,3.0,Regular,R,False,False,False
2026-08-01,0174E,99900017437,BULLEIT 95 RYE STRAIGHT RYE WHISKEY,DOMESTIC WHISKEY,375 ML,375,90.0,,,United States,Bottle,1,12,14.95,179.4,1.18,0.0,Regular,R,False,False,False
2026-08-01,0174H,99900017417,BULLEIT 95 RYE STRAIGHT RYE WHISKEY,DOMESTIC WHISKEY,1.75 L,1750,90.0,,,United States,Bottle,1,6,54.95,329.7,0.93,-5.0,Regular,R,False,False,False
2026-08-01,0184B,99900018475,HENRY MCKENNA,DOMESTIC WHISKEY,750 ML,750,80.0,,,United States,Bottle,1,12,14.95,179.4,0.59,0.0,Regular,R,False,False,False
2026-08-01,0184H,99900018417,HENRY MCKENNA,DOMESTIC WHISKEY,1.75 L,1750,80.0,,,United States,Bottle,1,6,27.95,167.7,0.47,0.0,Regular,R,False,False,False
2026-08-01,0186H,99900018617,JOSE CUERVO WATERMELON MARGARITA,COCKTAILS,1.75 L,1750,19.9,,,Mexico,Bottle,1,6,17.95,107.7,0.3,2.0,Regular,R,False,False,False
2026-08-01,0187H,99900018717,CUERVO AUTHENTIC LIGHT LIME MARGARITA,COCKTAILS,1.75 L,1750,19.9,,,Mexico,Bottle,1,6,17.95,107.7,0.3,2.0,Regular,R,False,False,False
2026-08-01,0189B,99900018975,OLD FORESTER,DOMESTIC WHISKEY,750 ML,750,86.0,,,United States,Bottle,1,12,22.95,275.4,0.9,3.0,Regular,R,False,False,False
2026-08-01,0189F,99900018905,OLD FORESTER,DOMESTIC WHISKEY,50 ML,50,86.0,,,United States,Bottle,1,120,2.0,240.0,1.18,0.0,Regular,R,False,False,False
2026-08-01,0189H,99900018917,OLD FORESTER,DOMESTIC WHISKEY,1.75 L,1750,86.0,,,United States,Bottle,1,6,39.95,239.7,0.67,-3.0,Regular,R,False,False,False
2026-08-01,0191B,99900019175,STAGG KENTUCKY STRAIGHT BOURBON,DOMESTIC WHISKEY,750 ML,750,129.0,,,United States,Bottle,1,6,64.95,389.7,2.56,0.0,Seasonal,B,False,False,False
2026-08-01,0193B,99900019375,TEN HIGH,DOMESTIC WHISKEY,750 ML,750,80.0,,,United States,Bottle,1,12,8.95,107.4,0.35,0.0,Regular,R,False,False,False
2026-08-01,0193H,99900019317,TEN HIGH,DOMESTIC WHISKEY,1.75 L,1750,80.0,,,United States,Bottle,1,6,17.95,107.7,0.3,0.0,Regular,R,False,False,False
2026-08-01,0196B,99900019675,WILD TURKEY 81,DOMESTIC WHISKEY,750 ML,750,81.0,,,United States,Bottle,1,12,19.95,239.4,0.79,-3.0,Regular,R,False,False,False
2026-08-01,0196H,99900019617,WILD TURKEY 81,DOMESTIC WHISKEY,1.75 L,1750,81.0,,,United States,Bottle,1,6,39.95,239.7,0.67,-3.0,Limited Listing,L,False,False,False
2026-08-01,0199B,99900019975,GEORGE DICKEL CLASSIC RECIPE,DOMESTIC WHISKEY,750 ML,750,80.0,,,United States,Bottle,1,12,21.95,263.4,0.86,2.0,Regular,R,False,False,False
2026-08-01,0207B,99900020775,SEAGRAM'S PLATINUM SELECT VODKA,VODKA,750 ML,750,100.0,,,United States,Bottle,1,12,13.95,167.4,0.55,1.0,Regular,R,False,False,False
2026-08-01,0212B,99900021275,OLD OVERHOLT,DOMESTIC WHISKEY,750 ML,750,80.0,4 YRS,48,United States,Bottle,1,12,17.95,215.4,0.71,-2.0,Regular,R,False,False,True
2026-08-01,0214B,99900021475,EL TEQUILENO PLATINUM BLANCO TEQUILA,TEQUILA,750 ML,750,80.0,,,Mexico,Bottle,1,6,44.95,269.7,1.77,5.0,Limited Listing,L,False,False,False
2026-08-01,0215B,99900021575,EL TEQUILENO GRAN RES REPOSADO,TEQUILA,750 ML,750,80.0,,,Mexico,Bottle,1,6,54.95,329.7,2.16,5.0,Trial Listing,T,False,False,False
2026-08-01,0216B,99900021675,AVIATION GIN GIFT,GIN,750ml,750,84.0,,,United States,VAP,1,6,29.95,179.7,1.18,5.0,Holiday,H,True,False,False
2026-08-01,0221B,99900022175,POTTERS SPECIAL,DOMESTIC WHISKEY,750 ML,750,80.0,,,United States,Bottle,1,12,8.95,107.4,0.35,0.0,Regular,R,False,False,False
2026-08-01,0221E,99900022137,POTTERS SPECIAL,DOMESTIC WHISKEY,375 ML,375,80.0,,,United States,Bottle,1,24,4.95,118.8,0.39,0.0,Regular,R,False,False,False
2026-08-01,0221H,99900022117,POTTERS SPECIAL,DOMESTIC WHISKEY,1.75 L,1750,80.0,,,United States,Bottle,1,6,17.95,107.7,0.3,0.0,Regular,R,False,False,False
2026-08-01,0223B,99900022375,BEAMS 8 STAR,DOMESTIC WHISKEY,750 ML,750,80.0,,,United States,Bottle,1,12,9.95,119.4,0.39,0.0,Regular,R,False,False,False
2026-08-01,0223E,99900022337,BEAMS 8 STAR,DOMESTIC WHISKEY,375 ML,375,80.0,,,United States,Bottle,1,24,4.95,118.8,0.39,0.0,Regular,R,False,False,False
2026-08-01,0223H,99900022317,BEAMS 8 STAR,DOMESTIC WHISKEY,1.75 L,1750,80.0,,,United States,Bottle,1,6,18.95,113.7,0.32,0.0,Regular,R,False,False,False
2026-08-01,0225B,99900022575,KESSLER,DOMESTIC WHISKEY,750 ML,750,80.0,,,United States,Bottle,1,12,9.95,119.4,0.39,0.0,Regular,R,False,False,False
2026-08-01,0225H,99900022517,KESSLER,DOMESTIC WHISKEY,1.75 L,1750,80.0,,,United States,Bottle,1,6,19.95,119.7,0.34,0.0,Regular,R,False,False,False
2026-08-01,0229B,99900022975,MONTE ALBAN REPOSADO,TEQUILA,750 ML,750,80.0,,,Mexico,Bottle,1,12,13.95,167.4,0.55,0.0,Trial Listing,T,False,False,False
2026-08-01,0230B,99900023075,MONTE ALBAN SILVER,TEQUILA,750 ML,750,80.0,,,Mexico,Bottle,1,12,9.95,119.4,0.39,0.0,Regular,R,False,False,False
2026-08-01,0230H,99900023017,MONTE ALBAN SILVER,TEQUILA,1.75 L,1750,80.0,,,Mexico,Bottle,1,6,17.95,107.7,0.3,0.0,Trial Listing,T,False,False,False
2026-08-01,0231B,99900023175,MONARCH RESERVE,DOMESTIC WHISKEY,750 ML,750,80.0,,,Canada,Bottle,1,12,8.95,107.4,0.35,0.0,Regular,R,True,False,False
2026-08-01,0244B,99900024475,PENDLETON 1910 RYE WHISKEY,CANADIAN,750 ML,750,80.0,12 YRS,144,Canada,Bottle,1,6,44.95,269.7,1.77,0.0,Regular,R,False,False,False
2026-08-01,0252B,99900025275,CANADIAN RICH AND RARE RESERVE,CANADIAN,750 ML,750,80.0,,,Canada,Bottle,1,12,12.95,155.4,0.51,-3.0,Regular,R,False,False,False
2026-08-01,0252H,99900025217,CANADIAN RICH AND RARE RESERVE,CANADIAN,1.75 L,1750,80.0,,,Canada,Bottle,1,6,26.95,161.7,0.46,4.0,Regular,R,False,False,False
2026-08-01,0263B,99900026375,SEAGRAM'S SEVEN CROWN LT. WGT.,DOMESTIC WHISKEY,750 ML,750,80.0,,,United States,Bottle,1,12,9.95,119.4,0.39,0.0,Regular,R,False,False,False
2026-08-01,0265B,99900026575,SEAGRAM'S SEVEN CROWN,DOMESTIC WHISKEY,750 ML,750,80.0,,,United States,Bottle,1,12,9.95,119.4,0.39,0.0,Regular,R,False,False,False
2026-08-01,0265D,99900026520,SEAGRAM'S SEVEN CROWN,DOMESTIC WHISKEY,200 ML,200,80.0,,,United States,Bottle,1,24,3.95,94.8,0.58,0.0,Regular,R,False,False,False
2026-08-01,0265F,99900026505,SEAGRAM'S SEVEN CROWN,DOMESTIC WHISKEY,50 ML,50,80.0,,,United States,Bottle,1,120,2.0,240.0,1.18,0.0,Limited Listing,L,False,False,False
2026-08-01,0265H,99900026517,SEAGRAM'S SEVEN CROWN,DOMESTIC WHISKEY,1.75 L,1750,80.0,,,United States,Bottle,1,6,19.95,119.7,0.34,0.0,Regular,R,False,False,False
2026-08-01,0267B,99900026775,BROKER'S RESERVE,DOMESTIC WHISKEY,750 ML,750,80.0,,,United States,Bottle,1,12,9.75,117.0,0.38,0.0,Regular,R,True,False,False
2026-08-01,0267E,99900026737,BROKER'S RESERVE,DOMESTIC WHISKEY,375 ML,375,80.0,,,United States,Bottle,1,24,5.95,142.8,0.47,0.0,Regular,R,True,False,False
2026-08-01,0267H,99900026717,BROKER'S RESERVE,DOMESTIC WHISKEY,1.75 L,1750,80.0,,,United States,Bottle,1,6,17.95,107.7,0.3,0.0,Regular,R,True,False,False
2026-08-01,0268B,99900026875,BROKER'S RESERVE LT. WGT.,DOMESTIC WHISKEY,750 ML,750,80.0,,,United States,Bottle,1,12,9.75,117.0,0.38,0.0,Regular,R,True,False,False
2026-08-01,0276B,99900027675,BURNETT'S WHIPPED CREAM FLAVORED VODKA,VODKA,750 ML,750,70.0,,,United States,Bottle,1,12,8.95,107.4,0.35,1.0,Regular,R,False,False,False
2026-08-01,0276H,99900027617,BURNETT'S WHIPPED CREAM FLAVORED VODKA,VODKA,1.75 L,1750,70.0,,,United States,Bottle,1,6,17.95,107.7,0.3,0.0,Regular,R,False,False,False
2026-08-01,0293B,99900029375,ABERLOUR 18 YEAR SINGLE MALT SCOTCH,SCOTCH,750 ML,750,86.0,,,Scotland,Bottle,1,6,179.95,1079.7,7.08,-60.0,Seasonal,B,False,False,False
2026-08-01,0296H,99900029617,FLEISHMANN PREFERRED 80,DOMESTIC WHISKEY,1.75 L,1750,80.0,,,United States,Bottle,1,6,17.95,107.7,0.3,0.0,Regular,R,False,False,False
2026-08-01,0299B,99900029975,MACNAUGHTONS CARRY PACK,CANADIAN,750 ML,750,80.0,4 YRS,48,Canada,Bottle,1,12,12.95,155.4,0.51,1.0,Regular,R,False,False,False
2026-08-01,0300H,99900030017,CAMPBELL COOPER CANADIAN,CANADIAN,1.75 L,1750,86.8,,,Canada,Bottle,1,6,19.95,119.7,0.34,0.0,Regular,R,False,False,False
2026-08-01,0301B,99900030175,SEAGRAMS V.O. GOLD CANADIAN WHISKEY,CANADIAN,750 ML,750,80.0,8 YRS,96,Canada,Bottle,1,12,19.95,239.4,0.79,0.0,Regular,R,False,False,False
2026-08-01,0302B,99900030275,BLACK VELVET TRAVELER,CANADIAN,750 ML,750,80.0,38 MOS,38,Canada,Bottle,1,12,10.95,131.4,0.43,-1.0,Regular,R,False,False,False
2026-08-01,0304B,99900030475,CANADIAN CLUB,CANADIAN,750 ML,750,80.0,6 YRS,72,Canada,Bottle,1,12,9.95,119.4,0.39,-3.0,Regular,R,False,False,False
2026-08-01,0304H,99900030417,CANADIAN CLUB,CANADIAN,1.75 L,1750,80.0,6 YRS,72,Canada,Bottle,1,6,24.95,149.7,0.42,5.0,Regular,R,False,False,False
2026-08-01,0305B,99900030575,CANADIAN MIST,CANADIAN,750 ML,750,80.0,,,Canada,Bottle,1,12,11.95,143.4,0.47,2.0,Regular,R,False,False,False
2026-08-01,0305E,99900030537,CANADIAN MIST,CANADIAN,375 ML,375,80.0,,,Canada,Bottle,1,24,6.95,166.8,0.55,0.0,Regular,R,False,False,False
2026-08-01,0305H,99900030517,CANADIAN MIST,CANADIAN,1.75 L,1750,80.0,,,Canada,Bottle,1,6,19.95,119.7,0.34,0.0,Regular,R,False,False,False
2026-08-01,0306B,99900030675,SEAGRAMS V O,CANADIAN,750 ML,750,80.0,,,Canada,Bottle,1,12,16.95,203.4,0.67,-2.0,Regular,R,False,False,False
2026-08-01,0306E,99900030637,SEAGRAMS V O,CANADIAN,375 ML,375,80.0,,,Canada,Bottle,1,24,10.45,250.8,0.82,0.0,Regular,R,False,False,False
2026-08-01,0306H,99900030617,SEAGRAMS V O,CANADIAN,1.75 L,1750,80.0,,,Canada,Bottle,1,6,31.95,191.7,0.54,2.0,Regular,R,False,False,False
2026-08-01,0308B,99900030875,MACNAUGHTONS,CANADIAN,750 ML,750,80.0,4 YRS,48,Canada,Bottle,1,12,12.95,155.4,0.51,1.0,Regular,R,False,False,False
2026-08-01,0308H,99900030817,MACNAUGHTONS,CANADIAN,1.75 L,1750,80.0,4 YRS,48,Canada,Bottle,1,6,19.95,119.7,0.34,2.0,Regular,R,False,False,False
2026-08-01,0309B,99900030975,POTTERS CROWN,CANADIAN,750 ML,750,80.0,4 YRS,48,Canada,Bottle,1,12,8.95,107.4,0.35,0.0,Regular,R,False,False,False
2026-08-01,0309E,99900030937,POTTERS CROWN,CANADIAN,375 ML,375,80.0,4 YRS,48,Canada,Bottle,1,24,4.95,118.8,0.39,0.0,Regular,R,False,False,False
2026-08-01,0309H,99900030917,POTTERS CROWN,CANADIAN,1.75 L,1750,80.0,4 YRS,48,Canada,Bottle,1,6,17.95,107.7,0.3,0.0,Regular,R,False,False,False
2026-08-01,0310H,99900031017,HARWOOD CANADIAN,CANADIAN,1.75 L,1750,80.0,3 YRS,36,Canada,Bottle,1,6,19.95,119.7,0.34,0.0,Regular,R,False,False,False
2026-08-01,0311A,99900031110,CROWN ROYAL DELUXE,CANADIAN,LITER,1000,80.0,,,Canada,Bottle,1,12,31.95,383.4,0.95,0.0,Regular,R,False,False,False
2026-08-01,0311B,99900031175,CROWN ROYAL DELUXE,CANADIAN,750 ML,750,80.0,,,Canada,Bottle,1,12,29.95,359.4,1.18,4.0,Regular,R,False,False,False
2026-08-01,0311D,99900031120,CROWN ROYAL DELUXE,CANADIAN,200 ML,200,80.0,,,Canada,Bottle,1,44,8.95,393.8,1.32,0.0,Regular,R,False,False,False
2026-08-01,0311E,99900031137,CROWN ROYAL DELUXE,CANADIAN,375 ML,375,80.0,,,Canada,Bottle,1,24,14.95,358.8,1.18,0.0,Regular,R,False,False,False
2026-08-01,0311F,99900031105,CROWN ROYAL DELUXE,CANADIAN,50 ML,50,80.0,,,Canada,Bottle,1,60,2.0,120.0,1.18,0.0,Regular,R,False,False,False
2026-08-01,0311H,99900031117,CROWN ROYAL DELUXE,CANADIAN,1.75 L,1750,80.0,,,Canada,Bottle,1,6,49.95,299.7,0.84,-6.0,Regular,R,False,False,False
2026-08-01,0312B,99900031275,CANADIAN RICH AND RARE,CANADIAN,750 ML,750,80.0,,,Canada,Bottle,1,12,11.95,143.4,0.47,2.0,Regular,R,False,False,False
2026-08-01,0313B,99900031375,BLACK VELVET,CANADIAN,750 ML,750,80.0,,,Canada,Bottle,1,12,10.95,131.4,0.43,-1.0,Regular,R,False,False,False
2026-08-01,0313D,99900031320,BLACK VELVET,CANADIAN,200 ML,200,80.0,,,Canada,Bottle,1,48,5.25,252.0,0.77,0.0,Regular,R,False,False,False
2026-08-01,0313E,99900031337,BLACK VELVET,CANADIAN,375 ML,375,80.0,,,Canada,Bottle,1,24,6.95,166.8,0.55,0.0,Regular,R,False,False,False
2026-08-01,0313F,99900031305,BLACK VELVET,CANADIAN,50 ML,50,80.0,,,Canada,Bottle,1,120,1.5,180.0,0.88,0.0,Regular,R,False,False,False
2026-08-01,0313H,99900031317,BLACK VELVET,CANADIAN,1.75 L,1750,80.0,,,Canada,Bottle,1,6,23.95,143.7,0.4,4.0,Regular,R,False,False,False
2026-08-01,0314B,99900031475,CANADIAN RICH AND RARE,CANADIAN,750 ML,750,80.0,,,Canada,Bottle,1,12,9.95,119.4,0.39,0.0,Regular,R,False,False,False
2026-08-01,0314E,99900031437,CANADIAN RICH AND RARE,CANADIAN,375 ML,375,80.0,,,Canada,Bottle,1,24,5.95,142.8,0.47,0.0,Regular,R,False,False,False
2026-08-01,0314H,99900031417,CANADIAN RICH AND RARE,CANADIAN,1.75 L,1750,80.0,,,Canada,Bottle,1,6,20.95,125.7,0.35,0.0,Regular,R,False,False,False
2026-08-01,0316B,99900031675,DL FRANKLIN (OREGON),VODKA,750 ML,750,80.0,,,United States,Bottle,1,12,18.0,216.0,0.71,0.0,Regular,R,True,False,False
2026-08-01,0316F,99900031605,DL FRANKLIN (OREGON),VODKA,50 ML,50,80.0,,,United States,Bottle,1,49,4.0,196.0,2.35,0.0,One Time Buy,O,True,False,False
2026-08-01,0318H,99900031817,LORD CALVERT,CANADIAN,1.75 L,1750,80.0,3 YRS,36,Canada,Bottle,1,6,19.95,119.7,0.34,-2.0,Regular,R,False,False,False
2026-08-01,0319H,99900031917,WINDSOR CANADIAN BLENDED CANADIAN WHISKY,CANADIAN,1.75 L,1750,80.0,,,Canada,Bottle,1,6,17.95,107.7,0.3,0.0,Regular,R,False,False,False
2026-08-01,0321A,99900032110,PENDLETON,CANADIAN,LITER,1000,80.0,,,Canada,Bottle,1,6,29.95,179.7,0.89,0.0,Regular,R,False,False,False
2026-08-01,0321B,99900032175,PENDLETON,CANADIAN,750 ML,750,80.0,,,Canada,Bottle,1,12,27.95,335.4,1.1,3.0,Regular,R,False,False,False
2026-08-01,0321E,99900032137,PENDLETON,CANADIAN,375 ML,375,80.0,,,Canada,Bottle,1,12,14.95,179.4,1.18,0.0,Regular,R,False,False,False
2026-08-01,0321F,99900032105,PENDLETON,CANADIAN,50 ML,50,80.0,,,Canada,Bottle,1,120,2.0,240.0,1.18,0.0,Regular,R,False,False,False
2026-08-01,0321H,99900032117,PENDLETON,CANADIAN,1.75 L,1750,80.0,,,Canada,Bottle,1,6,48.95,293.7,0.83,-4.0,Regular,R,False,False,True
2026-08-01,0323B,99900032375,MONARCH CANADIAN,CANADIAN,750 ML,750,80.0,,,Canada,Bottle,1,12,9.95,119.4,0.39,0.0,Regular,R,True,False,False
2026-08-01,0323E,99900032337,MONARCH CANADIAN,CANADIAN,375 ML,375,80.0,,,Canada,Bottle,1,24,5.95,142.8,0.47,0.0,Regular,R,True,False,False
2026-08-01,0323H,99900032317,MONARCH CANADIAN,CANADIAN,1.75 L,1750,80.0,,,Canada,Bottle,1,6,18.95,113.7,0.32,0.0,Regular,R,True,False,False
2026-08-01,0324H,99900032417,WESTERN CANADIAN,CANADIAN,1.75 L,1750,80.0,4 YRS,48,Canada,Bottle,1,6,17.95,107.7,0.3,0.0,Regular,R,False,False,False
2026-08-01,0326B,99900032675,CANADIAN LTD,CANADIAN,750 ML,750,80.0,,,Canada,Bottle,1,12,8.95,107.4,0.35,0.0,Regular,R,False,False,False
2026-08-01,0326H,99900032617,CANADIAN LTD,CANADIAN,1.75 L,1750,80.0,,,Canada,Bottle,1,6,17.95,107.7,0.3,0.0,Regular,R,False,False,False
2026-08-01,0327B,99900032775,CANADIAN HUNTER,CANADIAN,750 ML,750,80.0,,,Canada,Bottle,1,12,10.95,131.4,0.43,1.0,Regular,R,False,False,False
2026-08-01,0327H,99900032717,CANADIAN HUNTER,CANADIAN,1.75 L,1750,80.0,,,Canada,Bottle,1,6,17.95,107.7,0.3,0.0,Regular,R,False,False,False
2026-08-01,0328B,99900032875,CANADIAN MIST,CANADIAN,750 ML,750,80.0,,,Canada,Bottle,1,12,9.95,119.4,0.39,-2.0,Regular,R,False,False,False
2026-08-01,0334B,99900033475,CANADIAN CLUB CLASSIC 12 YEAR,CANADIAN,750 ML,750,80.0,12 YRS,144,Canada,Bottle,1,12,21.95,263.4,0.86,0.0,Regular,R,False,False,False
2026-08-01,0337B,99900033775,GLENFIDDICH ANCIENT RESERVE SINGLE MALT,SCOTCH,750 ML,750,86.0,18 YRS,216,Scotland,Bottle,1,6,179.95,1079.7,7.08,10.0,Limited Listing,L,False,False,False
2026-08-01,0338B,99900033875,LAUDERS SCOTCH,SCOTCH,750 ML,750,80.0,,,Scotland,Bottle,1,12,9.95,119.4,0.39,0.0,Regular,R,False,False,False
2026-08-01,0338H,99900033817,LAUDERS SCOTCH,SCOTCH,1.75 L,1750,80.0,,,Scotland,Bottle,1,6,17.95,107.7,0.3,0.0,Regular,R,False,False,False
2026-08-01,0344B,99900034475,MONARCH CANADIAN LT. WGT.,CANADIAN,750 ML,750,80.0,,,Canada,Bottle,1,12,8.95,107.4,0.35,0.0,Regular,R,True,False,False
2026-08-01,0345B,99900034575,BLACK VELVET CANADIAN RESERVE WHISKEY,CANADIAN,750 ML,750,80.0,10 YRS,120,Canada,Bottle,1,12,15.95,191.4,0.63,2.0,Regular,R,False,False,False
2026-08-01,0345H,99900034517,BLACK VELVET CANADIAN RESERVE WHISKEY,CANADIAN,1.75 L,1750,80.0,10 YRS,120,Canada,Bottle,1,6,26.95,161.7,0.46,-3.0,Regular,R,False,False,False
2026-08-01,0346B,99900034675,CUTTY SARK,SCOTCH,750 ML,750,86.0,,,Scotland,Bottle,1,12,19.95,239.4,0.79,0.0,Regular,R,False,False,False
2026-08-01,0346H,99900034617,CUTTY SARK,SCOTCH,1.75 L,1750,86.0,,,Scotland,Bottle,1,6,29.95,179.7,0.51,-6.0,Regular,R,False,False,False
2026-08-01,0350H,99900035017,OLD SMUGGLER,SCOTCH,1.75 L,1750,80.0,,,Scotland,Bottle,1,6,27.95,167.7,0.47,2.0,Regular,R,False,False,False
2026-08-01,0352B,99900035275,DEWAR'S WHITE LABEL,SCOTCH,750 ML,750,80.0,,,Scotland,Bottle,1,12,24.95,299.4,0.98,5.0,Regular,R,False,False,False
2026-08-01,0352H,99900035217,DEWAR'S WHITE LABEL,SCOTCH,1.75 L,1750,80.0,,,Scotland,Bottle,1,6,39.95,239.7,0.67,-5.0,Regular,R,False,False,False
2026-08-01,0356A,99900035610,JOHNNIE WALKER RED LABEL,SCOTCH,LITER,1000,80.0,,,Scotland,Bottle,1,12,28.95,347.4,0.86,0.0,Regular,R,False,False,False
2026-08-01,0356B,99900035675,JOHNNIE WALKER RED LABEL,SCOTCH,750 ML,750,80.0,,,Scotland,Bottle,1,12,26.95,323.4,1.06,7.0,Regular,R,False,False,False
2026-08-01,0356E,99900035637,JOHNNIE WALKER RED LABEL,SCOTCH,375 ML,375,80.0,,,Scotland,Bottle,1,24,14.95,358.8,1.18,0.0,Regular,R,False,False,False
2026-08-01,0356H,99900035617,JOHNNIE WALKER RED LABEL,SCOTCH,1.75 L,1750,80.0,,,Scotland,Bottle,1,6,42.95,257.7,0.73,-5.0,Regular,R,False,False,False
2026-08-01,0357B,99900035775,JOHNNIE WALKER BLACK,SCOTCH,750 ML,750,80.0,12 YRS,144,Scotland,Bottle,1,12,39.95,479.4,1.57,5.0,Regular,R,False,False,False
2026-08-01,0357E,99900035737,JOHNNIE WALKER BLACK,SCOTCH,375 ML,375,80.0,12 YRS,144,Scotland,Bottle,1,24,21.95,526.8,1.73,0.0,Limited Listing,L,False,False,False
2026-08-01,0357H,99900035717,JOHNNIE WALKER BLACK,SCOTCH,1.75 L,1750,80.0,12 YRS,144,Scotland,Bottle,1,6,69.95,419.7,1.18,0.0,Regular,R,False,False,False
2026-08-01,0358B,99900035875,GLENFARCLAS 12 YEAR SCOTCH,SCOTCH,750 ML,750,86.0,12 YRS,144,Scotland,Bottle,1,6,75.95,455.7,2.99,0.0,Limited Listing,L,False,False,False
2026-08-01,0360B,99900036075,BALLANTINE'S (SQUARE BOTTLE),SCOTCH,750 ML,750,80.0,,,Scotland,Bottle,1,12,17.95,215.4,0.71,0.0,Regular,R,False,False,False
2026-08-01,0360H,99900036017,BALLANTINE'S (SQUARE BOTTLE),SCOTCH,1.75 L,1750,80.0,,,Scotland,Bottle,1,6,31.95,191.7,0.54,-3.0,Regular,R,False,False,True
2026-08-01,0362H,99900036217,HOUSE OF STUART,SCOTCH,1.75 L,1750,80.0,36 MOS,36,Scotland,Bottle,1,6,21.95,131.7,0.37,0.0,Regular,R,False,False,False
2026-08-01,0365B,99900036575,GRANT'S BLENDED SCOTCH,SCOTCH,750 ML,750,80.0,,,Scotland,Bottle,1,12,17.95,215.4,0.71,0.0,Regular,R,False,False,False
2026-08-01,0368B,99900036875,THE FAMOUS GROUSE,SCOTCH,750 ML,750,80.0,,,Scotland,Bottle,1,12,25.95,311.4,1.02,0.0,Regular,R,False,False,False
2026-08-01,0368H,99900036817,THE FAMOUS GROUSE,SCOTCH,1.75 L,1750,80.0,,,Scotland,Bottle,1,6,44.95,269.7,0.76,0.0,Regular,R,False,False,False
2026-08-01,0370B,99900037075,CLAN MACGREGOR SCOTCH,SCOTCH,750 ML,750,80.0,,,Scotland,Bottle,1,12,12.95,155.4,0.51,0.0,Regular,R,False,False,False
2026-08-01,0370H,99900037017,CLAN MACGREGOR SCOTCH,SCOTCH,1.75 L,1750,80.0,,,Scotland,Bottle,1,6,23.95,143.7,0.4,0.0,Regular,R,False,False,False
2026-08-01,0371B,99900037175,THE GLENLIVET 18 YEAR OLD,SCOTCH,750 ML,750,86.0,18 YRS,216,Scotland,Bottle,1,6,149.95,899.7,5.9,0.0,Regular,R,False,False,False
2026-08-01,0372B,99900037275,J & B RARE SCOTCH,SCOTCH,750 ML,750,86.0,,,Scotland,Bottle,1,12,21.95,263.4,0.86,0.0,Regular,R,False,False,False
2026-08-01,0372H,99900037217,J & B RARE SCOTCH,SCOTCH,1.75 L,1750,86.0,,,Scotland,Bottle,1,6,39.95,239.7,0.67,0.0,Regular,R,False,False,False
2026-08-01,0373B,99900037375,ASTRAL BLANCO TEQUILA,TEQUILA,750 ML,750,80.0,,,Mexico,Bottle,1,6,19.95,119.7,0.79,0.0,Limited Listing,L,False,False,False
2026-08-01,0376B,99900037675,THE GLENLIVET 12 YEAR OLD,SCOTCH,750 ML,750,80.0,12 YRS,144,Scotland,Bottle,1,12,54.95,659.4,2.16,0.0,Regular,R,False,False,False
2026-08-01,0376E,99900037637,THE GLENLIVET 12 YEAR OLD,SCOTCH,375 ML,375,80.0,12 YRS,144,Scotland,Bottle,1,12,32.95,395.4,2.59,0.0,Regular,R,False,False,False
2026-08-01,0376H,99900037617,THE GLENLIVET 12 YEAR OLD,SCOTCH,1.75 L,1750,80.0,12 YRS,144,Scotland,Bottle,1,6,114.95,689.7,1.94,0.0,Regular,R,False,False,False
2026-08-01,0379B,99900037975,GLENMORANGIE 18 YEAR OLD SCOTCH,SCOTCH,750 ML,750,86.0,18 YRS,216,Scotland,Bottle,1,6,149.95,899.7,5.9,0.0,Regular,R,False,False,False
2026-08-01,0383B,99900038375,CHIVAS REGAL,SCOTCH,750 ML,750,80.0,,,Scotland,Bottle,1,12,34.95,419.4,1.38,0.0,Regular,R,False,False,False
2026-08-01,0383H,99900038317,CHIVAS REGAL,SCOTCH,1.75 L,1750,80.0,,,Scotland,Bottle,1,6,69.95,419.7,1.18,0.0,Regular,R,False,False,False
2026-08-01,0386B,99900038675,POWERS GOLD,IRISH,750 ML,750,80.0,,,Republic of Ireland,Bottle,1,12,34.95,419.4,1.38,0.0,Regular,R,False,False,False
2026-08-01,0387B,99900038775,SPEYBURN 10 YEAR SCOTCH BOTTLED SCOTLAND,SCOTCH,750 ML,750,80.0,10 YRS,120,Scotland,Bottle,1,6,29.95,179.7,1.18,0.0,Regular,R,False,False,False
2026-08-01,0388B,99900038875,SCORESBY SCOTCH BLEND,SCOTCH,750 ML,750,80.0,,,Scotland,Bottle,1,12,11.95,143.4,0.47,0.0,Regular,R,False,False,False
2026-08-01,0388H,99900038817,SCORESBY SCOTCH BLEND,SCOTCH,1.75 L,1750,80.0,,,Scotland,Bottle,1,6,21.95,131.7,0.37,0.0,Regular,R,False,False,False
2026-08-01,0390B,99900039075,BUSHMILLS IRISH,IRISH,750 ML,750,80.0,,,Republic of Ireland,Bottle,1,12,29.95,359.4,1.18,5.0,Regular,R,False,False,False
2026-08-01,0390E,99900039037,BUSHMILLS IRISH,IRISH,375 ML,375,80.0,,,Republic of Ireland,Bottle,1,24,16.95,406.8,1.33,0.0,Regular,R,False,False,False
2026-08-01,0390H,99900039017,BUSHMILLS IRISH,IRISH,1.75 L,1750,80.0,,,Republic of Ireland,Bottle,1,6,51.95,311.7,0.88,-5.0,Regular,R,False,False,False
2026-08-01,0391A,99900039110,JAMESON IRISH WHISKEY,IRISH,LITER,1000,80.0,,,Republic of Ireland,Bottle,1,12,39.95,479.4,1.18,5.0,Regular,R,False,False,False
2026-08-01,0391B,99900039175,JAMESON IRISH WHISKEY,IRISH,750 ML,750,80.0,,,Republic of Ireland,Bottle,1,12,26.95,323.4,1.06,-3.0,Regular,R,False,False,False
2026-08-01,0391D,99900039120,JAMESON IRISH WHISKEY,IRISH,200 ML,200,80.0,,,Republic of Ireland,Bottle,1,24,9.95,238.8,1.46,0.0,Regular,R,False,False,False
2026-08-01,0392B,99900039275,GLENFIDDICH 15 YR SOLERA,SCOTCH,750 ML,750,80.0,15 YRS,180,Scotland,Bottle,1,12,89.95,1079.4,3.54,10.0,Regular,R,False,False,False
2026-08-01,0393B,99900039375,BUSHMILLS SINGLE MALT,IRISH,750 ML,750,80.0,10 YRS,120,Republic of Ireland,Bottle,1,6,49.95,299.7,1.97,0.0,Regular,R,False,False,False
2026-08-01,0394B,99900039475,TULLAMORE DEW,IRISH,750 ML,750,80.0,,,Republic of Ireland,Bottle,1,12,29.95,359.4,1.18,0.0,Regular,R,False,False,False
2026-08-01,0394E,99900039437,TULLAMORE DEW,IRISH,375 ML,375,80.0,,,Republic of Ireland,Bottle,1,12,18.95,227.4,1.49,0.0,Limited Listing,L,False,False,False
2026-08-01,0394H,99900039417,TULLAMORE DEW,IRISH,1.75 L,1750,80.0,,,Republic of Ireland,Bottle,1,6,54.95,329.7,0.93,-3.0,Regular,R,False,False,False
2026-08-01,0395B,99900039575,MR BOSTON APRICOT BRANDY,BRANDY / COGNAC,750 ML,750,70.0,,,United States,Bottle,1,12,10.45,125.4,0.41,1.0,Regular,R,False,False,False
2026-08-01,0395H,99900039517,MR BOSTON APRICOT BRANDY,BRANDY / COGNAC,1.75 L,1750,70.0,,,United States,Bottle,1,6,20.95,125.7,0.35,0.0,Regular,R,False,False,False
2026-08-01,0399B,99900039975,KORBEL BRANDY,BRANDY / COGNAC,750 ML,750,80.0,,,,Bottle,1,12,15.95,191.4,0.63,0.0,Regular,R,False,False,False
2026-08-01,0399H,99900039917,KORBEL BRANDY,BRANDY / COGNAC,1.75 L,1750,80.0,,,,Bottle,1,6,30.95,185.7,0.52,0.0,Regular,R,False,False,False
2026-08-01,0402H,99900040217,LEJON BRANDY,BRANDY / COGNAC,1.75 L,1750,80.0,,,,Bottle,1,6,21.95,131.7,0.37,0.0,Regular,R,False,False,False
2026-08-01,0403B,99900040375,RAYNAL VSOP NAPOLEON,BRANDY / COGNAC,750 ML,750,80.0,10 YRS,120,,Bottle,1,12,16.95,203.4,0.67,0.0,Regular,R,False,False,False
2026-08-01,0405B,99900040575,MR BOSTON BLACKBERRY BRANDY,BRANDY / COGNAC,750 ML,750,70.0,,,United States,Bottle,1,12,10.45,125.4,0.41,1.0,Regular,R,False,False,False
2026-08-01,0405E,99900040537,MR BOSTON BLACKBERRY BRANDY,BRANDY / COGNAC,375 ML,375,70.0,,,United States,Bottle,1,24,6.45,154.8,0.51,0.0,Regular,R,False,False,False
2026-08-01,0405H,99900040517,MR BOSTON BLACKBERRY BRANDY,BRANDY / COGNAC,1.75 L,1750,70.0,,,United States,Bottle,1,6,20.95,125.7,0.35,0.0,Regular,R,False,False,False
2026-08-01,0409B,99900040975,E & J GALLO SUPERIOR RESERVE VSOP,BRANDY / COGNAC,750 ML,750,80.0,,,United States,Bottle,1,12,14.95,179.4,0.59,0.0,Regular,R,False,False,False
2026-08-01,0409H,99900040917,E & J GALLO SUPERIOR RESERVE VSOP,BRANDY / COGNAC,1.75 L,1750,80.0,,,United States,Bottle,1,6,28.95,173.7,0.49,0.0,Regular,R,False,False,False
2026-08-01,0411B,99900041175,MONARCH BRANDY,BRANDY / COGNAC,750 ML,750,80.0,,,Canada,Bottle,1,12,12.95,155.4,0.51,0.0,Regular,R,True,False,False
2026-08-01,0411H,99900041117,MONARCH BRANDY,BRANDY / COGNAC,1.75 L,1750,80.0,,,Canada,Bottle,1,6,24.95,149.7,0.42,0.0,Regular,R,True,False,False
2026-08-01,0412E,99900041237,CLEAR CREEK APPLE BRANDY 8 YEAR,BRANDY / COGNAC,375 ML,375,80.0,8 YRS,96,United States,Bottle,1,12,29.95,359.4,2.36,0.0,Limited Listing,L,True,False,False
2026-08-01,0412I,99900041270,CLEAR CREEK APPLE BRANDY 8 YEAR,BRANDY / COGNAC,700 ML,700,80.0,8 YRS,96,United States,Bottle,1,6,49.95,299.7,2.11,0.0,Limited Listing,L,True,False,False
2026-08-01,0413E,99900041337,CLEAR CREEK APPLE BRANDY,BRANDY / COGNAC,375 ML,375,80.0,2 YRS,24,United States,Bottle,1,12,24.95,299.4,1.96,0.0,Limited Listing,L,True,False,False
2026-08-01,0413I,99900041370,CLEAR CREEK APPLE BRANDY,BRANDY / COGNAC,700 ML,700,80.0,2 YRS,24,United States,Bottle,1,12,39.95,479.4,1.69,0.0,Regular,R,True,False,False
2026-08-01,0414B,99900041475,MR BOSTON PEACH BRANDY,BRANDY / COGNAC,750 ML,750,70.0,,,United States,Bottle,1,12,10.45,125.4,0.41,1.0,Regular,R,False,False,False
2026-08-01,0418B,99900041875,PAUL MASSON GRANDE AMBER,BRANDY / COGNAC,750 ML,750,80.0,,,,Bottle,1,12,9.95,119.4,0.39,0.0,Regular,R,False,False,False
2026-08-01,0418H,99900041817,PAUL MASSON GRANDE AMBER,BRANDY / COGNAC,1.75 L,1750,80.0,,,,Bottle,1,6,19.95,119.7,0.34,0.0,Regular,R,False,False,False
2026-08-01,0419B,99900041975,CHRISTIAN BRANDY AMBER BRANDY,BRANDY / COGNAC,750 ML,750,80.0,,,United States,Bottle,1,12,13.95,167.4,0.55,2.0,Regular,R,False,False,False
2026-08-01,0419D,99900041920,CHRISTIAN BRANDY AMBER BRANDY,BRANDY / COGNAC,200 ML,200,80.0,,,United States,Bottle,1,48,4.45,213.6,0.65,0.0,Regular,R,False,False,False
2026-08-01,0419E,99900041937,CHRISTIAN BRANDY AMBER BRANDY,BRANDY / COGNAC,375 ML,375,80.0,,,United States,Bottle,1,24,6.95,166.8,0.55,0.0,Regular,R,False,False,False
2026-08-01,0419F,99900041905,CHRISTIAN BRANDY AMBER BRANDY,BRANDY / COGNAC,50 ML,50,80.0,,,United States,Bottle,1,120,1.75,210.0,1.03,0.0,Limited Listing,L,False,False,False
2026-08-01,0419H,99900041917,CHRISTIAN BRANDY AMBER BRANDY,BRANDY / COGNAC,1.75 L,1750,80.0,,,United States,Bottle,1,6,24.95,149.7,0.42,-3.0,Regular,R,False,False,False
2026-08-01,0423B,99900042375,KORBEL EXTRA SMOOTH BRANDY,BRANDY / COGNAC,750 ML,750,80.0,,,,Bottle,1,12,15.95,191.4,0.63,0.0,Regular,R,False,False,False
2026-08-01,0424H,99900042417,POTTERS BRANDY,BRANDY / COGNAC,1.75 L,1750,80.0,,,United States,Bottle,1,6,20.95,125.7,0.35,0.0,Regular,R,False,False,False
2026-08-01,0425B,99900042575,E & J VS BRANDY,BRANDY / COGNAC,750 ML,750,80.0,,,United States,Bottle,1,12,12.95,155.4,0.51,0.0,Regular,R,False,False,False
2026-08-01,0425E,99900042537,E & J VS BRANDY,BRANDY / COGNAC,375 ML,375,80.0,,,United States,Bottle,1,24,7.45,178.8,0.59,0.0,Regular,R,False,False,False
2026-08-01,0425H,99900042517,E & J VS BRANDY,BRANDY / COGNAC,1.75 L,1750,80.0,,,United States,Bottle,1,6,27.95,167.7,0.47,0.0,Regular,R,False,False,False
2026-08-01,0426B,99900042675,KNOB CREEK SMOKED MAPLE,DOMESTIC WHISKEY,750 ML,750,90.0,,,United States,Bottle,1,6,38.95,233.7,1.53,0.0,Regular,R,False,False,False
2026-08-01,0427B,99900042775,ST REMY NAPOLEON VSOP,BRANDY / COGNAC,750 ML,750,80.0,,,France,Bottle,1,12,16.95,203.4,0.67,0.0,Regular,R,False,False,False
2026-08-01,0430E,99900043037,CLEAR CREEK PEAR BRANDY,BRANDY / COGNAC,375 ML,375,80.0,,,United States,Bottle,1,12,29.95,359.4,2.36,0.0,Limited Listing,L,True,False,False
2026-08-01,0430I,99900043070,CLEAR CREEK PEAR BRANDY,BRANDY / COGNAC,700 ML,700,80.0,,,United States,Bottle,1,12,44.95,539.4,1.9,0.0,Regular,R,True,False,False
2026-08-01,0433E,99900043337,CLEAR CREEK CASSIS,CORDIALS,375 ML,375,41.4,,,United States,Bottle,1,12,24.95,299.4,1.96,0.0,Limited Listing,L,True,False,False
2026-08-01,0434E,99900043437,CLEAR CREEK CHERRY LIQUEUR,CORDIALS,375 ML,375,42.9,,,United States,Bottle,1,12,24.95,299.4,1.96,0.0,Limited Listing,L,True,False,False
2026-08-01,0436A,99900043610,HENNESSY V S,BRANDY / COGNAC,LITER,1000,80.0,,,France,Bottle,1,12,54.95,659.4,1.63,0.0,Regular,R,False,False,False
2026-08-01,0436B,99900043675,HENNESSY V S,BRANDY / COGNAC,750 ML,750,80.0,,,France,Bottle,1,12,39.95,479.4,1.57,0.0,Regular,R,False,False,False
2026-08-01,0436E,99900043637,HENNESSY V S,BRANDY / COGNAC,375 ML,375,80.0,,,France,Bottle,1,12,21.95,263.4,1.73,0.0,Regular,R,False,False,False
2026-08-01,0436F,99900043605,HENNESSY V S,BRANDY / COGNAC,50 ML,50,80.0,,,France,Bottle,1,120,5.5,660.0,3.24,0.0,Limited Listing,L,False,False,False
2026-08-01,0436H,99900043617,HENNESSY V S,BRANDY / COGNAC,1.75 L,1750,80.0,,,France,Bottle,1,6,84.95,509.7,1.43,0.0,Regular,R,False,False,False
2026-08-01,0437B,99900043775,MARTELL VS,BRANDY / COGNAC,750 ML,750,80.0,,,,Bottle,1,12,34.95,419.4,1.38,0.0,Limited Listing,L,False,False,False
2026-08-01,0439B,99900043975,COURVOISIER V S,BRANDY / COGNAC,750 ML,750,80.0,,,France,Bottle,1,12,29.95,359.4,1.18,0.0,Regular,R,False,False,False
2026-08-01,0439E,99900043937,COURVOISIER V S,BRANDY / COGNAC,375 ML,375,80.0,,,France,Bottle,1,12,16.95,203.4,1.33,0.0,Regular,R,False,False,False
2026-08-01,0439F,99900043905,COURVOISIER V S,BRANDY / COGNAC,50 ML,50,80.0,,,France,Bottle,1,144,4.0,576.0,2.35,0.0,Limited Listing,L,False,False,False
2026-08-01,0439H,99900043917,COURVOISIER V S,BRANDY / COGNAC,1.75 L,1750,80.0,,,France,Bottle,1,6,59.95,359.7,1.01,0.0,Regular,R,False,False,False
2026-08-01,0441I,99900044170,CLEAR CREEK BLUE PLUM BRANDY,BRANDY / COGNAC,700 ML,700,80.0,,,United States,Bottle,1,6,46.95,281.7,1.98,0.0,Limited Listing,L,True,False,False
2026-08-01,0443B,99900044375,REMY MARTIN VSOP,BRANDY / COGNAC,750 ML,750,80.0,,,France,Bottle,1,12,49.95,599.4,1.97,0.0,Regular,R,False,False,False
2026-08-01,0443H,99900044317,REMY MARTIN VSOP,BRANDY / COGNAC,1.75 L,1750,80.0,,,France,Bottle,1,6,109.95,659.7,1.86,0.0,Limited Listing,L,False,False,False
2026-08-01,0450B,99900045075,MICHTER'S US * 1 AMERICAN WHISKEY,DOMESTIC WHISKEY,750 ML,750,83.4,,,United States,Bottle,1,6,49.95,299.7,1.97,4.0,Regular,R,False,False,False
2026-08-01,0453B,99900045375,KORBEL GOLD RESERVE VSOP BRANDY,BRANDY / COGNAC,750 ML,750,90.0,,,,Bottle,1,6,18.95,113.7,0.75,0.0,Regular,R,False,False,False
2026-08-01,0455E,99900045537,CLEAR CREEK LOGANBERRY LIQUEUR,BRANDY / COGNAC,375 ML,375,36.1,,,United States,Bottle,1,12,24.95,299.4,1.96,0.0,Limited Listing,L,True,False,False
2026-08-01,0456I,99900045670,CLEAR CREEK OREGON WINE BRANDY,BRANDY / COGNAC,700 ML,700,80.0,,,United States,Bottle,1,6,44.95,269.7,1.9,0.0,Limited Listing,L,True,False,False
2026-08-01,0457B,99900045775,APPLETON ESTATE SIGNATURE BLEND,RUM,750 ML,750,80.0,,,,Bottle,1,12,22.95,275.4,0.9,3.0,Regular,R,False,False,False
2026-08-01,0457H,99900045717,APPLETON ESTATE SIGNATURE BLEND,RUM,1.75 L,1750,80.0,,,,Bottle,1,6,44.95,269.7,0.76,5.0,Limited Listing,L,False,False,False
2026-08-01,0458B,99900045875,MYERS ORIGINAL DARK RUM,RUM,750 ML,750,80.0,,,,Bottle,1,12,19.95,239.4,0.79,0.0,Regular,R,False,False,False
2026-08-01,0458E,99900045837,MYERS ORIGINAL DARK RUM,RUM,375 ML,375,80.0,,,,Bottle,1,24,10.95,262.8,0.86,0.0,Limited Listing,L,False,False,False
2026-08-01,0458H,99900045817,MYERS ORIGINAL DARK RUM,RUM,1.75 L,1750,80.0,,,,Bottle,1,6,39.95,239.7,0.67,0.0,Regular,R,False,False,False
2026-08-01,0459B,99900045975,MONARCH PLATA WHITE (SILVER),RUM,750 ML,750,80.0,,,Canada,Bottle,1,12,8.95,107.4,0.35,0.0,Regular,R,True,False,False
2026-08-01,0459E,99900045937,MONARCH PLATA WHITE (SILVER),RUM,375 ML,375,80.0,,,Canada,Bottle,1,24,6.95,166.8,0.55,0.0,Regular,R,True,False,False
2026-08-01,0459H,99900045917,MONARCH PLATA WHITE (SILVER),RUM,1.75 L,1750,80.0,,,Canada,Bottle,1,6,17.95,107.7,0.3,0.0,Regular,R,True,False,False
2026-08-01,0460A,99900046010,BACARDI SUPERIOR RUM,RUM,LITER,1000,80.0,,,Puerto Rico,Bottle,1,12,18.95,227.4,0.56,0.0,Regular,R,False,False,False
2026-08-01,0460B,99900046075,BACARDI SUPERIOR RUM,RUM,750 ML,750,80.0,,,Puerto Rico,Bottle,1,12,14.95,179.4,0.59,-2.0,Regular,R,False,False,False
2026-08-01,0460D,99900046020,BACARDI SUPERIOR RUM,RUM,200 ML,200,80.0,,,Puerto Rico,Bottle,1,24,4.95,118.8,0.73,0.0,Regular,R,False,False,False
2026-08-01,0460E,99900046037,BACARDI SUPERIOR RUM,RUM,375 ML,375,80.0,,,Puerto Rico,Bottle,1,24,9.95,238.8,0.78,0.0,Regular,R,False,False,False
2026-08-01,0460F,99900046005,BACARDI SUPERIOR RUM,RUM,50 ML,50,80.0,,,Puerto Rico,Bottle,1,120,1.75,210.0,1.03,0.0,Regular,R,False,False,False
2026-08-01,0460H,99900046017,BACARDI SUPERIOR RUM,RUM,1.75 L,1750,80.0,,,Puerto Rico,Bottle,1,6,29.95,179.7,0.51,2.0,Regular,R,False,False,False
2026-08-01,0462B,99900046275,MONARCH 151 PROOF,RUM,750 ML,750,151.0,,,Canada,Bottle,1,12,19.95,239.4,0.79,0.0,Regular,R,True,False,False
2026-08-01,0463B,99900046375,CASTILLO WHITE,RUM,750 ML,750,80.0,,,Puerto Rico,Bottle,1,12,9.95,119.4,0.39,0.0,Regular,R,False,False,False
2026-08-01,0463H,99900046317,CASTILLO WHITE,RUM,1.75 L,1750,80.0,,,Puerto Rico,Bottle,1,6,20.95,125.7,0.35,0.0,Regular,R,False,False,False
2026-08-01,0464H,99900046417,CASTILLO GOLD,RUM,1.75 L,1750,80.0,,,Puerto Rico,Bottle,1,6,20.95,125.7,0.35,0.0,Regular,R,False,False,False
2026-08-01,0465B,99900046575,MONARCH PLATA WHITE (SILVER),RUM,750 ML,750,80.0,,,Canada,Bottle,1,12,8.95,107.4,0.35,0.0,Regular,R,True,False,False
2026-08-01,0467B,99900046775,POTTERS GOLD,RUM,750 ML,750,80.0,,,United States,Bottle,1,12,8.95,107.4,0.35,0.0,Regular,R,False,False,False
2026-08-01,0467H,99900046717,POTTERS GOLD,RUM,1.75 L,1750,80.0,,,United States,Bottle,1,6,17.95,107.7,0.3,0.0,Regular,R,False,False,False
2026-08-01,0468B,99900046875,MONARCH DARK,RUM,750 ML,750,80.0,,,Canada,Bottle,1,12,9.95,119.4,0.39,0.0,Regular,R,True,False,False
2026-08-01,0470B,99900047075,BACARDI LIMON RUM SPECIALTY,RUM,750 ML,750,70.0,,,Puerto Rico,Bottle,1,12,14.95,179.4,0.59,-2.0,Regular,R,False,False,False
2026-08-01,0470H,99900047017,BACARDI LIMON RUM SPECIALTY,RUM,1.75 L,1750,70.0,,,Puerto Rico,Bottle,1,6,29.95,179.7,0.51,2.0,Regular,R,False,False,False
2026-08-01,0472B,99900047275,MONTEGO BAY WHITE,RUM,750 ML,750,80.0,,,,Bottle,1,12,8.95,107.4,0.35,0.0,Regular,R,False,False,False
2026-08-01,0472H,99900047217,MONTEGO BAY WHITE,RUM,1.75 L,1750,80.0,,,,Bottle,1,6,17.95,107.7,0.3,0.0,Regular,R,False,False,False
2026-08-01,0473B,99900047375,MONTEGO BAY GOLD,RUM,750 ML,750,80.0,,,,Bottle,1,12,8.95,107.4,0.35,0.0,Regular,R,False,False,False
2026-08-01,0473H,99900047317,MONTEGO BAY GOLD,RUM,1.75 L,1750,80.0,,,,Bottle,1,6,17.95,107.7,0.3,0.0,Regular,R,False,False,False
2026-08-01,0475A,99900047510,CAPTAIN MORGAN ORIGINAL SPICED*,RUM,LITER,1000,70.0,,,Puerto Rico,Bottle,1,12,18.95,227.4,0.56,0.0,Regular,R,False,False,False
2026-08-01,0475B,99900047575,CAPTAIN MORGAN ORIGINAL SPICED*,RUM,750 ML,750,70.0,,,Puerto Rico,Bottle,1,12,16.95,203.4,0.67,0.0,Regular,R,False,False,False
2026-08-01,0475E,99900047537,CAPTAIN MORGAN ORIGINAL SPICED*,RUM,375 ML,375,70.0,,,Puerto Rico,Bottle,1,24,9.95,238.8,0.78,0.0,Regular,R,False,False,False
2026-08-01,0475F,99900047505,CAPTAIN MORGAN ORIGINAL SPICED*,RUM,50 ML,50,70.0,,,Puerto Rico,Bottle,1,120,2.0,240.0,1.18,0.0,Regular,R,False,False,False
2026-08-01,0475H,99900047517,CAPTAIN MORGAN ORIGINAL SPICED*,RUM,1.75 L,1750,70.0,,,Puerto Rico,Bottle,1,6,26.95,161.7,0.46,-3.0,Regular,R,False,False,False
2026-08-01,0476A,99900047610,BACARDI GOLD DARK RUM,RUM,LITER,1000,80.0,,,Puerto Rico,Bottle,1,12,18.95,227.4,0.56,0.0,Regular,R,False,False,False
2026-08-01,0476B,99900047675,BACARDI GOLD DARK RUM,RUM,750 ML,750,80.0,,,Puerto Rico,Bottle,1,12,14.95,179.4,0.59,-2.0,Regular,R,False,False,False
2026-08-01,0476E,99900047637,BACARDI GOLD DARK RUM,RUM,375 ML,375,80.0,,,Puerto Rico,Bottle,1,24,9.95,238.8,0.78,0.0,Regular,R,False,False,False
2026-08-01,0476F,99900047605,BACARDI GOLD DARK RUM,RUM,50 ML,50,80.0,,,Puerto Rico,Bottle,1,120,1.75,210.0,1.03,0.0,Limited Listing,L,False,False,False
2026-08-01,0476H,99900047617,BACARDI GOLD DARK RUM,RUM,1.75 L,1750,80.0,,,Puerto Rico,Bottle,1,6,29.95,179.7,0.51,2.0,Regular,R,False,False,False
2026-08-01,0477B,99900047775,BACARDI BLACK RUM,RUM,750 ML,750,80.0,,,Puerto Rico,Bottle,1,12,14.95,179.4,0.59,-2.0,Regular,R,False,False,False
2026-08-01,0477H,99900047717,BACARDI BLACK RUM,RUM,1.75 L,1750,80.0,,,Puerto Rico,Bottle,1,6,29.95,179.7,0.51,2.0,Regular,R,False,False,False
2026-08-01,0478B,99900047875,CAPTAIN MORGAN SILVER SPICED*,RUM,750 ML,750,70.0,,,Puerto Rico,Bottle,1,12,19.95,239.4,0.79,0.0,Regular,R,False,False,False
2026-08-01,0480B,99900048075,CAPTAIN MORGAN PRIVATE STOCK SPICED RUM,RUM,750 ML,750,80.0,,,Puerto Rico,Bottle,1,12,24.95,299.4,0.98,0.0,Regular,R,False,False,False
2026-08-01,0480H,99900048017,CAPTAIN MORGAN PRIVATE STOCK SPICED RUM,RUM,1.75 L,1750,80.0,,,Puerto Rico,Bottle,1,6,42.95,257.7,0.73,0.0,Regular,R,False,False,False
2026-08-01,0481B,99900048175,RONRICO WHITE RUM,RUM,750 ML,750,80.0,,,,Bottle,1,12,8.95,107.4,0.35,0.0,Regular,R,False,False,False
2026-08-01,0481H,99900048117,RONRICO WHITE RUM,RUM,1.75 L,1750,80.0,,,,Bottle,1,6,19.95,119.7,0.34,0.0,Regular,R,False,False,False
2026-08-01,0482B,99900048275,BULL RUN STRAIGHT BOURBON,DOMESTIC WHISKEY,750 ML,750,84.0,,,United States,Bottle,1,6,44.95,269.7,1.77,0.0,Regular,R,True,False,False
2026-08-01,0483B,99900048375,BARBAROSSA SPICED,RUM,750 ML,750,70.0,,,,Bottle,1,12,8.95,107.4,0.35,-1.0,Regular,R,False,False,False
2026-08-01,0483H,99900048317,BARBAROSSA SPICED,RUM,1.75 L,1750,70.0,,,,Bottle,1,6,18.95,113.7,0.32,1.0,Regular,R,False,False,False
2026-08-01,0484B,99900048475,BACARDI GOLD DARK RUM,RUM,750 ML,750,80.0,,,Puerto Rico,Bottle,1,12,14.95,179.4,0.59,-2.0,Regular,R,False,False,False
2026-08-01,0484H,99900048417,BACARDI GOLD DARK RUM,RUM,1.75 L,1750,80.0,,,Puerto Rico,Bottle,1,6,29.95,179.7,0.51,2.0,Regular,R,False,False,False
2026-08-01,0485B,99900048575,MONARCH GOLD,RUM,750 ML,750,80.0,,,Canada,Bottle,1,12,8.95,107.4,0.35,0.0,Regular,R,True,False,False
2026-08-01,0485E,99900048537,MONARCH GOLD,RUM,375 ML,375,80.0,,,Canada,Bottle,1,24,6.95,166.8,0.55,0.0,Regular,R,True,False,False
2026-08-01,0485H,99900048517,MONARCH GOLD,RUM,1.75 L,1750,80.0,,,Canada,Bottle,1,6,17.95,107.7,0.3,0.0,Regular,R,True,False,False
2026-08-01,0486H,99900048617,CASTILLO SPICED,RUM,1.75 L,1750,70.0,,,Puerto Rico,Bottle,1,6,20.95,125.7,0.35,0.0,Regular,R,False,False,False
2026-08-01,0487H,99900048717,RONRICO GOLD,RUM,1.75 L,1750,80.0,,,,Bottle,1,6,19.95,119.7,0.34,0.0,Regular,R,False,False,False
2026-08-01,0488B,99900048875,MONARCH GOLD,RUM,750 ML,750,80.0,,,Canada,Bottle,1,12,8.95,107.4,0.35,0.0,Regular,R,True,False,False
2026-08-01,0489B,99900048975,GOMPERS NEW WORLD AMERICAN GIN,GIN,750 ML,750,90.0,,,United States,Bottle,1,12,33.95,407.4,1.34,0.0,Regular,R,True,False,False
2026-08-01,0489E,99900048937,GOMPERS NEW WORLD AMERICAN GIN,GIN,375 ML,375,90.0,,,United States,Bottle,1,12,21.95,263.4,1.73,0.0,Limited Listing,L,True,False,False
2026-08-01,0490B,99900049075,POTTERS WHITE,RUM,750 ML,750,80.0,,,United States,Bottle,1,12,8.95,107.4,0.35,0.0,Regular,R,False,False,False
2026-08-01,0490H,99900049017,POTTERS WHITE,RUM,1.75 L,1750,80.0,,,United States,Bottle,1,6,17.95,107.7,0.3,0.0,Regular,R,False,False,False
2026-08-01,0493B,99900049375,CAPTAIN MORGAN SPICED 70 PROOF RUM,RUM,750 ML,750,70.0,,,Puerto Rico,Bottle,1,12,16.95,203.4,0.67,0.0,Regular,R,False,False,False
2026-08-01,0493H,99900049317,CAPTAIN MORGAN SPICED 70 PROOF RUM,RUM,1.75 L,1750,70.0,,,Puerto Rico,Bottle,1,6,26.95,161.7,0.46,-3.0,Regular,R,False,False,False
2026-08-01,0494B,99900049475,PAMPERO ANIVERSARIO,RUM,750 ML,750,80.0,,,,Bottle,1,6,29.95,179.7,1.18,0.0,Regular,R,False,False,False
2026-08-01,0496B,99900049675,DOLIN GENEPY LE CHAMOIS,CORDIALS,750 ML,750,90.0,,,,Bottle,1,12,38.95,467.4,1.53,0.0,Limited Listing,L,False,False,False
2026-08-01,0497B,99900049775,REDRUM TROPICAL FLAVORED V.I. RUM,RUM,750 ML,750,70.0,,,,Bottle,1,6,15.95,95.7,0.63,0.0,Regular,R,False,False,False
2026-08-01,0499B,99900049975,BACARDI 8YR DARK BAHAMIAN RUM,RUM,750 ML,750,80.0,8 YRS,96,Puerto Rico,Bottle,1,12,29.95,359.4,1.18,0.0,Regular,R,False,False,False
2026-08-01,0501B,99900050175,BACARDI RASPBERRY FLAVORED RUM,RUM,750 ML,750,70.0,,,Puerto Rico,Bottle,1,12,14.95,179.4,0.59,-2.0,Regular,R,False,False,False
2026-08-01,0503B,99900050375,BACARDI COCONUT FLAVORED RUM,RUM,750 ML,750,70.0,,,Puerto Rico,Bottle,1,12,14.95,179.4,0.59,-2.0,Regular,R,False,False,False
2026-08-01,0504B,99900050475,GILBEYS GIN,GIN,750 ML,750,80.0,,,,Bottle,1,12,10.95,131.4,0.43,0.0,Regular,R,False,False,False
2026-08-01,0504H,99900050417,GILBEYS GIN,GIN,1.75 L,1750,80.0,,,,Bottle,1,6,22.95,137.7,0.39,3.0,Regular,R,False,False,False
2026-08-01,0505H,99900050517,BOOTHS LONDON DRY GIN,GIN,1.75 L,1750,90.0,,,,Bottle,1,6,20.95,125.7,0.35,0.0,Regular,R,False,False,False
2026-08-01,0507B,99900050775,AVIATION GIN (OREGON),GIN,750 ML,750,80.0,,,United States,Bottle,1,6,29.95,179.7,1.18,5.0,Regular,R,True,False,False
2026-08-01,0508B,99900050875,SEAGRAM'S EXTRA DRY GIN,GIN,750 ML,750,80.0,,,United States,Bottle,1,12,15.95,191.4,0.63,0.0,Regular,R,False,False,False
2026-08-01,0508E,99900050837,SEAGRAM'S EXTRA DRY GIN,GIN,375 ML,375,80.0,,,United States,Bottle,1,24,9.95,238.8,0.78,0.0,Regular,R,False,False,False
2026-08-01,0508H,99900050817,SEAGRAM'S EXTRA DRY GIN,GIN,1.75 L,1750,80.0,,,United States,Bottle,1,6,27.95,167.7,0.47,0.0,Regular,R,False,False,False
2026-08-01,0509A,99900050910,FLEISCHMANNS DRY GIN,GIN,LITER,1000,80.0,,,United States,Bottle,1,12,10.95,131.4,0.32,0.0,Trial Listing,T,False,False,False
2026-08-01,0509H,99900050917,FLEISCHMANNS DRY GIN,GIN,1.75 L,1750,80.0,,,United States,Bottle,1,6,17.95,107.7,0.3,0.0,Regular,R,False,False,False
2026-08-01,0510B,99900051075,CRATER LAKE GIN,GIN,750 ML,750,95.0,,,United States,Bottle,1,12,19.95,239.4,0.79,-5.0,Regular,R,True,False,False
2026-08-01,0510E,99900051037,CRATER LAKE GIN,GIN,375 ML,375,95.0,,,United States,Bottle,1,12,10.95,131.4,0.86,1.0,Limited Listing,L,True,False,False
2026-08-01,0510H,99900051017,CRATER LAKE GIN,GIN,1.75 L,1750,95.0,,,United States,Bottle,1,6,44.95,269.7,0.76,5.0,Regular,R,True,False,False
2026-08-01,0513B,99900051375,MONARCH GIN,GIN,750 ML,750,80.0,,,Canada,Bottle,1,12,8.95,107.4,0.35,0.0,Regular,R,True,False,False
2026-08-01,0513E,99900051337,MONARCH GIN,GIN,375 ML,375,80.0,,,Canada,Bottle,1,24,5.95,142.8,0.47,0.0,Regular,R,True,False,False
2026-08-01,0513H,99900051317,MONARCH GIN,GIN,1.75 L,1750,80.0,,,Canada,Bottle,1,6,17.95,107.7,0.3,0.0,Regular,R,True,False,False
2026-08-01,0514B,99900051475,MONARCH GIN LT. WGT.,GIN,750 ML,750,80.0,,,Canada,Bottle,1,12,8.95,107.4,0.35,0.0,Regular,R,True,False,False
2026-08-01,0520B,99900052075,POTTERS GIN 80,GIN,750 ML,750,80.0,,,United States,Bottle,1,12,8.95,107.4,0.35,0.0,Regular,R,False,False,False
2026-08-01,0520H,99900052017,POTTERS GIN 80,GIN,1.75 L,1750,80.0,,,United States,Bottle,1,6,17.95,107.7,0.3,0.0,Regular,R,False,False,False
2026-08-01,0521B,99900052175,DISTILLER'S CUT WHITE RUM,RUM,750 ML,750,86.0,,,United States,Bottle,1,12,29.95,359.4,1.18,0.0,Trial Listing,T,True,False,False
2026-08-01,0523B,99900052375,BOORDS DRY GIN,GIN,750 ML,750,80.0,,,,Bottle,1,12,8.95,107.4,0.35,0.0,Regular,R,False,False,False
2026-08-01,0523H,99900052317,BOORDS DRY GIN,GIN,1.75 L,1750,80.0,,,,Bottle,1,6,17.95,107.7,0.3,0.0,Regular,R,False,False,False
2026-08-01,0524B,99900052475,MCCORMICK GIN,GIN,750 ML,750,80.0,,,,Bottle,1,12,8.95,107.4,0.35,0.0,Regular,R,False,False,False
2026-08-01,0525B,99900052575,GORDONS DRY GIN,GIN,750 ML,750,80.0,,,Scotland,Bottle,1,12,9.95,119.4,0.39,0.0,Regular,R,False,False,False
2026-08-01,0525H,99900052517,GORDONS DRY GIN,GIN,1.75 L,1750,80.0,,,Scotland,Bottle,1,6,19.95,119.7,0.34,0.0,Regular,R,False,False,False
2026-08-01,0526H,99900052617,BARON ROTHCHILD,GIN,1.75 L,1750,80.0,,,United States,Bottle,1,6,18.45,110.7,0.31,0.0,Regular,R,True,False,False
2026-08-01,0527B,99900052775,SEAGRAM TWISTED GIN (W/TWIST LIME FLAVR),GIN,750 ML,750,70.0,,,United States,Bottle,1,12,15.95,191.4,0.63,0.0,Regular,R,False,False,False
2026-08-01,0527H,99900052717,SEAGRAM TWISTED GIN (W/TWIST LIME FLAVR),GIN,1.75 L,1750,70.0,,,United States,Bottle,1,6,27.95,167.7,0.47,0.0,Regular,R,False,False,False
2026-08-01,0530B,99900053075,BURNETT'S GIN,GIN,750 ML,750,80.0,,,United States,Bottle,1,12,8.95,107.4,0.35,-1.0,Regular,R,False,False,False
2026-08-01,0530H,99900053017,BURNETT'S GIN,GIN,1.75 L,1750,80.0,,,United States,Bottle,1,6,22.95,137.7,0.39,3.0,Regular,R,False,False,False
2026-08-01,0531B,99900053175,HENDRICK'S SCOTTISH GIN,GIN,750 ML,750,88.0,,,Scotland,Bottle,1,6,39.95,239.7,1.57,5.0,Regular,R,False,False,False
2026-08-01,0531E,99900053137,HENDRICK'S SCOTTISH GIN,GIN,375 ML,375,88.0,,,Scotland,Bottle,1,12,23.95,287.4,1.89,3.0,Limited Listing,L,False,False,False
2026-08-01,0531H,99900053117,HENDRICK'S SCOTTISH GIN,GIN,1.75 L,1750,88.0,,,Scotland,Bottle,1,6,69.95,419.7,1.18,3.0,Regular,R,False,False,False
2026-08-01,0532B,99900053275,BEEFEATER,GIN,750 ML,750,88.0,,,England,Bottle,1,12,23.95,287.4,0.94,4.0,Regular,R,False,False,False
2026-08-01,0532H,99900053217,BEEFEATER,GIN,1.75 L,1750,88.0,,,England,Bottle,1,6,47.95,287.7,0.81,5.0,Regular,R,False,False,False
2026-08-01,0533B,99900053375,BOODLES GIN 90.4,GIN,750 ML,750,90.4,,,,Bottle,1,12,24.95,299.4,0.98,0.0,Regular,R,False,False,False
2026-08-01,0534A,99900053410,TANQUERAY,GIN,LITER,1000,94.6,,,Scotland,Bottle,1,12,27.95,335.4,0.83,0.0,Regular,R,False,False,False
2026-08-01,0534B,99900053475,TANQUERAY,GIN,750 ML,750,94.6,,,Scotland,Bottle,1,12,21.95,263.4,0.86,-3.0,Regular,R,False,False,False
2026-08-01,0534E,99900053437,TANQUERAY,GIN,375 ML,375,94.6,,,Scotland,Bottle,1,24,12.95,310.8,1.02,0.0,Regular,R,False,False,False
2026-08-01,0534F,99900053405,TANQUERAY,GIN,50 ML,50,94.6,,,Scotland,Bottle,1,120,2.5,300.0,1.47,0.0,Regular,R,False,False,False
2026-08-01,0534H,99900053417,TANQUERAY,GIN,1.75 L,1750,94.6,,,Scotland,Bottle,1,6,49.95,299.7,0.84,5.0,Regular,R,False,False,False
2026-08-01,0535B,99900053575,TANQUERAY NO. TEN,GIN,750 ML,750,94.6,,,Scotland,Bottle,1,12,32.95,395.4,1.3,3.0,Regular,R,False,False,False
2026-08-01,0535H,99900053517,TANQUERAY NO. TEN,GIN,1.75 L,1750,94.6,,,Scotland,Bottle,1,6,64.95,389.7,1.1,0.0,Regular,R,False,False,False
2026-08-01,0539B,99900053975,BOMBAY DRY GIN,GIN,750 ML,750,86.0,,,England,Bottle,1,12,19.95,239.4,0.79,-4.0,Regular,R,False,False,False
2026-08-01,0539H,99900053917,BOMBAY DRY GIN,GIN,1.75 L,1750,86.0,,,England,Bottle,1,6,46.95,281.7,0.79,5.0,Regular,R,False,False,False
2026-08-01,0540A,99900054010,BOMBAY SAPPHIRE,GIN,LITER,1000,94.0,,,England,Bottle,1,12,28.95,347.4,0.86,0.0,Regular,R,False,False,False
2026-08-01,0540B,99900054075,BOMBAY SAPPHIRE,GIN,750 ML,750,94.0,,,England,Bottle,1,12,22.95,275.4,0.9,-2.0,Regular,R,False,False,False
2026-08-01,0540E,99900054037,BOMBAY SAPPHIRE,GIN,375 ML,375,94.0,,,England,Bottle,1,12,13.95,167.4,1.1,0.0,Regular,R,False,False,False
2026-08-01,0540H,99900054017,BOMBAY SAPPHIRE,GIN,1.75 L,1750,94.0,,,England,Bottle,1,6,49.95,299.7,0.84,5.0,Regular,R,False,False,False
2026-08-01,0553B,99900055375,DON JULIO ANEJO 70TH ANNIVERSARY,TEQUILA,750 ML,750,80.0,,,Mexico,Bottle,1,6,69.95,419.7,2.75,0.0,Seasonal,B,False,False,False
2026-08-01,0553F,99900055305,DON JULIO ANEJO 70TH ANNIVERSARY,TEQUILA,50 ML,50,80.0,,,Mexico,Bottle,1,60,8.75,525.0,5.15,0.0,Trial Listing,T,False,False,False
2026-08-01,0568B,99900056875,BACARDI SPICED RUM,RUM,750 ML,750,70.0,,,Puerto Rico,Bottle,1,12,14.95,179.4,0.59,-2.0,Regular,R,False,False,False
2026-08-01,0568H,99900056817,BACARDI SPICED RUM,RUM,1.75 L,1750,70.0,,,Puerto Rico,Bottle,1,6,29.95,179.7,0.51,2.0,Regular,R,False,False,False
2026-08-01,0569B,99900056975,SMIRNOFF WHIPPED CREAM,VODKA,750 ML,750,60.0,,,United States,Bottle,1,12,12.95,155.4,0.51,0.0,Regular,R,False,False,False
2026-08-01,0569H,99900056917,SMIRNOFF WHIPPED CREAM,VODKA,1.75 L,1750,60.0,,,United States,Bottle,1,6,19.95,119.7,0.34,-2.0,Regular,R,False,False,False
2026-08-01,0572B,99900057275,LAIRDS APPLE BRANDY 100 PROOF,BRANDY / COGNAC,750 ML,750,100.0,4 YRS,48,,Bottle,1,12,32.95,395.4,1.3,0.0,Limited Listing,L,False,False,False
2026-08-01,0576B,99900057675,MIDNIGHT MOON STRAWBERRY,DOMESTIC WHISKEY,750 ML,750,70.0,,,United States,Bottle,1,6,19.95,119.7,0.79,0.0,Regular,R,False,False,False
2026-08-01,0579B,99900057975,MIDNIGHT MOON APPLE PIE,DOMESTIC WHISKEY,750 ML,750,70.0,,,United States,Bottle,1,6,19.95,119.7,0.79,0.0,Regular,R,False,False,False
2026-08-01,0579F,99900057905,MIDNIGHT MOON APPLE PIE,DOMESTIC WHISKEY,50 ML,50,70.0,,,United States,Bottle,1,48,3.0,144.0,1.76,0.0,One Time Buy,O,False,False,False
2026-08-01,0580B,99900058075,STEIN STRAIGHT BULL WHISKEY (OREGON),DOMESTIC WHISKEY,750 ML,750,80.0,2 YRS,24,United States,Bottle,1,12,38.75,465.0,1.53,0.0,Limited Listing,L,True,False,False
2026-08-01,0581B,99900058175,STEIN STRAIGHT RAM RYE WHISKEY,DOMESTIC WHISKEY,750 ML,750,80.0,2 YRS,24,United States,Bottle,1,12,38.75,465.0,1.53,0.0,Limited Listing,L,True,False,False
2026-08-01,0592B,99900059275,TRES AGAVES ANEJO TEQUILA,TEQUILA,750 ML,750,80.0,,,Mexico,Bottle,1,6,44.95,269.7,1.77,0.0,Trial Listing,T,False,False,False
2026-08-01,0593B,99900059375,TRES AGAVES BLANCO TEQUILA,TEQUILA,750 ML,750,80.0,,,Mexico,Bottle,1,6,29.95,179.7,1.18,-5.0,Regular,R,False,False,True
2026-08-01,0594B,99900059475,TRES AGAVES REPOSADO GOLD TEQUILA,TEQUILA,750 ML,750,80.0,,,Mexico,Bottle,1,6,39.95,239.7,1.57,0.0,Regular,R,False,False,False
2026-08-01,0613B,99900061375,YAZI GINGER VODKA,VODKA,750 ML,750,70.0,,,United States,Bottle,1,12,22.95,275.4,0.9,-2.0,Regular,R,True,False,False
2026-08-01,0624B,99900062475,SEAGRAM'S EXTRA SMOOTH VODKA,VODKA,750 ML,750,80.0,,,United States,Bottle,1,12,10.95,131.4,0.43,-2.0,Regular,R,False,False,False
2026-08-01,0625A,99900062510,CRATER LAKE VODKA,VODKA,LITER,1000,80.0,,,United States,Bottle,1,12,28.95,347.4,0.86,3.0,Regular,R,True,False,False
2026-08-01,0625B,99900062575,CRATER LAKE VODKA,VODKA,750 ML,750,80.0,,,United States,Bottle,1,12,19.95,239.4,0.79,-5.0,Regular,R,True,False,False
2026-08-01,0625E,99900062537,CRATER LAKE VODKA,VODKA,375 ML,375,80.0,,,United States,Bottle,1,12,10.95,131.4,0.86,1.0,Regular,R,True,False,False
2026-08-01,0625F,99900062505,CRATER LAKE VODKA,VODKA,50 ML,50,80.0,,,United States,Bottle,1,96,2.0,192.0,1.18,0.0,One Time Buy,O,True,False,False
2026-08-01,0625H,99900062517,CRATER LAKE VODKA,VODKA,1.75 L,1750,80.0,,,United States,Bottle,1,6,44.95,269.7,0.76,7.0,Regular,R,True,False,False
2026-08-01,0626B,99900062675,SMIRNOFF TWIST OF VANILLA VODKA,VODKA,750 ML,750,70.0,,,United States,Bottle,1,12,12.95,155.4,0.51,0.0,Regular,R,False,False,False
2026-08-01,0626H,99900062617,SMIRNOFF TWIST OF VANILLA VODKA,VODKA,1.75 L,1750,70.0,,,United States,Bottle,1,6,19.95,119.7,0.34,-2.0,Regular,R,False,False,False
2026-08-01,0628B,99900062875,SMIRNOFF TWIST OF RASPBERRY VODKA,VODKA,750 ML,750,70.0,,,United States,Bottle,1,12,12.95,155.4,0.51,0.0,Regular,R,False,False,False
2026-08-01,0628E,99900062837,SMIRNOFF TWIST OF RASPBERRY VODKA,VODKA,375 ML,375,70.0,,,United States,Bottle,1,12,7.45,89.4,0.59,0.0,Regular,R,False,False,False
2026-08-01,0628F,99900062805,SMIRNOFF TWIST OF RASPBERRY VODKA,VODKA,50 ML,50,70.0,,,United States,Bottle,1,120,1.5,180.0,0.88,0.0,Limited Listing,L,False,False,False
2026-08-01,0628H,99900062817,SMIRNOFF TWIST OF RASPBERRY VODKA,VODKA,1.75 L,1750,70.0,,,United States,Bottle,1,6,19.95,119.7,0.34,-2.0,Regular,R,False,False,False
2026-08-01,0629B,99900062975,SMIRNOFF TWIST OF ORANGE VODKA,VODKA,750 ML,750,70.0,,,United States,Bottle,1,12,12.95,155.4,0.51,0.0,Regular,R,False,False,False
2026-08-01,0629H,99900062917,SMIRNOFF TWIST OF ORANGE VODKA,VODKA,1.75 L,1750,70.0,,,United States,Bottle,1,6,19.95,119.7,0.34,-2.0,Regular,R,False,False,False
2026-08-01,0630B,99900063075,RAIN ORGANIC VODKA,VODKA,750 ML,750,80.0,,,,Bottle,1,12,9.95,119.4,0.39,0.0,Regular,R,False,False,False
2026-08-01,0631B,99900063175,CLEAR SPRINGS,NEUTRAL GRAIN SPIRIT,750 ML,750,190.0,,,,Bottle,1,12,20.95,251.4,0.82,0.0,Regular,R,False,False,False
2026-08-01,0631E,99900063137,CLEAR SPRINGS,NEUTRAL GRAIN SPIRIT,375 ML,375,190.0,,,,Bottle,1,24,11.95,286.8,0.94,0.0,Regular,R,False,False,False
2026-08-01,0631H,99900063117,CLEAR SPRINGS,NEUTRAL GRAIN SPIRIT,1.75 L,1750,190.0,,,,Bottle,1,6,42.95,257.7,0.73,0.0,Regular,R,False,False,False
2026-08-01,0632B,99900063275,EVERCLEAR ALCOHOL,NEUTRAL GRAIN SPIRIT,750 ML,750,190.0,,,,Bottle,1,12,20.95,251.4,0.82,0.0,Regular,R,False,False,False
2026-08-01,0632E,99900063237,EVERCLEAR ALCOHOL,NEUTRAL GRAIN SPIRIT,375 ML,375,190.0,,,,Bottle,1,24,11.95,286.8,0.94,0.0,Limited Listing,L,False,False,False
2026-08-01,0632H,99900063217,EVERCLEAR ALCOHOL,NEUTRAL GRAIN SPIRIT,1.75 L,1750,190.0,,,,Bottle,1,6,42.95,257.7,0.73,0.0,Regular,R,False,False,False
2026-08-01,0634A,99900063410,PLATINUM 7X VODKA,VODKA,LITER,1000,80.0,,,,Bottle,1,12,10.95,131.4,0.32,0.0,Regular,R,False,False,False
2026-08-01,0634B,99900063475,PLATINUM 7X VODKA,VODKA,750 ML,750,80.0,,,,Bottle,1,12,9.95,119.4,0.39,1.0,Regular,R,False,False,False
2026-08-01,0634D,99900063420,PLATINUM 7X VODKA,VODKA,200 ML,200,80.0,,,,Bottle,1,24,3.95,94.8,0.58,0.0,Trial Listing,T,False,False,False
2026-08-01,0634E,99900063437,PLATINUM 7X VODKA,VODKA,375 ML,375,80.0,,,,Bottle,1,24,4.95,118.8,0.39,0.0,Regular,R,False,False,False
2026-08-01,0634H,99900063417,PLATINUM 7X VODKA,VODKA,1.75 L,1750,80.0,,,,Bottle,1,6,18.95,113.7,0.32,-3.0,Regular,R,False,False,False
2026-08-01,0635B,99900063575,POTTERS VODKA LT. WGT.,VODKA,750 ML,750,80.0,,,United States,Bottle,1,12,8.95,107.4,0.35,0.0,Regular,R,False,False,False
2026-08-01,0636A,99900063610,GREY GOOSE IMPORTED VODKA,VODKA,LITER,1000,80.0,,,France,Bottle,1,6,34.95,209.7,1.03,0.0,Regular,R,False,False,False
2026-08-01,0636B,99900063675,GREY GOOSE IMPORTED VODKA,VODKA,750 ML,750,80.0,,,France,Bottle,1,12,29.95,359.4,1.18,5.0,Regular,R,False,False,False
2026-08-01,0636D,99900063620,GREY GOOSE IMPORTED VODKA,VODKA,200 ML,200,80.0,,,France,Bottle,1,12,9.95,119.4,1.46,0.0,Regular,R,False,False,False
2026-08-01,0636E,99900063637,GREY GOOSE IMPORTED VODKA,VODKA,375 ML,375,80.0,,,France,Bottle,1,12,14.95,179.4,1.18,0.0,Regular,R,False,False,False
2026-08-01,0636F,99900063605,GREY GOOSE IMPORTED VODKA,VODKA,50 ML,50,80.0,,,France,Bottle,1,144,3.0,432.0,1.76,0.0,Regular,R,False,False,False
2026-08-01,0636H,99900063617,GREY GOOSE IMPORTED VODKA,VODKA,1.75 L,1750,80.0,,,France,Bottle,1,6,54.95,329.7,0.93,5.0,Regular,R,False,False,False
2026-08-01,0638B,99900063875,SMIRNOFF TWIST OF GREEN APPLE VODKA,VODKA,750 ML,750,70.0,,,United States,Bottle,1,12,12.95,155.4,0.51,0.0,Regular,R,False,False,False
2026-08-01,0639B,99900063975,BELVEDERE POLISH VODKA,VODKA,750 ML,750,80.0,,,Poland,Bottle,1,6,29.95,179.7,1.18,0.0,Regular,R,False,False,False
2026-08-01,0639E,99900063937,BELVEDERE POLISH VODKA,VODKA,375 ML,375,80.0,,,Poland,Bottle,1,12,18.95,227.4,1.49,0.0,Limited Listing,L,False,False,False
2026-08-01,0639H,99900063917,BELVEDERE POLISH VODKA,VODKA,1.75 L,1750,80.0,,,Poland,Bottle,1,6,54.95,329.7,0.93,-5.0,Regular,R,False,False,True
2026-08-01,0640B,99900064075,GORDON'S VODKA LT. WGT.,VODKA,750 ML,750,80.0,,,Scotland,Bottle,1,12,8.95,107.4,0.35,0.0,Regular,R,False,False,False
2026-08-01,0641B,99900064175,MONARCH VODKA 100.0,VODKA,750 ML,750,100.0,,,Canada,Bottle,1,12,11.95,143.4,0.47,0.0,Regular,R,True,False,False
2026-08-01,0641H,99900064117,MONARCH VODKA 100.0,VODKA,1.75 L,1750,100.0,,,Canada,Bottle,1,6,24.95,149.7,0.42,0.0,Regular,R,True,False,False
2026-08-01,0643B,99900064375,MONARCH CITRON,VODKA,750 ML,750,80.0,,,Canada,Bottle,1,12,8.95,107.4,0.35,0.0,Regular,R,True,False,False
2026-08-01,0645B,99900064575,CRATER LAKE HAZELNUT ESPRESSO,VODKA,750 ML,750,50.0,,,United States,Bottle,1,12,24.95,299.4,0.98,5.0,Regular,R,True,False,False
2026-08-01,0645E,99900064537,CRATER LAKE HAZELNUT ESPRESSO,VODKA,375 ML,375,50.0,,,United States,Bottle,1,12,10.95,131.4,0.86,0.0,Limited Listing,L,True,False,False
2026-08-01,0645F,99900064505,CRATER LAKE HAZELNUT ESPRESSO,VODKA,50 ML,50,50.0,,,United States,Bottle,1,96,2.0,192.0,1.18,0.0,One Time Buy,O,True,False,False
2026-08-01,0645H,99900064517,CRATER LAKE HAZELNUT ESPRESSO,VODKA,1.75 L,1750,50.0,,,United States,Bottle,1,6,41.95,251.7,0.71,-3.0,Regular,R,True,False,False
2026-08-01,0648B,99900064875,GREY GOOSE LE CITRON FLAVORED VODKA,VODKA,750 ML,750,80.0,,,France,Bottle,1,6,29.95,179.7,1.18,5.0,Regular,R,False,False,False
2026-08-01,0651B,99900065175,GILBEYS VODKA LT. WGT.,VODKA,750 ML,750,80.0,,,,Bottle,1,12,8.95,107.4,0.35,0.0,Regular,R,False,False,False
2026-08-01,0656B,99900065675,ABSOLUT VANILIA,VODKA,750 ML,750,80.0,,,Sweden,Bottle,1,12,19.95,239.4,0.79,0.0,Regular,R,False,False,False
2026-08-01,0658B,99900065875,FRIS 80 SKANDIA VODKA DENMARK,VODKA,750 ML,750,80.0,,,Denmark,Bottle,1,12,8.95,107.4,0.35,0.0,Regular,R,False,False,False
2026-08-01,0658E,99900065837,FRIS 80 SKANDIA VODKA DENMARK,VODKA,375 ML,375,80.0,,,Denmark,Bottle,1,24,4.95,118.8,0.39,0.0,One Time Buy,O,False,False,False
2026-08-01,0658H,99900065817,FRIS 80 SKANDIA VODKA DENMARK,VODKA,1.75 L,1750,80.0,,,Denmark,Bottle,1,6,17.95,107.7,0.3,0.0,Regular,R,False,False,False
2026-08-01,0659A,99900065910,MONOPOLOWA WHITE LABEL (OLD LABEL),VODKA,LITER,1000,80.0,,,Austria,Bottle,1,12,20.95,251.4,0.62,3.0,Regular,R,False,False,False
2026-08-01,0659B,99900065975,MONOPOLOWA WHITE LABEL (OLD LABEL),VODKA,750 ML,750,80.0,,,Austria,Bottle,1,12,14.95,179.4,0.59,-2.0,Regular,R,False,False,True
2026-08-01,0659D,99900065920,MONOPOLOWA WHITE LABEL (OLD LABEL),VODKA,200 ML,200,80.0,,,Austria,Bottle,1,48,5.95,285.6,0.88,0.0,Regular,R,False,False,False
2026-08-01,0659E,99900065937,MONOPOLOWA WHITE LABEL (OLD LABEL),VODKA,375 ML,375,80.0,,,Austria,Bottle,1,24,8.95,214.8,0.7,0.0,Regular,R,False,False,False
2026-08-01,0659F,99900065905,MONOPOLOWA WHITE LABEL (OLD LABEL),VODKA,50 ML,50,80.0,,,Austria,Bottle,1,120,2.5,300.0,1.47,0.0,Regular,R,False,False,False
2026-08-01,0659H,99900065917,MONOPOLOWA WHITE LABEL (OLD LABEL),VODKA,1.75 L,1750,80.0,,,Austria,Bottle,1,6,26.95,161.7,0.46,-3.0,Regular,R,False,False,False
2026-08-01,0662B,99900066275,FINLANDIA,VODKA,750 ML,750,80.0,,,Finland,Bottle,1,12,21.15,253.8,0.83,0.0,Regular,R,False,False,False
2026-08-01,0662F,99900066205,FINLANDIA,VODKA,50 ML,50,80.0,,,Finland,Bottle,1,120,3.0,360.0,1.76,0.0,Regular,R,False,False,False
2026-08-01,0662H,99900066217,FINLANDIA,VODKA,1.75 L,1750,80.0,,,Finland,Bottle,1,6,41.0,246.0,0.69,0.0,Regular,R,False,False,False
2026-08-01,0663B,99900066375,ABSOLUT MANDRIN FLAVORED VODKA,VODKA,750 ML,750,80.0,,,Sweden,Bottle,1,12,24.95,299.4,0.98,5.0,Regular,R,False,False,False
2026-08-01,0663E,99900066337,ABSOLUT MANDRIN FLAVORED VODKA,VODKA,375 ML,375,80.0,,,Sweden,Bottle,1,24,12.95,310.8,1.02,0.0,Limited Listing,L,False,False,False
2026-08-01,0663F,99900066305,ABSOLUT MANDRIN FLAVORED VODKA,VODKA,50 ML,50,80.0,,,Sweden,Bottle,1,120,2.5,300.0,1.47,0.0,Limited Listing,L,False,False,False
2026-08-01,0663H,99900066317,ABSOLUT MANDRIN FLAVORED VODKA,VODKA,1.75 L,1750,80.0,,,Sweden,Bottle,1,6,41.95,251.7,0.71,-5.0,Regular,R,False,False,False
2026-08-01,0664A,99900066410,MONARCH VODKA,VODKA,LITER,1000,80.0,,,Canada,Bottle,1,12,10.95,131.4,0.32,0.0,Regular,R,True,False,False
2026-08-01,0664B,99900066475,MONARCH VODKA,VODKA,750 ML,750,80.0,,,Canada,Bottle,1,12,8.95,107.4,0.35,0.0,Regular,R,True,False,False
2026-08-01,0664E,99900066437,MONARCH VODKA,VODKA,375 ML,375,80.0,,,Canada,Bottle,1,24,4.95,118.8,0.39,0.0,Trial Listing,T,True,False,False
2026-08-01,0664H,99900066417,MONARCH VODKA,VODKA,1.75 L,1750,80.0,,,Canada,Bottle,1,6,17.95,107.7,0.3,0.0,Regular,R,True,False,False
2026-08-01,0665B,99900066575,DENAKA VODKA,VODKA,750 ML,750,80.0,,,,Bottle,1,12,8.95,107.4,0.35,-2.0,Regular,R,False,False,False
2026-08-01,0665H,99900066517,DENAKA VODKA,VODKA,1.75 L,1750,80.0,,,,Bottle,1,6,19.95,119.7,0.34,2.0,Regular,R,False,False,False
2026-08-01,0666B,99900066675,MCCORMICK VODKA,VODKA,750 ML,750,80.0,,,,Bottle,1,12,8.95,107.4,0.35,0.0,Regular,R,False,False,False
2026-08-01,0666E,99900066637,MCCORMICK VODKA,VODKA,375 ML,375,80.0,,,,Bottle,1,24,4.95,118.8,0.39,0.0,Trial Listing,T,False,False,False
2026-08-01,0666H,99900066617,MCCORMICK VODKA,VODKA,1.75 L,1750,80.0,,,,Bottle,1,6,17.95,107.7,0.3,0.0,Regular,R,False,False,False
2026-08-01,0668A,99900066810,FLEISCHMANN ROYAL,VODKA,LITER,1000,80.0,,,United States,Bottle,1,12,10.95,131.4,0.32,0.0,Regular,R,False,False,False
2026-08-01,0668B,99900066875,FLEISCHMANN ROYAL,VODKA,750 ML,750,80.0,,,United States,Bottle,1,12,8.95,107.4,0.35,0.0,Regular,R,False,False,False
2026-08-01,0668E,99900066837,FLEISCHMANN ROYAL,VODKA,375 ML,375,80.0,,,United States,Bottle,1,24,4.95,118.8,0.39,0.0,Regular,R,False,False,False
2026-08-01,0668H,99900066817,FLEISCHMANN ROYAL,VODKA,1.75 L,1750,80.0,,,United States,Bottle,1,6,17.95,107.7,0.3,0.0,Regular,R,False,False,False
2026-08-01,0669B,99900066975,SMIRNOFF VODKA LT. WGT.,VODKA,750 ML,750,80.0,,,United States,Bottle,1,12,12.95,155.4,0.51,0.0,Regular,R,False,False,False
2026-08-01,0669H,99900066917,SMIRNOFF VODKA LT. WGT.,VODKA,1.75 L,1750,80.0,,,United States,Bottle,1,6,19.95,119.7,0.34,-2.0,Regular,R,False,False,False
2026-08-01,0670B,99900067075,KAMCHATKA,VODKA,750 ML,750,80.0,,,,Bottle,1,12,8.95,107.4,0.35,0.0,Regular,R,False,False,False
2026-08-01,0670H,99900067017,KAMCHATKA,VODKA,1.75 L,1750,80.0,,,,Bottle,1,6,17.95,107.7,0.3,0.0,Regular,R,False,False,False
2026-08-01,0671B,99900067175,SMIRNOFF SILVER,VODKA,750 ML,750,90.4,,,United States,Bottle,1,12,16.95,203.4,0.67,0.0,Regular,R,False,False,False
2026-08-01,0672B,99900067275,POTTERS VODKA 80,VODKA,750 ML,750,80.0,,,United States,Bottle,1,12,8.95,107.4,0.35,0.0,Regular,R,False,False,False
2026-08-01,0672E,99900067237,POTTERS VODKA 80,VODKA,375 ML,375,80.0,,,United States,Bottle,1,24,4.95,118.8,0.39,0.0,Regular,R,False,False,False
2026-08-01,0672H,99900067217,POTTERS VODKA 80,VODKA,1.75 L,1750,80.0,,,United States,Bottle,1,6,17.95,107.7,0.3,0.0,Regular,R,False,False,False
2026-08-01,0673B,99900067375,GORDONS VODKA,VODKA,750 ML,750,80.0,,,Scotland,Bottle,1,12,8.95,107.4,0.35,0.0,Regular,R,False,False,False
2026-08-01,0673E,99900067337,GORDONS VODKA,VODKA,375 ML,375,80.0,,,Scotland,Bottle,1,24,4.95,118.8,0.39,0.0,Regular,R,False,False,False
2026-08-01,0673H,99900067317,GORDONS VODKA,VODKA,1.75 L,1750,80.0,,,Scotland,Bottle,1,6,17.95,107.7,0.3,0.0,Regular,R,False,False,False
2026-08-01,0674B,99900067475,SMIRNOFF VODKA 100,VODKA,750 ML,750,100.0,,,United States,Bottle,1,12,14.95,179.4,0.59,0.0,Regular,R,False,False,False
2026-08-01,0674E,99900067437,SMIRNOFF VODKA 100,VODKA,375 ML,375,100.0,,,United States,Bottle,1,24,9.95,238.8,0.78,0.0,Regular,R,False,False,False
2026-08-01,0674H,99900067417,SMIRNOFF VODKA 100,VODKA,1.75 L,1750,100.0,,,United States,Bottle,1,6,27.95,167.7,0.47,0.0,Regular,R,False,False,False
2026-08-01,0675A,99900067510,SKYY VODKA,VODKA,LITER,1000,80.0,,,United States,Bottle,1,12,17.95,215.4,0.53,0.0,Regular,R,False,False,False
2026-08-01,0675B,99900067575,SKYY VODKA,VODKA,750 ML,750,80.0,,,United States,Bottle,1,12,14.95,179.4,0.59,0.0,Regular,R,False,False,False
2026-08-01,0675E,99900067537,SKYY VODKA,VODKA,375 ML,375,80.0,,,United States,Bottle,1,12,9.95,119.4,0.78,0.0,Regular,R,False,False,False
2026-08-01,0675F,99900067505,SKYY VODKA,VODKA,50 ML,50,80.0,,,United States,Bottle,1,120,2.0,240.0,1.18,0.0,Limited Listing,L,False,False,False
2026-08-01,0675H,99900067517,SKYY VODKA,VODKA,1.75 L,1750,80.0,,,United States,Bottle,1,6,24.95,149.7,0.42,0.0,Regular,R,False,False,False
2026-08-01,0676B,99900067675,STOLICHNAYA OHRANJ,VODKA,750 ML,750,70.0,,,Latvia,Bottle,1,12,14.95,179.4,0.59,0.0,Regular,R,False,False,False
2026-08-01,0677B,99900067775,POPOV 80PRF PREMIUM BLND VODKA SPECIALTY,VODKA,750 ML,750,80.0,,,,Bottle,1,12,10.95,131.4,0.43,1.0,Regular,R,False,False,False
2026-08-01,0677E,99900067737,POPOV 80PRF PREMIUM BLND VODKA SPECIALTY,VODKA,375 ML,375,80.0,,,,Bottle,1,24,4.95,118.8,0.39,0.0,Regular,R,False,False,False
2026-08-01,0677H,99900067717,POPOV 80PRF PREMIUM BLND VODKA SPECIALTY,VODKA,1.75 L,1750,80.0,,,,Bottle,1,6,17.95,107.7,0.3,-2.0,Regular,R,False,False,False
2026-08-01,0678B,99900067875,POTTERS VODKA 100,VODKA,750 ML,750,100.0,,,United States,Bottle,1,12,10.95,131.4,0.43,0.0,Regular,R,False,False,False
2026-08-01,0678H,99900067817,POTTERS VODKA 100,VODKA,1.75 L,1750,100.0,,,United States,Bottle,1,6,22.95,137.7,0.39,0.0,Regular,R,False,False,False
2026-08-01,0679A,99900067910,SMIRNOFF VODKA 80,VODKA,LITER,1000,80.0,,,United States,Bottle,1,12,14.95,179.4,0.44,0.0,Regular,R,False,False,False
2026-08-01,0679B,99900067975,SMIRNOFF VODKA 80,VODKA,750 ML,750,80.0,,,United States,Bottle,1,12,12.95,155.4,0.51,0.0,Regular,R,False,False,False
2026-08-01,0679D,99900067920,SMIRNOFF VODKA 80,VODKA,200 ML,200,80.0,,,United States,Bottle,1,48,4.95,237.6,0.73,0.0,Regular,R,False,False,False
2026-08-01,0679E,99900067937,SMIRNOFF VODKA 80,VODKA,375 ML,375,80.0,,,United States,Bottle,1,24,7.45,178.8,0.59,0.0,Regular,R,False,False,False
2026-08-01,0679F,99900067905,SMIRNOFF VODKA 80,VODKA,50 ML,50,80.0,,,United States,Bottle,1,120,1.5,180.0,0.88,0.0,Regular,R,False,False,False
2026-08-01,0680B,99900068075,CHOPIN POLISH VODKA,VODKA,750 ML,750,80.0,,,Poland,Bottle,1,6,29.95,179.7,1.18,4.0,Regular,R,False,False,False
2026-08-01,0680E,99900068037,CHOPIN POLISH VODKA,VODKA,375 ML,375,80.0,,,Poland,Bottle,1,12,15.95,191.4,1.26,-2.0,Trial Listing,T,False,False,False
2026-08-01,0680H,99900068017,CHOPIN POLISH VODKA,VODKA,1.75 L,1750,80.0,,,Poland,Bottle,1,6,49.95,299.7,0.84,5.0,Regular,R,False,False,False
2026-08-01,0682B,99900068275,SMIRNOFF TWIST OF CITRUS VODKA,VODKA,750 ML,750,70.0,,,United States,Bottle,1,12,12.95,155.4,0.51,0.0,Regular,R,False,False,False
2026-08-01,0682H,99900068217,SMIRNOFF TWIST OF CITRUS VODKA,VODKA,1.75 L,1750,70.0,,,United States,Bottle,1,6,19.95,119.7,0.34,-2.0,Regular,R,False,False,False
2026-08-01,0684B,99900068475,STOLICHNAYA,VODKA,750 ML,750,100.0,,,Latvia,Bottle,1,12,14.95,179.4,0.59,0.0,Regular,R,False,False,False
2026-08-01,0686B,99900068675,OREGON SPRINGS,VODKA,750 ML,750,80.0,,,,Bottle,1,12,8.95,107.4,0.35,0.0,Regular,R,False,False,False
2026-08-01,0686E,99900068637,OREGON SPRINGS,VODKA,375 ML,375,80.0,,,,Bottle,1,24,4.95,118.8,0.39,0.0,Regular,R,False,False,False
2026-08-01,0686H,99900068617,OREGON SPRINGS,VODKA,1.75 L,1750,80.0,,,,Bottle,1,6,17.95,107.7,0.3,0.0,Regular,R,False,False,False
2026-08-01,0687B,99900068775,BARON ROTHCHILD VODKA 100 PROOF,VODKA,750 ML,750,100.0,,,United States,Bottle,1,12,10.95,131.4,0.43,0.0,Regular,R,True,False,False
2026-08-01,0687E,99900068737,BARON ROTHCHILD VODKA 100 PROOF,VODKA,375 ML,375,100.0,,,United States,Bottle,1,24,6.95,166.8,0.55,0.0,Regular,R,True,False,False
2026-08-01,0687H,99900068717,BARON ROTHCHILD VODKA 100 PROOF,VODKA,1.75 L,1750,100.0,,,United States,Bottle,1,6,22.95,137.7,0.39,0.0,Regular,R,True,False,False
2026-08-01,0688B,99900068875,LUKSUSOWA POTATO,VODKA,750 ML,750,80.0,,,,Bottle,1,12,18.95,227.4,0.75,0.0,Regular,R,False,False,False
2026-08-01,0688H,99900068817,LUKSUSOWA POTATO,VODKA,1.75 L,1750,80.0,,,,Bottle,1,6,31.95,191.7,0.54,2.0,Regular,R,False,False,False
2026-08-01,0689H,99900068917,CROWN CZAR,VODKA,1.75 L,1750,80.0,,,,Bottle,1,6,17.95,107.7,0.3,0.0,Regular,R,False,False,False
2026-08-01,0690A,99900069010,ABSOLUT VODKA 80,VODKA,LITER,1000,80.0,,,Sweden,Bottle,1,12,24.95,299.4,0.74,-5.0,Regular,R,False,False,False
2026-08-01,0690B,99900069075,ABSOLUT VODKA 80,VODKA,750 ML,750,80.0,,,Sweden,Bottle,1,12,24.95,299.4,0.98,5.0,Regular,R,False,False,False
2026-08-01,0690D,99900069020,ABSOLUT VODKA 80,VODKA,200 ML,200,80.0,,,Sweden,Bottle,1,24,5.45,130.8,0.8,0.0,Regular,R,False,False,False
2026-08-01,0690E,99900069037,ABSOLUT VODKA 80,VODKA,375 ML,375,80.0,,,Sweden,Bottle,1,24,11.95,286.8,0.94,0.0,Regular,R,False,False,False
2026-08-01,0690F,99900069005,ABSOLUT VODKA 80,VODKA,50 ML,50,80.0,,,Sweden,Bottle,1,120,2.0,240.0,1.18,0.0,Regular,R,False,False,False
2026-08-01,0690H,99900069017,ABSOLUT VODKA 80,VODKA,1.75 L,1750,80.0,,,Sweden,Bottle,1,6,41.95,251.7,0.71,-5.0,Regular,R,False,False,False
2026-08-01,0691B,99900069175,H R D VODKA LT. WGT.,VODKA,750 ML,750,80.0,,,United States,Bottle,1,12,9.95,119.4,0.39,1.0,Regular,R,True,False,False
2026-08-01,0692B,99900069275,H R D VODKA,VODKA,750 ML,750,80.0,,,United States,Bottle,1,12,8.95,107.4,0.35,-1.0,Regular,R,True,False,False
2026-08-01,0692E,99900069237,H R D VODKA,VODKA,375 ML,375,80.0,,,United States,Bottle,1,24,4.95,118.8,0.39,0.0,Regular,R,True,False,False
2026-08-01,0692H,99900069217,H R D VODKA,VODKA,1.75 L,1750,80.0,,,United States,Bottle,1,6,18.95,113.7,0.32,0.0,Regular,R,True,False,False
2026-08-01,0693H,99900069317,GILBEYS VODKA,VODKA,1.75 L,1750,80.0,,,,Bottle,1,6,19.95,119.7,0.34,2.0,Regular,R,False,False,False
2026-08-01,0694B,99900069475,TANQUERAY STERLING,VODKA,750 ML,750,80.0,,,Scotland,Bottle,1,12,13.95,167.4,0.55,0.0,Regular,R,False,False,False
2026-08-01,0694H,99900069417,TANQUERAY STERLING,VODKA,1.75 L,1750,80.0,,,Scotland,Bottle,1,6,26.95,161.7,0.46,0.0,Regular,R,False,False,False
2026-08-01,0696B,99900069675,BARON ROTHCHILD VODKA 80 PROOF,VODKA,750 ML,750,80.0,,,United States,Bottle,1,12,9.45,113.4,0.37,0.0,Regular,R,True,False,False
2026-08-01,0696E,99900069637,BARON ROTHCHILD VODKA 80 PROOF,VODKA,375 ML,375,80.0,,,United States,Bottle,1,24,4.95,118.8,0.39,0.0,Regular,R,True,False,False
2026-08-01,0696H,99900069617,BARON ROTHCHILD VODKA 80 PROOF,VODKA,1.75 L,1750,80.0,,,United States,Bottle,1,6,18.45,110.7,0.31,0.0,Regular,R,True,False,False
2026-08-01,0697B,99900069775,STOLICHNAYA 80,VODKA,750 ML,750,80.0,,,Latvia,Bottle,1,12,16.95,203.4,0.67,0.0,Regular,R,False,False,False
2026-08-01,0697D,99900069720,STOLICHNAYA 80,VODKA,200 ML,200,80.0,,,Latvia,Bottle,1,24,6.95,166.8,1.02,0.0,Regular,R,False,False,False
2026-08-01,0697E,99900069737,STOLICHNAYA 80,VODKA,375 ML,375,80.0,,,Latvia,Bottle,1,12,11.95,143.4,0.94,0.0,Regular,R,False,False,False
2026-08-01,0697F,99900069705,STOLICHNAYA 80,VODKA,50 ML,50,80.0,,,Latvia,Bottle,1,120,2.0,240.0,1.18,0.0,Regular,R,False,False,False
2026-08-01,0697H,99900069717,STOLICHNAYA 80,VODKA,1.75 L,1750,80.0,,,Latvia,Bottle,1,6,44.95,269.7,0.76,0.0,Regular,R,False,False,False
2026-08-01,0700B,99900070075,BURNETT'S VODKA 80 PROOF,VODKA,750 ML,750,80.0,,,United States,Bottle,1,12,8.95,107.4,0.35,0.0,Regular,R,False,False,False
2026-08-01,0700E,99900070037,BURNETT'S VODKA 80 PROOF,VODKA,375 ML,375,80.0,,,United States,Bottle,1,24,4.95,118.8,0.39,0.0,Regular,R,False,False,False
2026-08-01,0700H,99900070017,BURNETT'S VODKA 80 PROOF,VODKA,1.75 L,1750,80.0,,,United States,Bottle,1,6,17.95,107.7,0.3,0.0,Regular,R,False,False,False
2026-08-01,0703A,99900070310,NEW AMSTERDAM VODKA,VODKA,LITER,1000,80.0,,,United States,Bottle,1,12,14.95,179.4,0.44,0.0,Regular,R,False,False,False
2026-08-01,0703B,99900070375,NEW AMSTERDAM VODKA,VODKA,750 ML,750,80.0,,,United States,Bottle,1,12,11.95,143.4,0.47,0.0,Regular,R,False,False,False
2026-08-01,0703D,99900070320,NEW AMSTERDAM VODKA,VODKA,200 ML,200,80.0,,,United States,Bottle,1,24,4.45,106.8,0.65,0.0,Regular,R,False,False,False
2026-08-01,0703E,99900070337,NEW AMSTERDAM VODKA,VODKA,375 ML,375,80.0,,,United States,Bottle,1,24,5.95,142.8,0.47,-1.0,Regular,R,False,False,False
2026-08-01,0703F,99900070305,NEW AMSTERDAM VODKA,VODKA,50 ML,50,80.0,,,United States,Bottle,1,120,1.5,180.0,0.88,0.0,Regular,R,False,False,False
2026-08-01,0703H,99900070317,NEW AMSTERDAM VODKA,VODKA,1.75 L,1750,80.0,,,United States,Bottle,1,6,20.95,125.7,0.35,0.0,Regular,R,False,False,False
2026-08-01,0717B,99900071775,MIDNIGHT MOON BLUEBERRY,DOMESTIC WHISKEY,750 ML,750,70.0,,,United States,Bottle,1,6,19.95,119.7,0.79,0.0,Regular,R,False,False,False
2026-08-01,0720B,99900072075,ANGEL'S ENVY BOURBON,DOMESTIC WHISKEY,750 ML,750,86.6,,,United States,Bottle,1,6,49.95,299.7,1.97,5.0,Regular,R,False,False,False
2026-08-01,0720E,99900072037,ANGEL'S ENVY BOURBON,DOMESTIC WHISKEY,375 ML,375,86.6,,,United States,Bottle,1,12,29.95,359.4,2.36,0.0,Limited Listing,L,False,False,False
2026-08-01,0721E,99900072137,BULL RUN CHINATO BARREL AGED,DOMESTIC WHISKEY,375 ML,375,90.0,,,United States,Bottle,1,12,35.0,420.0,2.76,0.0,Seasonal,B,True,False,False
2026-08-01,0724B,99900072475,MAISON ROUGE VS,BRANDY / COGNAC,750 ML,750,80.0,,,,Bottle,1,12,40.75,489.0,1.6,5.8,Limited Listing,L,False,False,False
2026-08-01,0725B,99900072575,MAISON ROUGE VSOP,BRANDY / COGNAC,750 ML,750,80.0,,,,Bottle,1,12,46.3,555.6,1.82,6.35,Regular,R,False,False,False
2026-08-01,0727B,99900072775,DESERT ISLAND LONG ISLAND ICE TEA,COCKTAILS,750 ML,750,75.0,,,United States,Bottle,1,12,9.95,119.4,0.39,0.0,Regular,R,False,False,False
2026-08-01,0727H,99900072717,DESERT ISLAND LONG ISLAND ICE TEA,COCKTAILS,1.75 L,1750,75.0,,,United States,Bottle,1,6,19.95,119.7,0.34,1.0,Regular,R,False,False,False
2026-08-01,0734B,99900073475,TANTEO JALAPENO TEQUILA,CORDIALS,750 ML,750,80.0,,,,Bottle,1,6,33.95,203.7,1.34,0.0,Regular,R,False,False,False
2026-08-01,0740H,99900074017,CUERVO AUTHENTIC STRAWBERRY LIME  MARGARITAS,COCKTAILS,1.75 L,1750,19.9,,,Mexico,Bottle,1,6,17.95,107.7,0.3,2.0,Regular,R,False,False,False
2026-08-01,0741H,99900074117,CUERVO AUTHENTIC LIME MARGARITAS,COCKTAILS,1.75 L,1750,19.9,,,Mexico,Bottle,1,6,17.95,107.7,0.3,2.0,Regular,R,False,False,False
2026-08-01,0764H,99900076417,KAHLUA WHITE RUSSIAN READY TO DRINK,COCKTAILS,1.75 L,1750,25.0,,,Mexico,Bottle,1,6,19.95,119.7,0.34,0.0,Regular,R,False,False,False
2026-08-01,0765B,99900076575,COMBIER PAMPLEMOUSSE ROSE LIQUER,CORDIALS,750 ML,750,32.0,,,France,Bottle,1,6,33.95,203.7,1.34,0.0,Regular,R,False,False,False
2026-08-01,0765I,99900076570,COMBIER PAMPLEMOUSSE ROSE LIQUER,CORDIALS,700 ML,700,32.0,,,France,Bottle,1,6,33.95,203.7,1.43,0.0,Regular,R,False,False,False
2026-08-01,0767B,99900076775,KNARR ABSINTHE VERTE,CORDIALS,750 ML,750,160.0,,,United States,Bottle,1,12,43.25,519.0,1.7,0.0,Limited Listing,L,True,False,False
2026-08-01,0772H,99900077217,ICE BOX MUDSLIDE,COCKTAILS,1.75 L,1750,25.0,,,Canada,Can,1,6,13.95,83.7,0.24,-1.0,Regular,R,False,False,False
2026-08-01,0775B,99900077575,BARTON LONG ISLAND ICE TEA,COCKTAILS,750 ML,750,75.0,,,United States,Bottle,1,12,9.95,119.4,0.39,0.0,Regular,R,False,False,False
2026-08-01,0783B,99900078375,JOHNNIE WALKER DOUBLE BLACK BLENDED WHSK,SCOTCH,750 ML,750,80.0,,,Scotland,Bottle,1,6,46.95,281.7,1.85,4.0,Regular,R,False,False,False
2026-08-01,0784H,99900078417,KAHLUA READY TO DRINK ORIGINAL MUDSLIDE,COCKTAILS,1.75 L,1750,25.0,,,Mexico,Bottle,1,6,19.95,119.7,0.34,0.0,Regular,R,False,False,False
2026-08-01,0788B,99900078875,JOSE CUERVO ESP SILVER/1L JC MARGARTA MX,TEQUILA,750 ML,750,80.0,,,Mexico,Bottle,1,6,16.95,101.7,0.67,-3.0,Seasonal,B,False,False,False
2026-08-01,0809B,99900080975,CIROC PEACH FLAVORED VODKA SPECIALTY,VODKA,750 ML,750,70.0,,,France,Bottle,1,12,35.95,431.4,1.42,6.0,Regular,R,False,False,False
2026-08-01,0819B,99900081975,SAILOR JERRY SPICED TRAVELER,RUM,750 ML,750,92.0,,,,Bottle,1,12,16.95,203.4,0.67,-3.0,Regular,R,False,False,True
2026-08-01,0819H,99900081917,SAILOR JERRY SPICED TRAVELER,RUM,1.75 L,1750,92.0,,,,Bottle,1,6,29.95,179.7,0.51,0.0,Regular,R,False,False,False
2026-08-01,0828B,99900082875,VERACITY SPIRITS VODKA,VODKA,750 ML,750,80.0,,,United States,Bottle,1,12,26.0,312.0,1.02,0.0,Regular,R,True,False,False
2026-08-01,0832B,99900083275,HIGH WEST WHISKEY DOUBLE RYE,DOMESTIC WHISKEY,750 ML,750,92.0,,,United States,Bottle,1,6,32.95,197.7,1.3,-2.0,Regular,R,False,False,False
2026-08-01,0832E,99900083237,HIGH WEST WHISKEY DOUBLE RYE,DOMESTIC WHISKEY,375 ML,375,92.0,,,United States,Bottle,1,12,16.95,203.4,1.33,0.0,Trial Listing,T,False,False,False
2026-08-01,0832H,99900083217,HIGH WEST WHISKEY DOUBLE RYE,DOMESTIC WHISKEY,1.75 L,1750,92.0,,,United States,Bottle,1,6,54.95,329.7,0.93,-5.0,Limited Listing,L,False,False,False
2026-08-01,0858B,99900085875,NOLET'S SILVER GIN (HOLLAND) WAS DRY,GIN,750 ML,750,95.2,,,Netherlands,Bottle,1,4,34.95,139.8,1.38,0.0,Regular,R,False,False,False
2026-08-01,0866I,99900086670,COMBIER CREME DE PECHE,CORDIALS,700 ML,700,40.0,,,France,Bottle,1,6,33.95,203.7,1.43,0.0,Limited Listing,L,False,False,False
2026-08-01,0867I,99900086770,COMBIER CREME DE CASSIS,CORDIALS,700 ML,700,40.0,,,France,Bottle,1,6,33.95,203.7,1.43,0.0,Limited Listing,L,False,False,False
2026-08-01,0872B,99900087275,PUERTO VALLARTA GOLD TEQ,TEQUILA,750 ML,750,80.0,,,Mexico,Bottle,1,12,10.95,131.4,0.43,0.0,Regular,R,False,False,False
2026-08-01,0872H,99900087217,PUERTO VALLARTA GOLD TEQ,TEQUILA,1.75 L,1750,80.0,,,Mexico,Bottle,1,6,22.95,137.7,0.39,0.0,Regular,R,False,False,False
2026-08-01,0873B,99900087375,RANSOM SPIRITS THE EMERALD STRAIGHT WHKY,DOMESTIC WHISKEY,750 ML,750,87.6,,,United States,Bottle,1,6,39.95,239.7,1.57,0.0,Limited Listing,L,True,False,False
2026-08-01,0874B,99900087475,DON JULIO SILVER TEQUILA WHITE,TEQUILA,750 ML,750,80.0,,,Mexico,Bottle,1,6,49.95,299.7,1.97,0.0,Regular,R,False,False,False
2026-08-01,0874E,99900087437,DON JULIO SILVER TEQUILA WHITE,TEQUILA,375 ML,375,80.0,,,Mexico,Bottle,1,12,25.95,311.4,2.04,0.0,Regular,R,False,False,False
2026-08-01,0874F,99900087405,DON JULIO SILVER TEQUILA WHITE,TEQUILA,50 ML,50,80.0,,,Mexico,Bottle,1,60,5.0,300.0,2.94,0.0,Regular,R,False,False,False
2026-08-01,0874H,99900087417,DON JULIO SILVER TEQUILA WHITE,TEQUILA,1.75 L,1750,80.0,,,Mexico,Bottle,1,3,104.95,314.85,1.77,0.0,Regular,R,False,False,False
2026-08-01,0875B,99900087575,DON JULIO ANEJO TEQUILA GOLD,TEQUILA,750 ML,750,80.0,,,Mexico,Bottle,1,6,59.95,359.7,2.36,0.0,Seasonal,B,False,False,False
2026-08-01,0875E,99900087537,DON JULIO ANEJO TEQUILA GOLD,TEQUILA,375 ML,375,80.0,,,Mexico,Bottle,1,12,31.95,383.4,2.52,0.0,Limited Listing,L,False,False,False
2026-08-01,0875H,99900087517,DON JULIO ANEJO TEQUILA GOLD,TEQUILA,1.75 L,1750,80.0,,,Mexico,Bottle,1,3,124.95,374.85,2.11,0.0,Regular,R,False,False,False
2026-08-01,0878B,99900087875,PATRON REPOSADO,TEQUILA,750 ML,750,80.0,,,Mexico,Bottle,1,12,54.95,659.4,2.16,5.0,Regular,R,False,False,False
2026-08-01,0880B,99900088075,CAZADORES REPOSADO GOLD TEQUILA,TEQUILA,750 ML,750,80.0,,,Mexico,Bottle,1,12,24.95,299.4,0.98,0.0,Regular,R,False,False,False
2026-08-01,0880E,99900088037,CAZADORES REPOSADO GOLD TEQUILA,TEQUILA,375 ML,375,80.0,,,Mexico,Bottle,1,24,14.95,358.8,1.18,2.0,Limited Listing,L,False,False,False
2026-08-01,0880F,99900088005,CAZADORES REPOSADO GOLD TEQUILA,TEQUILA,50 ML,50,80.0,,,Mexico,Bottle,1,120,2.0,240.0,1.18,0.0,Regular,R,False,False,False
2026-08-01,0880H,99900088017,CAZADORES REPOSADO GOLD TEQUILA,TEQUILA,1.75 L,1750,80.0,,,Mexico,Bottle,1,6,39.95,239.7,0.67,0.0,Regular,R,False,False,False
2026-08-01,0881B,99900088175,RANSOM DRY GIN,GIN,750 ML,750,86.0,,,United States,Bottle,1,6,29.95,179.7,1.18,0.0,Regular,R,True,False,False
2026-08-01,0882B,99900088275,1800 ANEJO,TEQUILA,750 ML,750,80.0,,,Mexico,Bottle,1,6,41.95,251.7,1.65,0.0,Regular,R,False,False,False
2026-08-01,0888B,99900088875,MARGARITAVILLE GOLD TEQUILA,TEQUILA,750 ML,750,80.0,,,Mexico,Bottle,1,12,8.95,107.4,0.35,0.0,Regular,R,False,False,False
2026-08-01,0888E,99900088837,MARGARITAVILLE GOLD TEQUILA,TEQUILA,375 ML,375,80.0,,,Mexico,Bottle,1,24,5.95,142.8,0.47,0.0,Trial Listing,T,False,False,False
2026-08-01,0888H,99900088817,MARGARITAVILLE GOLD TEQUILA,TEQUILA,1.75 L,1750,80.0,,,Mexico,Bottle,1,6,17.95,107.7,0.3,0.0,Regular,R,False,False,False
2026-08-01,0890B,99900089075,THE BOTANIST,GIN,750 ML,750,92.0,,,,Bottle,1,6,34.95,209.7,1.38,0.0,Regular,R,False,False,False
2026-08-01,0892B,99900089275,MONTEZUMA,TEQUILA,750 ML,750,80.0,,,Mexico,Bottle,1,12,8.95,107.4,0.35,0.0,Regular,R,False,False,False
2026-08-01,0892H,99900089217,MONTEZUMA,TEQUILA,1.75 L,1750,80.0,,,Mexico,Bottle,1,6,17.95,107.7,0.3,0.0,Regular,R,False,False,False
2026-08-01,0896B,99900089675,MONTE ALBAN MEZCAL,TEQUILA,750 ML,750,80.0,,,Mexico,Bottle,1,12,26.95,323.4,1.06,3.0,Regular,R,False,False,False
2026-08-01,0898B,99900089875,TWO FINGERS,TEQUILA,750 ML,750,80.0,,,Mexico,Bottle,1,12,17.95,215.4,0.71,0.0,Regular,R,False,False,False
2026-08-01,0899B,99900089975,TORADA REPOSADO,TEQUILA,750 ML,750,80.0,,,Mexico,Bottle,1,12,10.95,131.4,0.43,0.0,Regular,R,False,False,False
2026-08-01,0900B,99900090075,ARANDAS GOLD TEQUILA,TEQUILA,750 ML,750,80.0,,,Mexico,Bottle,1,12,14.95,179.4,0.59,0.0,Regular,R,False,False,False
2026-08-01,0900H,99900090017,ARANDAS GOLD TEQUILA,TEQUILA,1.75 L,1750,80.0,,,Mexico,Bottle,1,6,28.95,173.7,0.49,0.0,Regular,R,False,False,False
2026-08-01,0902A,99900090210,CUERVO ESPECIAL GOLD TEQUILA,TEQUILA,LITER,1000,80.0,,,Mexico,Bottle,1,12,21.95,263.4,0.65,0.0,Regular,R,False,False,False
2026-08-01,0902B,99900090275,CUERVO ESPECIAL GOLD TEQUILA,TEQUILA,750 ML,750,80.0,,,Mexico,Bottle,1,12,16.95,203.4,0.67,-3.0,Regular,R,False,False,True
2026-08-01,0902D,99900090220,CUERVO ESPECIAL GOLD TEQUILA,TEQUILA,200 ML,200,80.0,,,Mexico,Bottle,1,48,6.5,312.0,0.96,0.0,Regular,R,False,False,False
2026-08-01,0902E,99900090237,CUERVO ESPECIAL GOLD TEQUILA,TEQUILA,375 ML,375,80.0,,,Mexico,Bottle,1,24,11.45,274.8,0.9,0.0,Regular,R,False,False,False
2026-08-01,0902F,99900090205,CUERVO ESPECIAL GOLD TEQUILA,TEQUILA,50 ML,50,80.0,,,Mexico,Bottle,1,120,2.5,300.0,1.47,0.0,Regular,R,False,False,False
2026-08-01,0902H,99900090217,CUERVO ESPECIAL GOLD TEQUILA,TEQUILA,1.75 L,1750,80.0,,,Mexico,Bottle,1,6,39.95,239.7,0.67,5.0,Regular,R,False,False,False
2026-08-01,0903B,99900090375,SOUTHERN COMFORT 70 (WAS 76 PROOF),DOMESTIC WHISKEY,750 ML,750,70.0,,,United States,Bottle,1,12,15.95,191.4,0.63,3.0,Regular,R,False,False,False
2026-08-01,0903D,99900090320,SOUTHERN COMFORT 70 (WAS 76 PROOF),DOMESTIC WHISKEY,200 ML,200,70.0,,,United States,Bottle,1,48,3.95,189.6,0.58,0.0,Regular,R,False,False,False
2026-08-01,0903E,99900090337,SOUTHERN COMFORT 70 (WAS 76 PROOF),DOMESTIC WHISKEY,375 ML,375,70.0,,,United States,Bottle,1,24,6.95,166.8,0.55,0.0,Regular,R,False,False,False
2026-08-01,0903H,99900090317,SOUTHERN COMFORT 70 (WAS 76 PROOF),DOMESTIC WHISKEY,1.75 L,1750,70.0,,,United States,Bottle,1,6,29.95,179.7,0.51,-3.0,Regular,R,False,False,False
2026-08-01,0906B,99900090675,SAUZA HACIENDA GOLD TEQUILA,TEQUILA,750 ML,750,80.0,,,Mexico,Bottle,1,12,14.95,179.4,0.59,0.0,Regular,R,False,False,False
2026-08-01,0906H,99900090617,SAUZA HACIENDA GOLD TEQUILA,TEQUILA,1.75 L,1750,80.0,,,Mexico,Bottle,1,6,29.95,179.7,0.51,-5.0,Regular,R,False,False,False
2026-08-01,0907B,99900090775,JOSE CUERVO TRADICIONAL GOLD,TEQUILA,750 ML,750,80.0,,,Mexico,Bottle,1,12,19.95,239.4,0.79,-3.0,Regular,R,False,False,True
2026-08-01,0907H,99900090717,JOSE CUERVO TRADICIONAL GOLD,TEQUILA,1.75 L,1750,80.0,,,Mexico,Bottle,1,6,39.95,239.7,0.67,-4.0,Regular,R,False,False,False
2026-08-01,0909B,99900090975,ARANDAS WHITE TEQUILA,TEQUILA,750 ML,750,80.0,,,Mexico,Bottle,1,12,14.95,179.4,0.59,0.0,Regular,R,False,False,False
2026-08-01,0910B,99900091075,PATRON ANEJO,TEQUILA,750 ML,750,80.0,,,Mexico,Bottle,1,12,59.95,719.4,2.36,5.0,Regular,R,False,False,False
2026-08-01,0910E,99900091037,PATRON ANEJO,TEQUILA,375 ML,375,80.0,,,Mexico,Bottle,1,12,29.95,359.4,2.36,0.0,Limited Listing,L,False,False,False
2026-08-01,0911B,99900091175,PATRON SILVER TEQUILA,TEQUILA,750 ML,750,80.0,,,Mexico,Bottle,1,12,49.95,599.4,1.97,5.0,Regular,R,False,False,False
2026-08-01,0911D,99900091120,PATRON SILVER TEQUILA,TEQUILA,200 ML,200,80.0,,,Mexico,Bottle,1,12,19.95,239.4,2.93,0.0,Limited Listing,L,False,False,False
2026-08-01,0911E,99900091137,PATRON SILVER TEQUILA,TEQUILA,375 ML,375,80.0,,,Mexico,Bottle,1,12,25.95,311.4,2.04,0.0,Regular,R,False,False,False
2026-08-01,0911F,99900091105,PATRON SILVER TEQUILA,TEQUILA,50 ML,50,80.0,,,Mexico,Bottle,1,72,5.0,360.0,2.94,0.0,Regular,R,False,False,False
2026-08-01,0911H,99900091117,PATRON SILVER TEQUILA,TEQUILA,1.75 L,1750,80.0,,,Mexico,Bottle,1,3,104.95,314.85,1.77,5.0,Regular,R,False,False,False
2026-08-01,0913B,99900091375,BENEDICTINE DOM,CORDIALS,750 ML,750,80.0,,,,Bottle,1,12,39.95,479.4,1.57,0.0,Regular,R,False,False,False
2026-08-01,0914B,99900091475,DRAMBUIE LIQUEUR,CORDIALS,750 ML,750,80.0,,,Scotland,Bottle,1,12,45.95,551.4,1.81,0.0,Regular,R,False,False,False
2026-08-01,0914E,99900091437,DRAMBUIE LIQUEUR,CORDIALS,375 ML,375,80.0,,,Scotland,Bottle,1,12,23.95,287.4,1.89,0.0,Limited Listing,L,False,False,False
2026-08-01,0915B,99900091575,B AND B DOM,CORDIALS,750 ML,750,80.0,,,,Bottle,1,12,39.95,479.4,1.57,0.0,Regular,R,False,False,False
2026-08-01,0916B,99900091675,SOUTHERN COMFORT 100,DOMESTIC WHISKEY,750 ML,750,100.0,,,United States,Bottle,1,12,15.95,191.4,0.63,1.0,Regular,R,False,False,False
2026-08-01,0916F,99900091605,SOUTHERN COMFORT 100,DOMESTIC WHISKEY,50 ML,50,100.0,,,United States,Bottle,1,120,2.0,240.0,1.18,0.0,Limited Listing,L,False,False,False
2026-08-01,0916H,99900091617,SOUTHERN COMFORT 100,DOMESTIC WHISKEY,1.75 L,1750,100.0,,,United States,Bottle,1,6,29.95,179.7,0.51,-3.0,Limited Listing,L,False,False,False
2026-08-01,0917B,99900091775,COINTREAU,CORDIALS,750 ML,750,80.0,,,France,Bottle,1,12,36.95,443.4,1.45,2.0,Regular,R,False,False,False
2026-08-01,0917E,99900091737,COINTREAU,CORDIALS,375 ML,375,80.0,,,France,Bottle,1,24,23.95,574.8,1.89,0.0,Regular,R,False,False,False
2026-08-01,0917H,99900091717,COINTREAU,CORDIALS,1.75 L,1750,80.0,,,France,Bottle,1,6,74.95,449.7,1.27,-5.0,Regular,R,False,False,False
2026-08-01,0918A,99900091810,KAHLUA MEXICAN COFFEE LIQUOR,CORDIALS,LITER,1000,40.0,,,Mexico,Bottle,1,12,32.95,395.4,0.97,0.0,Regular,R,False,False,False
2026-08-01,0918B,99900091875,KAHLUA MEXICAN COFFEE LIQUOR,CORDIALS,750 ML,750,40.0,,,Mexico,Bottle,1,12,27.95,335.4,1.1,0.0,Regular,R,False,False,False
2026-08-01,0918E,99900091837,KAHLUA MEXICAN COFFEE LIQUOR,CORDIALS,375 ML,375,40.0,,,Mexico,Bottle,1,24,15.95,382.8,1.26,0.0,Regular,R,False,False,False
2026-08-01,0918F,99900091805,KAHLUA MEXICAN COFFEE LIQUOR,CORDIALS,50 ML,50,40.0,,,Mexico,Bottle,1,120,2.5,300.0,1.47,0.0,Limited Listing,L,False,False,False
2026-08-01,0918H,99900091817,KAHLUA MEXICAN COFFEE LIQUOR,CORDIALS,1.75 L,1750,40.0,,,Mexico,Bottle,1,6,49.95,299.7,0.84,0.0,Regular,R,False,False,False
2026-08-01,0919E,99900091937,GALLIANO L'AUTENTICO HOLLAND HERB LIQUER,CORDIALS,375 ML,375,84.6,,,Italy,Bottle,1,12,22.95,275.4,1.81,0.0,Limited Listing,L,False,False,False
2026-08-01,0919I,99900091970,GALLIANO L'AUTENTICO HOLLAND HERB LIQUER,CORDIALS,700 ML,700,84.6,,,Netherlands,Bottle,1,6,29.95,179.7,1.26,0.0,Limited Listing,L,False,False,False
2026-08-01,0921B,99900092175,SAUZA HACIENDA  SILVER,TEQUILA,750 ML,750,80.0,,,Mexico,Bottle,1,12,14.95,179.4,0.59,1.0,Regular,R,False,False,False
2026-08-01,0921H,99900092117,SAUZA HACIENDA  SILVER,TEQUILA,1.75 L,1750,80.0,,,Mexico,Bottle,1,6,29.95,179.7,0.51,-5.0,Regular,R,False,False,False
2026-08-01,0922B,99900092275,CAFE LOLITA COFFEE LIQUEUR,CORDIALS,750 ML,750,48.0,,,,Bottle,1,12,9.95,119.4,0.39,-1.0,Regular,R,False,False,False
2026-08-01,0922H,99900092217,CAFE LOLITA COFFEE LIQUEUR,CORDIALS,1.75 L,1750,48.0,,,,Bottle,1,6,19.95,119.7,0.34,0.0,Regular,R,False,False,False
2026-08-01,0923B,99900092375,CORRALEJO REPOSADO GOLD TEQUILA,TEQUILA,750 ML,750,80.0,,,Mexico,Bottle,1,6,36.95,221.7,1.45,4.0,Regular,R,False,False,False
2026-08-01,0923E,99900092337,CORRALEJO REPOSADO GOLD TEQUILA,TEQUILA,375 ML,375,80.0,,,Mexico,Bottle,1,12,19.95,239.4,1.57,0.0,Trial Listing,T,False,True,False
2026-08-01,0923H,99900092317,CORRALEJO REPOSADO GOLD TEQUILA,TEQUILA,1.75 L,1750,80.0,,,Mexico,Bottle,1,6,63.95,383.7,1.08,0.0,Regular,R,False,False,False
2026-08-01,0924B,99900092475,1800 REPOSADO TEQUILA,TEQUILA,750 ML,750,80.0,,,Mexico,Bottle,1,12,29.95,359.4,1.18,4.0,Regular,R,False,False,False
2026-08-01,0924E,99900092437,1800 REPOSADO TEQUILA,TEQUILA,375 ML,375,80.0,,,Mexico,Bottle,1,12,17.45,209.4,1.37,0.0,Regular,R,False,False,False
2026-08-01,0924H,99900092417,1800 REPOSADO TEQUILA,TEQUILA,1.75 L,1750,80.0,,,Mexico,Bottle,1,6,45.95,275.7,0.78,-4.0,Regular,R,False,False,False
2026-08-01,0927B,99900092775,KAMORA COFFEE LIQUEUR,CORDIALS,750 ML,750,40.0,,,,Bottle,1,12,11.95,143.4,0.47,-2.0,Regular,R,False,False,False
2026-08-01,0927H,99900092717,KAMORA COFFEE LIQUEUR,CORDIALS,1.75 L,1750,40.0,,,,Bottle,1,6,27.95,167.7,0.47,6.0,Regular,R,False,False,False
2026-08-01,0928B,99900092875,SINFIRE CINNAMON WHISKEY (CANADA),DOMESTIC WHISKEY,750 ML,750,70.0,,,Canada,Bottle,1,12,13.95,167.4,0.55,1.0,Regular,R,True,False,False
2026-08-01,0928E,99900092837,SINFIRE CINNAMON WHISKEY (CANADA),DOMESTIC WHISKEY,375 ML,375,70.0,,,Canada,Bottle,1,24,6.45,154.8,0.51,0.0,Regular,R,True,False,False
2026-08-01,0928F,99900092805,SINFIRE CINNAMON WHISKEY (CANADA),DOMESTIC WHISKEY,50 ML,50,70.0,,,Canada,Bottle,1,120,2.25,270.0,1.32,0.0,Regular,R,True,False,False
2026-08-01,0928H,99900092817,SINFIRE CINNAMON WHISKEY (CANADA),DOMESTIC WHISKEY,1.75 L,1750,70.0,,,Canada,Bottle,1,6,25.95,155.7,0.44,2.0,Regular,R,True,False,False
2026-08-01,0929A,99900092910,HORNITOS REPOSADO TEQUILA,TEQUILA,LITER,1000,80.0,,,Mexico,Bottle,1,12,33.95,407.4,1.0,0.0,Regular,R,False,False,False
2026-08-01,0929B,99900092975,HORNITOS REPOSADO TEQUILA,TEQUILA,750 ML,750,80.0,,,Mexico,Bottle,1,12,24.95,299.4,0.98,0.0,Regular,R,False,False,False
2026-08-01,0929D,99900092920,HORNITOS REPOSADO TEQUILA,TEQUILA,200 ML,200,80.0,,,Mexico,Bottle,1,24,9.45,226.8,1.39,0.0,Regular,R,False,False,False
2026-08-01,0929F,99900092905,HORNITOS REPOSADO TEQUILA,TEQUILA,50 ML,50,80.0,,,Mexico,Bottle,1,120,4.25,510.0,2.5,0.0,Regular,R,False,False,False
2026-08-01,0929H,99900092917,HORNITOS REPOSADO TEQUILA,TEQUILA,1.75 L,1750,80.0,,,Mexico,Bottle,1,6,41.95,251.7,0.71,-5.0,Regular,R,False,False,False
2026-08-01,0930B,99900093075,MONARCH TEQUILA GOLD,TEQUILA,750 ML,750,80.0,,,Mexico,Bottle,1,12,14.95,179.4,0.59,0.0,Regular,R,True,False,False
2026-08-01,0930H,99900093017,MONARCH TEQUILA GOLD,TEQUILA,1.75 L,1750,80.0,,,Mexico,Bottle,1,6,30.95,185.7,0.52,0.0,Regular,R,True,False,False
2026-08-01,0932B,99900093275,KAHLUA ESPECIAL COFFEE LIQUEUR,CORDIALS,750 ML,750,70.0,,,Mexico,Bottle,1,12,27.95,335.4,1.1,0.0,Regular,R,False,False,False
2026-08-01,0933B,99900093375,MARGARITAVILLE SILVER TEQUILA,TEQUILA,750 ML,750,80.0,,,Mexico,Bottle,1,12,8.95,107.4,0.35,0.0,Regular,R,False,False,False
2026-08-01,0933E,99900093337,MARGARITAVILLE SILVER TEQUILA,TEQUILA,375 ML,375,80.0,,,Mexico,Bottle,1,24,5.95,142.8,0.47,0.0,Trial Listing,T,False,False,False
2026-08-01,0935B,99900093575,PIMMS CUP,CORDIALS,750 ML,750,50.0,,,,Bottle,1,12,25.95,311.4,1.02,0.0,Regular,R,False,False,False
2026-08-01,0937B,99900093775,MONARCH TEQUILA WHITE,TEQUILA,750 ML,750,80.0,,,Mexico,Bottle,1,12,14.95,179.4,0.59,0.0,Regular,R,True,False,False
2026-08-01,0937H,99900093717,MONARCH TEQUILA WHITE,TEQUILA,1.75 L,1750,80.0,,,Mexico,Bottle,1,6,30.95,185.7,0.52,0.0,Regular,R,True,False,False
2026-08-01,0939B,99900093975,FIREBALL CINNAMON PET,CANADIAN,750 ML,750,66.0,,,Canada,Bottle,1,12,13.95,167.4,0.55,-2.0,Regular,R,False,False,False
2026-08-01,0941B,99900094175,YUKON JACK,CORDIALS,750 ML,750,100.0,,,United States,Bottle,1,12,19.95,239.4,0.79,2.0,Regular,R,False,False,False
2026-08-01,0941D,99900094120,YUKON JACK,CORDIALS,200 ML,200,100.0,,,United States,Bottle,1,48,5.95,285.6,0.88,0.0,Regular,R,False,False,False
2026-08-01,0941E,99900094137,YUKON JACK,CORDIALS,375 ML,375,100.0,,,United States,Bottle,1,24,9.95,238.8,0.78,0.0,Regular,R,False,False,False
2026-08-01,0941F,99900094105,YUKON JACK,CORDIALS,50 ML,50,100.0,,,United States,Bottle,1,120,2.0,240.0,1.18,0.0,Regular,R,False,False,False
2026-08-01,0941H,99900094117,YUKON JACK,CORDIALS,1.75 L,1750,100.0,,,United States,Bottle,1,6,33.95,203.7,0.57,-2.0,Regular,R,False,False,False
2026-08-01,0942B,99900094275,PUEBLO VIEJO REPOSADO TEQUILA,TEQUILA,750 ML,750,80.0,,,Mexico,Bottle,1,12,18.95,227.4,0.75,0.0,Regular,R,False,False,False
2026-08-01,0942H,99900094217,PUEBLO VIEJO REPOSADO TEQUILA,TEQUILA,1.75 L,1750,80.0,,,Mexico,Bottle,1,6,31.95,191.7,0.54,0.0,Regular,R,False,False,False
2026-08-01,0943A,99900094310,BAILEYS ORIGINAL IRISH CREAM LIQUEUR,CORDIALS,LITER,1000,34.0,,,Republic of Ireland,Bottle,1,12,33.95,407.4,1.0,0.0,Regular,R,False,False,False
2026-08-01,0943B,99900094375,BAILEYS ORIGINAL IRISH CREAM LIQUEUR,CORDIALS,750 ML,750,34.0,,,Republic of Ireland,Bottle,1,12,29.95,359.4,1.18,0.0,Regular,R,False,False,False
2026-08-01,0943E,99900094337,BAILEYS ORIGINAL IRISH CREAM LIQUEUR,CORDIALS,375 ML,375,34.0,,,Republic of Ireland,Bottle,1,12,16.95,203.4,1.33,0.0,Regular,R,False,False,False
2026-08-01,0943F,99900094305,BAILEYS ORIGINAL IRISH CREAM LIQUEUR,CORDIALS,50 ML,50,34.0,,,Republic of Ireland,Bottle,1,80,3.5,280.0,2.06,0.0,Regular,R,False,False,False
2026-08-01,0943H,99900094317,BAILEYS ORIGINAL IRISH CREAM LIQUEUR,CORDIALS,1.75 L,1750,34.0,,,Republic of Ireland,Bottle,1,6,56.95,341.7,0.96,0.0,Regular,R,False,False,False
2026-08-01,0944B,99900094475,DEKUYPER CREME DE MENTHE WHITE,CORDIALS,750 ML,750,60.0,,,Netherlands,Bottle,1,12,12.95,155.4,0.51,0.0,Regular,R,False,False,False
2026-08-01,0946B,99900094675,PUEBLO VIEJO BLANCO,TEQUILA,750 ML,750,80.0,,,Mexico,Bottle,1,12,18.95,227.4,0.75,0.0,Regular,R,False,False,False
2026-08-01,0946H,99900094617,PUEBLO VIEJO BLANCO,TEQUILA,1.75 L,1750,80.0,,,Mexico,Bottle,1,6,31.95,191.7,0.54,0.0,Regular,R,False,False,False
2026-08-01,0950B,99900095075,TARANTULA AZUL,CORDIALS,750 ML,750,70.0,,,Mexico,Bottle,1,12,22.95,275.4,0.9,0.0,Regular,R,False,False,False
2026-08-01,0950H,99900095017,TARANTULA AZUL,CORDIALS,1.75 L,1750,70.0,,,Mexico,Bottle,1,6,45.95,275.7,0.78,0.0,Regular,R,False,False,False
2026-08-01,0953B,99900095375,DEKUYPER CREME DE MENTHE GREEN,CORDIALS,750 ML,750,60.0,,,Netherlands,Bottle,1,12,12.95,155.4,0.51,0.0,Regular,R,False,False,False
2026-08-01,0959B,99900095975,DI SARONNO AMARETTO,CORDIALS,750 ML,750,56.0,,,Italy,Bottle,1,12,32.45,389.4,1.28,0.0,Regular,R,False,False,False
2026-08-01,0959E,99900095937,DI SARONNO AMARETTO,CORDIALS,375 ML,375,56.0,,,Italy,Bottle,1,12,17.95,215.4,1.41,-2.0,Regular,R,False,False,False
2026-08-01,0959F,99900095905,DI SARONNO AMARETTO,CORDIALS,50 ML,50,56.0,,,Italy,Bottle,1,120,4.0,480.0,2.35,0.0,Limited Listing,L,False,False,False
2026-08-01,0960B,99900096075,AMARETTO DI AMORE CLASSICO,CORDIALS,750 ML,750,42.0,,,,Bottle,1,12,12.95,155.4,0.51,1.0,Regular,R,False,False,False
2026-08-01,0966B,99900096675,CHATEAU MONET FRAMBOISE RASPBERRY LIQUER,CORDIALS,750 ML,750,33.0,,,,Bottle,1,12,18.95,227.4,0.75,1.0,Regular,R,False,False,False
2026-08-01,0968B,99900096875,DEKUYPER RAZZMATAZZ RASP/LMNADE LIQUEUR,CORDIALS,750 ML,750,33.0,,,Netherlands,Bottle,1,12,11.95,143.4,0.47,0.0,Regular,R,False,False,False
2026-08-01,0969B,99900096975,FRANGELICO,CORDIALS,750 ML,750,40.0,,,Italy,Bottle,1,12,29.95,359.4,1.18,-3.0,Regular,R,False,False,True
2026-08-01,0969E,99900096937,FRANGELICO,CORDIALS,375 ML,375,40.0,,,Italy,Bottle,1,12,19.95,239.4,1.57,0.0,Limited Listing,L,False,False,False
2026-08-01,0970B,99900097075,DEKUYPER CREME DE COCOA WHITE LIQUEUR,CORDIALS,750 ML,750,54.0,,,Netherlands,Bottle,1,12,12.95,155.4,0.51,0.0,Regular,R,False,False,False
2026-08-01,0973B,99900097375,360 HUCKLEBERRY FLAVORED VODKA,VODKA,750 ML,750,70.0,,,United States,Bottle,1,12,16.95,203.4,0.67,0.0,Regular,R,False,False,False
2026-08-01,0977B,99900097775,OUZO 12,CORDIALS,750 ML,750,80.0,,,,Bottle,1,12,22.95,275.4,0.9,0.0,Regular,R,False,False,False
2026-08-01,0979B,99900097975,DEKUYPER CREME COCOA DARK LIQUEUR,CORDIALS,750 ML,750,54.0,,,Netherlands,Bottle,1,12,12.95,155.4,0.51,0.0,Regular,R,False,False,False
2026-08-01,0987B,99900098775,COPA DE ORO MEXICAN,CORDIALS,750 ML,750,53.0,,,,Bottle,1,12,12.95,155.4,0.51,0.0,Regular,R,False,False,False
2026-08-01,0989E,99900098937,CLEAR CREEK KIRSCHWASSER,BRANDY / COGNAC,375 ML,375,80.0,,,United States,Bottle,1,12,29.95,359.4,2.36,0.0,Limited Listing,L,True,False,False
2026-08-01,0989I,99900098970,CLEAR CREEK KIRSCHWASSER,BRANDY / COGNAC,700 ML,700,80.0,,,United States,Bottle,1,6,46.95,281.7,1.98,0.0,Limited Listing,L,True,False,False
2026-08-01,0993B,99900099375,MONARCH CREME DE CACAO DARK,CORDIALS,750 ML,750,48.0,,,Canada,Bottle,1,12,11.95,143.4,0.47,0.0,Regular,R,True,False,False
2026-08-01,0994B,99900099475,MONARCH AMARETTO,CORDIALS,750 ML,750,48.0,,,Canada,Bottle,1,12,10.95,131.4,0.43,0.0,Regular,R,True,False,False
2026-08-01,0994H,99900099417,MONARCH AMARETTO,CORDIALS,1.75 L,1750,48.0,,,Canada,Bottle,1,6,21.95,131.7,0.37,0.0,Regular,R,True,False,False
2026-08-01,0995B,99900099575,MONARCH COFFEE LIQUEUR,CORDIALS,750 ML,750,40.0,,,Canada,Bottle,1,12,9.45,113.4,0.37,0.0,Regular,R,True,False,False
2026-08-01,0995H,99900099517,MONARCH COFFEE LIQUEUR,CORDIALS,1.75 L,1750,40.0,,,Canada,Bottle,1,6,19.95,119.7,0.34,0.0,Regular,R,True,False,False
2026-08-01,0996B,99900099675,KAPALI DE CAFE COFFEE LIQUEUR,CORDIALS,750 ML,750,40.0,,,,Bottle,1,12,10.95,131.4,0.43,1.0,Regular,R,False,False,False
2026-08-01,10003B,99901000375,GLENFIDDICH 26 GRANDE COURONNE,SCOTCH,750 ML,750,86.0,26 YRS,312,Scotland,Bottle,1,3,719.95,2159.85,28.34,0.0,Seasonal,B,False,False,False
2026-08-01,10009B,99901000975,BARREL & TIDE FORMALLY AO S/M,DOMESTIC WHISKEY,750 ML,750,80.0,,,United States,Bottle,1,12,60.0,720.0,2.36,0.0,Trial Listing,T,True,False,False
2026-08-01,10011B,99901001175,STEAM VODKA,VODKA,750 ML,750,80.0,,,United States,Bottle,1,12,29.95,359.4,1.18,0.0,Trial Listing,T,True,False,False
2026-08-01,10014A,99901001410,STRAIGHTAWAY PALOMA 4-250ML CANS,COCKTAILS,250 ML,250,20.0,,,United States,Multi-Pack Can,4,6,15.95,95.7,0.47,0.0,Regular,R,True,False,False
2026-08-01,10022B,99901002275,BIG NOSE KATE WESTERN WHISKEY,DOMESTIC WHISKEY,750 ML,750,90.0,3 YRS,36,United States,Bottle,1,6,38.95,233.7,1.53,0.0,Regular,R,False,False,False
2026-08-01,10025B,99901002575,TRAILS END 10 YEAR BOURBON,DOMESTIC WHISKEY,750 ML,750,105.0,10 YRS,120,United States,Bottle,1,6,52.95,317.7,2.08,-5.0,Limited Listing,L,True,False,False
2026-08-01,10026H,99901002617,FIREBALL KEGGED 3-BAGS,DOMESTIC WHISKEY,1.75 L,1750,66.0,,,Canada,Multi-Pack Bottle,3,2,79.95,159.9,1.35,0.0,Seasonal,B,False,False,False
2026-08-01,10039B,99901003975,WANDERBACK WHISKEY BATCH NO 5,DOMESTIC WHISKEY,750 ML,750,104.0,,,United States,Bottle,1,6,79.95,479.7,3.15,0.0,Limited Listing,L,True,False,False
2026-08-01,10046B,99901004675,SMIRNOFF SPICY TAMARIND,VODKA,750 ML,750,70.0,,,United States,Bottle,1,12,14.95,179.4,0.59,0.0,Regular,R,False,False,False
2026-08-01,10046E,99901004637,SMIRNOFF SPICY TAMARIND,VODKA,375 ML,375,70.0,,,United States,Bottle,1,24,7.45,178.8,0.59,0.0,Trial Listing,T,False,False,False
2026-08-01,10046F,99901004605,SMIRNOFF SPICY TAMARIND,VODKA,50 ML,50,70.0,,,United States,Bottle,1,120,1.5,180.0,0.88,0.0,Limited Listing,L,False,False,False
2026-08-01,10046H,99901004617,SMIRNOFF SPICY TAMARIND,VODKA,1.75 L,1750,70.0,,,United States,Bottle,1,6,19.95,119.7,0.34,-2.0,Regular,R,False,False,False
2026-08-01,10051B,99901005175,MCCARTHY'S AMERICAN S/M - 6 YR,WHISKEY,750 ML,750,100.0,,,United States,Bottle,1,6,69.95,419.7,2.75,0.0,Limited Listing,L,True,False,False
2026-08-01,10053E,99901005337,JINRO PLUM SOJU,CORDIALS,375 ML,375,26.0,,,,Bottle,1,20,6.8,136.0,0.54,0.0,Limited Listing,L,False,False,False
2026-08-01,10065B,99901006575,VANPORT 1948 VODKA,VODKA,750 ML,750,80.0,,,United States,Bottle,1,12,23.95,287.4,0.94,0.0,Limited Listing,L,True,False,False
2026-08-01,10078B,99901007875,EL CRISTIANO EXTRA REPOSADO,TEQUILA,750 ML,750,80.0,,,Mexico,Bottle,1,6,87.95,527.7,3.46,0.0,Limited Listing,L,False,False,False
2026-08-01,10079B,99901007975,EL CRISTIANO REPOSADO,TEQUILA,750 ML,750,80.0,,,Mexico,Bottle,1,6,58.95,353.7,2.32,0.0,Limited Listing,L,False,False,False
2026-08-01,10080B,99901008075,EL CRISTIANO SILVER,TEQUILA,750 ML,750,80.0,,,Mexico,Bottle,1,6,49.95,299.7,1.97,0.0,Limited Listing,L,False,False,False
2026-08-01,10081B,99901008175,EL CRISTIANO 3 YEAR EXTRA ANEJO,TEQUILA,750 ML,750,80.0,3 YRS,36,Mexico,Bottle,1,6,149.95,899.7,5.9,0.0,Limited Listing,L,False,False,False
2026-08-01,10087B,99901008775,MOZART DARK CHOCOLATE LIQUEUR,CORDIALS,750 ML,750,34.0,,,,Bottle,1,6,29.95,179.7,1.18,0.0,Limited Listing,L,False,False,False
2026-08-01,10109B,99901010975,818 TEQUILA BLANCO,TEQUILA,750 ML,750,80.0,,,Mexico,Bottle,1,6,24.95,149.7,0.98,-8.0,Limited Listing,L,False,False,False
2026-08-01,10110B,99901011075,818 TEQUILA REPOSADO,TEQUILA,750 ML,750,80.0,,,Mexico,Bottle,1,6,29.95,179.7,1.18,-10.0,Limited Listing,L,False,False,False
2026-08-01,10111B,99901011175,LOCKDOWN COURAGE,VODKA,750 ML,750,80.0,,,United States,Bottle,1,12,24.95,299.4,0.98,0.0,Trial Listing,T,True,False,False
2026-08-01,10136E,99901013637,MALIBU PINA COLADA RTD (4-CANS),COCKTAILS,355 ML,355,14.0,,,Canada,Multi-Pack Can,4,6,12.95,77.7,1.02,3.0,Regular,R,False,False,False
2026-08-01,10137E,99901013737,MALIBU STRAWBERRY DAIQUIRI RTD (4-CANS),COCKTAILS,355 ML,355,14.0,,,Canada,Multi-Pack Can,4,6,12.95,77.7,1.02,3.0,Regular,R,False,False,False
2026-08-01,10151B,99901015175,40 ACRES RYE OREGON WINE FINISH,DOMESTIC WHISKEY,750 ML,750,90.0,,,United States,Bottle,1,12,39.95,479.4,1.57,0.0,Limited Listing,L,True,False,False
2026-08-01,10155B,99901015575,SODA JERK ORANGE CREAM SHOT,CORDIALS,750 ML,750,70.0,,,,Bottle,1,6,32.95,197.7,1.3,0.0,Limited Listing,L,False,False,False
2026-08-01,10155F,99901015505,SODA JERK ORANGE CREAM SHOT,CORDIALS,50 ML,50,70.0,,,,Bottle,1,60,1.5,90.0,0.88,0.0,One Time Buy,O,False,False,False
2026-08-01,10165B,99901016575,BIRD DOG SALTED CARAMEL FLAVORED WHISKEY,DOMESTIC WHISKEY,750 ML,750,80.0,,,United States,Bottle,1,6,18.95,113.7,0.75,-3.0,Regular,R,False,False,False
2026-08-01,10169E,99901016937,HIGH NOON VODKA VARIETY PACK 8-CANS,COCKTAILS,355 ML,355,9.0,,,United States,Multi-Pack Can,8,3,19.95,59.85,1.57,0.0,Regular,R,False,False,False
2026-08-01,10181B,99901018175,FETE VODKA WITH PURE GOLD FLAKES,VODKA,750 ML,750,80.0,,,United States,Bottle,1,12,29.95,359.4,1.18,0.0,Trial Listing,T,True,False,False
2026-08-01,10184B,99901018475,JAMESON ORANGE,IRISH,750 ML,750,60.0,,,Republic of Ireland,Bottle,1,6,26.95,161.7,1.06,-3.0,Regular,R,False,False,False
2026-08-01,10184E,99901018437,JAMESON ORANGE,IRISH,375 ML,375,60.0,,,Republic of Ireland,Bottle,1,24,15.95,382.8,1.26,0.0,Trial Listing,T,False,False,False
2026-08-01,10184F,99901018405,JAMESON ORANGE,IRISH,50 ML,50,60.0,,,Republic of Ireland,Bottle,1,120,2.75,330.0,1.62,0.0,Trial Listing,T,False,False,False
2026-08-01,10184H,99901018417,JAMESON ORANGE,IRISH,1.75 L,1750,60.0,,,Republic of Ireland,Bottle,1,6,54.95,329.7,0.93,0.0,Limited Listing,L,False,False,False
2026-08-01,1018B,99900101875,DEKUYPER CREME DE BANANA,CORDIALS,750 ML,750,56.0,,,Netherlands,Bottle,1,12,12.95,155.4,0.51,0.0,Regular,R,False,False,False
2026-08-01,1019B,99900101975,DEKUYPER BLUE,CORDIALS,750 ML,750,54.0,,,Netherlands,Bottle,1,12,12.95,155.4,0.51,0.0,Regular,R,False,False,False
2026-08-01,10202B,99901020275,FOX-TAIL DISTILLERY PEAR BRANDY,BRANDY / COGNAC,750 ML,750,80.0,,,United States,Bottle,1,12,34.95,419.4,1.38,0.0,Trial Listing,T,True,False,False
2026-08-01,10207E,99901020737,10 BARREL MAI TAI 4-CANS,COCKTAILS,355 ML,355,12.5,,,United States,Multi-Pack Can,4,6,11.95,71.7,0.94,0.0,Regular,R,True,False,False
2026-08-01,10219E,99901021937,503 DISTILLING PEPPERMINT LA VIDA MOCHA 4-CANS,COCKTAILS,355 ML,355,24.0,,,United States,Multi-Pack Can,4,6,14.95,89.7,1.18,0.0,Limited Listing,L,True,False,False
2026-08-01,1021B,99900102175,TEQUILA ROSE LIQUEUR,CORDIALS,750 ML,750,34.0,,,Mexico,Bottle,1,12,24.95,299.4,0.98,0.0,Regular,R,False,False,False
2026-08-01,1021E,99900102137,TEQUILA ROSE LIQUEUR,CORDIALS,375 ML,375,34.0,,,Mexico,Bottle,1,12,13.95,167.4,1.1,0.0,Trial Listing,T,False,False,False
2026-08-01,10223B,99901022375,HIGHLAND PARK 15 YEAR,SCOTCH,750 ML,750,88.0,15 YRS,180,Scotland,Bottle,1,6,124.95,749.7,4.92,0.0,Seasonal,B,False,False,False
2026-08-01,1022B,99900102275,RYAN'S CREAM,CORDIALS,750 ML,750,34.0,,,United States,Bottle,1,12,11.95,143.4,0.47,2.0,Regular,R,False,False,False
2026-08-01,1022H,99900102217,RYAN'S CREAM,CORDIALS,1.75 L,1750,34.0,,,United States,Bottle,1,6,19.95,119.7,0.34,-3.0,Regular,R,False,False,False
2026-08-01,10235D,99901023520,CRATER LAKE ROCK & RYE (2-100ML CANS),COCKTAILS,100 ML,100,60.0,,,United States,Multi-Pack Can,2,12,4.95,59.4,0.73,1.0,Regular,R,True,False,False
2026-08-01,1024B,99900102475,WOODFORD RESERVE DOUBLE OAK,DOMESTIC WHISKEY,750 ML,750,94.4,,,United States,Bottle,1,6,58.95,353.7,2.32,0.0,Regular,R,False,False,False
2026-08-01,1025B,99900102575,EMMET'S IRISH CREAM,CORDIALS,750 ML,750,34.0,,,Republic of Ireland,Bottle,1,12,12.95,155.4,0.51,0.0,Regular,R,False,False,False
2026-08-01,10267B,99901026775,BRIXEUR VODKA,VODKA,750 ML,750,80.0,,,United States,Bottle,1,12,35.0,420.0,1.38,0.0,Limited Listing,L,True,False,False
2026-08-01,10269B,99901026975,BOSSCAL JOVEN MEZCAL,MEZCAL,750 ML,750,84.0,,,Mexico,Bottle,1,6,39.95,239.7,1.57,0.0,Limited Listing,L,False,False,False
2026-08-01,10273B,99901027375,SMIRNOFF PEACH LEMONADE,VODKA,750 ML,750,60.0,,,United States,Bottle,1,12,12.95,155.4,0.51,0.0,Regular,R,False,False,False
2026-08-01,10282B,99901028275,GEORGE DICKEL LEOPOLD BROS COLLABORATION RYE,DOMESTIC WHISKEY,750 ML,750,100.0,,,United States,Bottle,1,12,107.95,1295.4,4.25,0.0,Seasonal,B,False,False,False
2026-08-01,10283E,99901028337,KETEL ONE BOTANICAL SPRITZ CUCUMBER & MINT (4-C),COCKTAILS,355 ML,355,9.0,,,Netherlands,Multi-Pack Can,4,6,10.95,65.7,0.86,0.0,Trial Listing,T,False,False,False
2026-08-01,10284E,99901028437,KETEL ONE BOTANICAL SPRITZ PEACH & ORANGE (4-CANS),COCKTAILS,355 ML,355,9.0,,,Netherlands,Multi-Pack Can,4,6,10.95,65.7,0.86,0.0,Regular,R,False,False,False
2026-08-01,10286H,99901028617,SKY HIGH VODKA,VODKA,1.75 L,1750,80.0,,,United States,Bottle,1,6,46.0,276.0,0.78,0.0,Trial Listing,T,True,False,False
2026-08-01,10289B,99901028975,STEAM MEDITERRANEAN GIN,GIN,750 ML,750,86.0,,,United States,Bottle,1,12,34.95,419.4,1.38,0.0,Trial Listing,T,True,False,False
2026-08-01,1028B,99900102875,DUGGAN'S CREAM LIQUEUR,CORDIALS,750 ML,750,34.0,,,,Bottle,1,12,14.9,178.8,0.59,0.0,Regular,R,False,False,False
2026-08-01,1030B,99900103075,HOUSE SPIRITS VOLSTEAD VODKA,VODKA,750 ML,750,80.0,,,United States,Bottle,1,6,19.95,119.7,0.79,0.0,Regular,R,True,False,False
2026-08-01,10319E,99901031937,JAMESON GINGER & LIME 6 - 4 PACKS CANS,COCKTAILS,355 ML,355,12.0,,,Republic of Ireland,Multi-Pack Can,4,6,9.95,59.7,0.78,0.0,Regular,R,False,False,False
2026-08-01,1031B,99900103175,FOUR ROSES S/B BARREL STRENGTH,DOMESTIC WHISKEY,750 ML,750,109.0,,,United States,Bottle,1,6,99.95,599.7,3.94,0.0,Seasonal,B,False,False,False
2026-08-01,10324B,99901032475,PORTER'S PEANUT BUTTER WHISKEY,DOMESTIC WHISKEY,750 ML,750,66.6,,,United States,Bottle,1,12,17.95,215.4,0.71,0.0,Limited Listing,L,False,False,False
2026-08-01,10327B,99901032775,TRAILS END 8 YEAR APPLE BRANDY BARREL FINISHED,DOMESTIC WHISKEY,750 ML,750,105.0,,,United States,Bottle,1,6,47.95,287.7,1.89,0.0,Trial Listing,T,True,False,False
2026-08-01,10333E,99901033337,CROWN ROYAL WHISKY LEMONADE (4-CANS),COCKTAILS,355 ML,355,14.0,,,Canada,Multi-Pack Can,4,6,11.95,71.7,0.94,0.0,Seasonal,B,False,False,False
2026-08-01,10339B,99901033975,CRUX FERMENTATION PROJECT,DOMESTIC WHISKEY,750 ML,750,100.0,,,United States,Bottle,1,6,79.95,479.7,3.15,0.0,Limited Listing,L,True,False,False
2026-08-01,1033B,99900103375,LEGACY CANADIAN WHISKY,CANADIAN,750 ML,750,80.0,,,Canada,Bottle,1,6,16.95,101.7,0.67,0.0,Regular,R,False,False,False
2026-08-01,1033F,99900103305,LEGACY CANADIAN WHISKY,CANADIAN,50 ML,50,80.0,,,Canada,Bottle,1,60,1.5,90.0,0.88,0.0,Regular,R,False,False,False
2026-08-01,1033H,99900103317,LEGACY CANADIAN WHISKY,CANADIAN,1.75 L,1750,80.0,,,Canada,Bottle,1,6,30.95,185.7,0.52,0.0,Regular,R,False,False,False
2026-08-01,10341B,99901034175,JUST RUM UNCLE JOHN'S CUT STILL STRENGTH,RUM,750 ML,750,122.0,,,United States,Bottle,1,12,53.0,636.0,2.09,0.0,Limited Listing,L,True,False,False
2026-08-01,1035B,99900103575,HARLEQUIN ORANGE LIQUEUR,CORDIALS,750 ML,750,80.0,,,,Bottle,1,6,24.95,149.7,0.98,0.0,Regular,R,False,False,False
2026-08-01,10370B,99901037075,RANSOM BOURBON,DOMESTIC WHISKEY,750 ML,750,88.0,,,United States,Bottle,1,6,34.95,209.7,1.38,0.0,Limited Listing,L,True,False,False
2026-08-01,10376B,99901037675,EASTSIDE CHERRY FLAVORED WHISKEY,CORDIALS,750 ML,750,60.0,,,United States,Bottle,1,6,9.95,59.7,0.39,0.0,Limited Listing,L,True,False,False
2026-08-01,10377B,99901037775,MCKENZIE RIVER BOURBON WHISKEY,DOMESTIC WHISKEY,750 ML,750,88.0,,,United States,Bottle,1,6,43.5,261.0,1.71,0.0,Trial Listing,T,True,False,False
2026-08-01,10378B,99901037875,VILLON SPICED FRENCH LIQUEUR,CORDIALS,750 ML,750,80.0,,,,Bottle,1,6,36.95,221.7,1.45,0.0,Seasonal,B,False,False,False
2026-08-01,1037B,99900103775,DEKUYPER ORANGE,CORDIALS,750 ML,750,60.0,,,Netherlands,Bottle,1,12,12.95,155.4,0.51,0.0,Regular,R,False,False,False
2026-08-01,10382E,99901038237,JACK DANIEL'S & COCA COLA (4-CANS),COCKTAILS,355 ML,355,10.0,,,United States,Multi-Pack Can,4,6,12.95,77.7,1.02,0.0,Regular,R,False,False,False
2026-08-01,10384E,99901038437,JACK DANIEL'S TN HONEY & LEMONADE (4-CANS),COCKTAILS,355 ML,355,14.0,,,United States,Multi-Pack Can,4,6,12.95,77.7,1.02,0.0,Limited Listing,L,False,False,False
2026-08-01,1038B,99900103875,ST. BRENDANS IRISH CREAM,CORDIALS,750 ML,750,34.0,,,Republic of Ireland,Bottle,1,12,14.95,179.4,0.59,-2.0,Regular,R,False,False,False
2026-08-01,1038H,99900103817,ST. BRENDANS IRISH CREAM,CORDIALS,1.75 L,1750,34.0,,,Republic of Ireland,Bottle,1,6,34.95,209.7,0.59,3.0,Regular,R,False,False,False
2026-08-01,10392B,99901039275,SWEAR JAR CANADIAN WHISKY,OTHER IMPORTED WHISKY,750 ML,750,80.0,,,,Bottle,1,6,26.95,161.7,1.06,0.0,Limited Listing,L,False,False,False
2026-08-01,1039A,99900103910,CAROLANS IRISH CREAM LIQUEUR,CORDIALS,LITER,1000,34.0,,,Republic of Ireland,Bottle,1,12,22.95,275.4,0.68,0.0,Regular,R,False,False,False
2026-08-01,1039B,99900103975,CAROLANS IRISH CREAM LIQUEUR,CORDIALS,750 ML,750,34.0,,,Republic of Ireland,Bottle,1,12,17.95,215.4,0.71,-1.0,Regular,R,False,False,False
2026-08-01,1039H,99900103917,CAROLANS IRISH CREAM LIQUEUR,CORDIALS,1.75 L,1750,34.0,,,Republic of Ireland,Bottle,1,6,36.95,221.7,0.62,4.0,Regular,R,False,False,False
2026-08-01,10404B,99901040475,NEW AMSTERDAM PASSION FRUIT VODKA,VODKA,750 ML,750,70.0,,,United States,Bottle,1,12,12.95,155.4,0.51,2.0,Limited Listing,L,False,False,False
2026-08-01,1040B,99900104075,MCGUIRE'S CREAM LIQUEUR,CORDIALS,750 ML,750,34.0,,,,Bottle,1,12,11.95,143.4,0.47,2.0,Regular,R,False,False,False
2026-08-01,10410H,99901041017,BUDDY'S AMERICAN VODKA,VODKA,1.75 L,1750,80.0,,,,Bottle,1,6,19.95,119.7,0.34,0.0,Regular,R,False,False,False
2026-08-01,10414E,99901041437,CUTWATER WHITE RUSSIAN RTD (4 PACK CANS),COCKTAILS,355 ML,355,28.0,,,United States,Multi-Pack Can,4,6,12.95,77.7,1.02,0.0,Regular,R,False,False,False
2026-08-01,10421E,99901042137,FORTH PINEAPPLE DAIQUIRI 4-CANS,COCKTAILS,355 ML,355,10.0,,,United States,Multi-Pack Can,4,6,13.95,83.7,1.1,0.0,Limited Listing,L,True,False,False
2026-08-01,10425B,99901042575,FOUR PILLARS BLOODY SHIRAZ FLAVORED GIN,GIN,750 ML,750,75.6,,,,Bottle,1,6,35.95,215.7,1.42,0.0,Trial Listing,T,False,False,False
2026-08-01,10429B,99901042975,STEAM HABANERO VODKA,VODKA,750 ML,750,80.0,,,United States,Bottle,1,12,32.95,395.4,1.3,0.0,Trial Listing,T,True,False,False
2026-08-01,10431B,99901043175,STEAM LAVENDER VODKA,VODKA,750 ML,750,80.0,,,United States,Bottle,1,12,32.95,395.4,1.3,0.0,Trial Listing,T,True,False,False
2026-08-01,10433B,99901043375,WHISTLEPIG FARMSTOCK - OREGON EDITION,DOMESTIC WHISKEY,750 ML,750,86.0,,,United States,Bottle,1,6,64.95,389.7,2.56,0.0,One Time Buy,O,False,False,False
2026-08-01,10435B,99901043575,SODA JERK SHOT ROOT BEER,COCKTAILS,750 ML,750,70.0,,,United States,Bottle,1,6,32.95,197.7,1.3,0.0,Trial Listing,T,False,False,False
2026-08-01,10435F,99901043505,SODA JERK SHOT ROOT BEER,COCKTAILS,50 ML,50,70.0,,,United States,Bottle,1,60,1.5,90.0,0.88,0.0,One Time Buy,O,False,False,False
2026-08-01,10441B,99901044175,GEORGE REMUS SINGLE BARREL PROGRAM (BARREL ONLY),DOMESTIC WHISKEY,750 ML,750,106.0,,,United States,Bottle,1,6,59.95,359.7,2.36,0.0,Seasonal,B,False,False,False
2026-08-01,10455E,99901045537,HIGH NOON TROPICAL VARIETY 8-CANS,COCKTAILS,355 ML,355,9.0,,,United States,Multi-Pack Can,8,3,19.95,59.85,1.57,0.0,Regular,R,False,False,False
2026-08-01,1045B,99900104575,BOLS TRIPLE SEC,CORDIALS,750 ML,750,30.0,,,Netherlands,Bottle,1,12,5.95,71.4,0.23,0.0,Regular,R,False,False,False
2026-08-01,10460B,99901046075,NIXTA LICOR DE ELOTE,CORDIALS,750 ML,750,60.0,,,,Bottle,1,6,48.95,293.7,1.93,0.0,Limited Listing,L,False,False,False
2026-08-01,10462E,99901046237,503 DISTILLING MARIONBERRY MARGARITA 4-CANS,COCKTAILS,355 ML,355,22.0,,,United States,Multi-Pack Can,4,6,14.95,89.7,1.18,0.0,Regular,R,True,False,False
2026-08-01,10465B,99901046575,ELIJAH CRAIG PRIVATE BARREL BARREL PROOF (BARREL),DOMESTIC WHISKEY,750 ML,750,110.0,,,United States,Bottle,1,12,74.95,899.4,2.95,0.0,Seasonal,B,False,False,False
2026-08-01,10466B,99901046675,ELIJAH CRAIG PRIVATE BARREL 94 PROOF (BARREL ONLY),DOMESTIC WHISKEY,750 ML,750,94.0,,,United States,Bottle,1,12,34.95,419.4,1.38,0.0,Seasonal,B,False,False,False
2026-08-01,10474B,99901047475,BULLEIT OLD FASHIONED COCKTAIL,COCKTAILS,750 ML,750,75.0,,,United States,Bottle,1,12,22.95,275.4,0.9,0.0,Limited Listing,L,False,False,False
2026-08-01,10475B,99901047575,BULLEIT MANHATTAN COCKTAIL,COCKTAILS,750 ML,750,75.0,,,United States,Bottle,1,12,22.95,275.4,0.9,0.0,Limited Listing,L,False,False,False
2026-08-01,10478B,99901047875,HEAVEN'S DOOR SINGLE BARREL,DOMESTIC WHISKEY,750 ML,750,116.0,,,United States,Bottle,1,6,67.95,407.7,2.68,0.0,One Time Buy,O,False,False,False
2026-08-01,10479B,99901047975,AIMSIR ROSE GIN,GIN,750 ML,750,90.0,,,United States,Bottle,1,6,48.0,288.0,1.89,0.0,Trial Listing,T,True,False,False
2026-08-01,1047B,99900104775,1800 COCONUT TEQUILA,TEQUILA,750 ML,750,70.0,,,Mexico,Bottle,1,12,28.95,347.4,1.14,4.0,Regular,R,False,False,False
2026-08-01,10480A,99901048010,STRAIGHTAWAY GIN FIZZ 4-250ML CANS,COCKTAILS,250 ML,250,12.0,,,United States,Multi-Pack Can,4,6,15.95,95.7,0.47,0.0,Limited Listing,L,True,False,False
2026-08-01,10490B,99901049075,JEFFERSON'S OCEAN AGED RYE,DOMESTIC WHISKEY,750 ML,750,96.0,,,United States,Bottle,1,6,54.95,329.7,2.16,0.0,Seasonal,B,False,False,False
2026-08-01,10499B,99901049975,WOOD FAMILY COLUMBIA BOURBON,DOMESTIC WHISKEY,750 ML,750,100.0,,,United States,Bottle,1,6,49.95,299.7,1.97,0.0,Regular,R,False,False,False
2026-08-01,1049B,99900104975,POTTERS TRIPLE SEC,CORDIALS,750 ML,750,30.0,,,United States,Bottle,1,12,4.8,57.6,0.19,0.0,Regular,R,False,False,False
2026-08-01,10500B,99901050075,FREY RANCH STRAIGHT BOURBON WHISKEY,DOMESTIC WHISKEY,750 ML,750,90.0,,,United States,Bottle,1,6,44.95,269.7,1.77,-2.0,Regular,R,False,False,False
2026-08-01,10505B,99901050575,WOOD FAMILY O. G. VODKA,VODKA,750 ML,750,80.0,,,United States,Bottle,1,6,29.95,179.7,1.18,0.0,Regular,R,True,False,False
2026-08-01,10506B,99901050675,GRAN CORAMINO REPOSADO CRISTALINO,TEQUILA,750 ML,750,80.0,,,Mexico,Bottle,1,6,49.95,299.7,1.97,0.0,Limited Listing,L,False,False,False
2026-08-01,10508B,99901050875,BLACK VELVET PEACH CANADIAN WHISKEY,CANADIAN,750 ML,750,70.0,,,Canada,Bottle,1,12,11.95,143.4,0.47,0.0,Regular,R,False,False,False
2026-08-01,1050B,99900105075,ST. GEORGE SPIRITS TERROIR GIN,GIN,750 ML,750,90.0,,,,Bottle,1,6,43.85,263.1,1.73,8.9,Regular,R,False,False,False
2026-08-01,10511B,99901051175,503 WHISKEY VANILLA CREAM,CORDIALS,750 ML,750,40.0,,,United States,Bottle,1,12,29.95,359.4,1.18,0.0,Regular,R,True,False,False
2026-08-01,10512B,99901051275,BASIL HAYDEN SUBTLE SMOKE,DOMESTIC WHISKEY,750 ML,750,80.0,,,United States,Bottle,1,6,47.95,287.7,1.89,-5.0,Seasonal,B,False,False,False
2026-08-01,10517B,99901051775,CIROC PASSION,VODKA,750 ML,750,60.0,,,France,Bottle,1,12,35.95,431.4,1.42,6.0,Limited Listing,L,False,False,False
2026-08-01,10518B,99901051875,STILLWAGON FERMENTED GARLIC VODKA,VODKA,750 ML,750,80.0,,,United States,Bottle,1,12,45.0,540.0,1.77,0.0,Trial Listing,T,True,False,False
2026-08-01,10523B,99901052375,TEQUILA KOMOS REPOSADO ROSA,TEQUILA,750 ML,750,80.0,,,Mexico,Bottle,1,6,99.95,599.7,3.94,0.0,Trial Listing,T,False,False,False
2026-08-01,10525B,99901052575,MIJENTA TEQUILA REPOSADO,TEQUILA,750 ML,750,80.0,,,Mexico,Bottle,1,6,64.95,389.7,2.56,0.0,Regular,R,False,False,False
2026-08-01,10526B,99901052675,MIJENTA TEQUILA BLANCO,TEQUILA,750 ML,750,80.0,,,Mexico,Bottle,1,6,44.95,269.7,1.77,-5.0,Regular,R,False,False,True
2026-08-01,10528B,99901052875,AIMSIR VAETTIR AQUAVIT,CORDIALS,750 ML,750,90.0,,,United States,Bottle,1,6,35.0,210.0,1.38,0.0,Limited Listing,L,True,False,False
2026-08-01,10529E,99901052937,DROP SHOP CRANBERRY LEMON DROP 4-CANS,COCKTAILS,355 ML,355,30.0,,,United States,Multi-Pack Can,4,6,17.95,107.7,1.41,0.0,Regular,R,True,False,False
2026-08-01,10535B,99901053575,BUCKED UP BOURBON,DOMESTIC WHISKEY,750 ML,750,80.0,,,United States,Bottle,1,6,34.95,209.7,1.38,0.0,One Time Buy,O,False,False,False
2026-08-01,1053B,99900105375,99 WHIPPED CREAM SCHNAPPS,CORDIALS,750 ML,750,99.0,,,United States,Bottle,1,12,13.95,167.4,0.55,3.0,Regular,R,False,False,False
2026-08-01,10541I,99901054170,JACK DANIELS BONDED,DOMESTIC WHISKEY,700 ML,700,100.0,,,United States,Bottle,1,6,35.95,215.7,1.52,0.0,Regular,R,False,False,False
2026-08-01,1054B,99900105475,DEKUYPER TRIPLE SEC,CORDIALS,750 ML,750,30.0,,,Netherlands,Bottle,1,12,5.95,71.4,0.23,-1.0,Regular,R,False,False,False
2026-08-01,1054H,99900105417,DEKUYPER TRIPLE SEC,CORDIALS,1.75 L,1750,30.0,,,Netherlands,Bottle,1,6,12.95,77.7,0.22,0.0,Regular,R,False,False,False
2026-08-01,10550B,99901055075,BUSHMILLS SINGLE MALT 12 YR,IRISH,750 ML,750,80.0,12 YRS,144,Republic of Ireland,Bottle,1,6,69.95,419.7,2.75,10.0,Trial Listing,T,False,False,False
2026-08-01,10558E,99901055837,503 DISTILLING RHUBARB WHISKEY SMASH 4-CANS,COCKTAILS,355 ML,355,22.0,,,United States,Multi-Pack Can,4,6,16.95,101.7,1.33,0.0,Limited Listing,L,True,False,False
2026-08-01,10559E,99901055937,HIGH NOON LEMON (4-CANS),COCKTAILS,355 ML,355,9.0,,,United States,Multi-Pack Can,4,6,10.95,65.7,0.86,0.0,Regular,R,False,False,False
2026-08-01,1055B,99900105575,DI AMORE QUATTRO ORANGE LIQUEUR,CORDIALS,750 ML,750,80.0,,,,Bottle,1,12,14.95,179.4,0.59,1.0,Limited Listing,L,False,False,False
2026-08-01,10560B,99901056075,DRUMSHANBO SARDINIAN CITRUS IRISH GIN,GIN,750 ML,750,82.0,,,Republic of Ireland,Bottle,1,6,39.95,239.7,1.57,0.0,Trial Listing,T,False,False,False
2026-08-01,1056B,99900105675,MONARCH TRIPLE SEC (WAS ROYALE),CORDIALS,750 ML,750,34.0,,,Canada,Bottle,1,12,6.45,77.4,0.25,0.0,Regular,R,True,False,False
2026-08-01,1056H,99900105617,MONARCH TRIPLE SEC (WAS ROYALE),CORDIALS,1.75 L,1750,34.0,,,Canada,Bottle,1,6,12.95,77.7,0.22,0.0,Regular,R,True,False,False
2026-08-01,10574B,99901057475,BRIXEUR RYE FINISHED IN PINOT NOIR CASK,DOMESTIC WHISKEY,750 ML,750,95.0,,,United States,Bottle,1,12,55.0,660.0,2.17,0.0,Limited Listing,L,True,False,False
2026-08-01,10575B,99901057575,BRIXEUR BOURBON FINISHED IN PINOT NOIR CASK,DOMESTIC WHISKEY,750 ML,750,95.0,,,United States,Bottle,1,12,55.0,660.0,2.17,0.0,Limited Listing,L,True,False,False
2026-08-01,10580B,99901058075,BRIXEUR WILLAMETTE VALLEY GIN,GIN,750 ML,750,80.0,,,United States,Bottle,1,12,45.0,540.0,1.77,0.0,Limited Listing,L,True,False,False
2026-08-01,10582E,99901058237,NUTRL FRUIT VARIETY PACK (8-CANS),COCKTAILS,355 ML,355,10.0,,,United States,Multi-Pack Can,8,3,16.15,48.45,1.27,0.0,Regular,R,False,False,False
2026-08-01,10586E,99901058637,NUTRL LEMONADE VARIETY PACK (8-CANS),COCKTAILS,355 ML,355,10.0,,,United States,Multi-Pack Can,8,3,16.15,48.45,1.27,0.0,Regular,R,False,False,False
2026-08-01,10587B,99901058775,ACRE LARGO BLANCO TEQUILA,TEQUILA,750 ML,750,80.0,,,Mexico,Bottle,1,6,39.95,239.7,1.57,0.0,Regular,R,False,False,False
2026-08-01,10588B,99901058875,AIMSIR ASTRID VODKA,VODKA,750 ML,750,90.0,,,United States,Bottle,1,6,25.0,150.0,0.98,0.0,Trial Listing,T,True,False,False
2026-08-01,10590E,99901059037,10 BARREL GOLF TEA (4-CANS),COCKTAILS,355 ML,355,20.0,,,United States,Multi-Pack Can,4,6,11.95,71.7,0.94,0.0,Regular,R,True,False,False
2026-08-01,10602B,99901060275,BLOOD OATH PACT VIII,DOMESTIC WHISKEY,750 ML,750,98.6,,,United States,Bottle,1,3,119.95,359.85,4.72,0.0,Seasonal,B,False,False,False
2026-08-01,10610B,99901061075,CIROC VODKA W/GLASS,VODKA,750ml,750,80.0,,,France,VAP,1,6,35.95,215.7,1.42,6.0,Holiday,H,False,False,False
2026-08-01,10611B,99901061175,TRES GENERACIONES ANEJO W/GLASSES,TEQUILA,750ml,750,80.0,,,Mexico,VAP,1,3,45.95,137.85,1.81,-4.0,Holiday,H,False,False,False
2026-08-01,10612B,99901061275,BENCHMARK EGG NOG,COCKTAILS,750 ML,750,30.0,,,United States,Bottle,1,12,9.95,119.4,0.39,0.0,Holiday,H,False,False,False
2026-08-01,10613B,99901061375,BIRD DOG SALTED CARAMEL FLAVORED WHISKEY VAP,DOMESTIC WHISKEY,750ml,750,80.0,,,United States,VAP,1,6,18.95,113.7,0.75,-3.0,Holiday,H,False,False,False
2026-08-01,10614B,99901061475,BIRD DOG PEANUT BUTTER FLAVORED WHISKEY VAP,DOMESTIC WHISKEY,750ml,750,80.0,,,United States,VAP,1,6,18.95,113.7,0.75,-3.0,Holiday,H,False,False,False
2026-08-01,10615B,99901061575,JEPPSON'S MALORT,CORDIALS,750 ML,750,70.0,,,,Bottle,1,12,30.0,360.0,1.18,0.0,Regular,R,False,False,False
2026-08-01,10616B,99901061675,MIDNIGHT MOON WATERMELON W/WATERMELON RTD,DOMESTIC WHISKEY,750 ML,750,70.0,,,United States,Bottle,1,6,19.95,119.7,0.79,0.0,Holiday,H,False,False,False
2026-08-01,10617B,99901061775,MIDNIGHT MOON LIGHTNING LEMONADE W/LEMONADE RTD,DOMESTIC WHISKEY,750 ML,750,70.0,,,United States,Bottle,1,6,19.95,119.7,0.79,0.0,Holiday,H,False,False,False
2026-08-01,10618B,99901061875,MIDNIGHT MOON PEACH W/PEACH TEA RTD,DOMESTIC WHISKEY,750 ML,750,70.0,,,United States,Bottle,1,6,10.95,65.7,0.43,0.0,Holiday,H,False,False,False
2026-08-01,1061B,99900106175,GRAND MONARCH ORANGE & BRANDY,CORDIALS,750 ML,750,80.0,,,Canada,Bottle,1,12,19.95,239.4,0.79,2.0,Regular,R,True,False,False
2026-08-01,10621H,99901062117,STOLI MULE 2-GINGER BEERS & MUG,VODKA,1.75 L,1750,80.0,,,Latvia,VAP,1,3,44.95,134.85,0.76,0.0,Holiday,H,False,False,False
2026-08-01,10622B,99901062275,KNOB CREEK RYE W/GLASSES,DOMESTIC WHISKEY,750ml,750,100.0,,,United States,VAP,1,6,38.95,233.7,1.53,0.0,Holiday,H,False,False,False
2026-08-01,10624B,99901062475,WESTWARD WHISKEY SINGLE MALT RUM CASK,DOMESTIC WHISKEY,750 ML,750,90.0,,,United States,Bottle,1,6,99.95,599.7,3.94,0.0,Trial Listing,T,True,False,False
2026-08-01,10626B,99901062675,1800 CRISTALINO W/COUPE GLASS,TEQUILA,750ml,750,80.0,,,Mexico,VAP,1,6,56.95,341.7,2.24,-3.0,Holiday,H,False,False,False
2026-08-01,10627B,99901062775,JOSE CUERVO TRADICIONAL ANEJO W/GIFT VAP,TEQUILA,750ml,750,80.0,,,Mexico,VAP,1,6,34.95,209.7,1.38,5.0,Holiday,H,False,False,False
2026-08-01,10628B,99901062875,99 VARIETY TRICK OR TREAT BAG 15-50ML,CORDIALS,50 ML,50,99.0,,,United States,Multi-Pack Bottle,15,8,9.95,79.6,0.39,-1.0,Holiday,H,False,False,False
2026-08-01,10634B,99901063475,PENNSYLVANIA DUTCH PEPPERMINT BARK,CORDIALS,750 ML,750,25.0,,,,Bottle,1,12,13.0,156.0,0.51,4.05,Holiday,H,False,False,False
2026-08-01,10637B,99901063775,JACK DANIEL'S SINGLE BARREL W/GLASS,DOMESTIC WHISKEY,750ml,750,94.0,,,United States,VAP,1,6,46.95,281.7,1.85,-6.0,Holiday,H,False,False,False
2026-08-01,10639E,99901063937,CUTWATER VODKA TRANSFUSION RTD (GRAPE) 4-CANS,COCKTAILS,355 ML,355,14.0,,,United States,Multi-Pack Can,4,6,12.95,77.7,1.02,0.0,Trial Listing,T,False,False,False
2026-08-01,1063B,99900106375,PARROT BAY COCONUT,RUM,750 ML,750,42.0,,,Puerto Rico,Bottle,1,12,9.95,119.4,0.39,-2.0,Regular,R,False,False,False
2026-08-01,1063H,99900106317,PARROT BAY COCONUT,RUM,1.75 L,1750,42.0,,,Puerto Rico,Bottle,1,6,24.95,149.7,0.42,-4.0,Regular,R,False,False,False
2026-08-01,10644E,99901064437,SOONHARI APPLE MANGO KOREAN SOJU,CORDIALS,375 ML,375,24.0,,,,Bottle,1,20,6.45,129.0,0.51,0.0,Limited Listing,L,False,False,False
2026-08-01,1064A,99900106410,MALIBU RUM NATURAL COCONUT*,RUM,LITER,1000,42.0,,,Canada,Bottle,1,12,22.95,275.4,0.68,0.0,Regular,R,False,False,False
2026-08-01,1064B,99900106475,MALIBU RUM NATURAL COCONUT*,RUM,750 ML,750,42.0,,,Canada,Bottle,1,12,17.95,215.4,0.71,0.0,Regular,R,False,False,False
2026-08-01,1064E,99900106437,MALIBU RUM NATURAL COCONUT*,RUM,375 ML,375,42.0,,,Canada,Bottle,1,24,10.95,262.8,0.86,0.0,Regular,R,False,False,False
2026-08-01,1064F,99900106405,MALIBU RUM NATURAL COCONUT*,RUM,50 ML,50,42.0,,,Canada,Bottle,1,120,1.5,180.0,0.88,0.0,Regular,R,False,False,False
2026-08-01,1064H,99900106417,MALIBU RUM NATURAL COCONUT*,RUM,1.75 L,1750,42.0,,,Canada,Bottle,1,6,28.95,173.7,0.49,-3.0,Regular,R,False,False,True
2026-08-01,10657B,99901065775,GIFFARD RHUBARBE,CORDIALS,750 ML,750,40.0,,,,Bottle,1,6,31.95,191.7,1.26,3.0,Trial Listing,T,False,False,False
2026-08-01,10662B,99901066275,TEREMANA ANEJO TEQUILA,TEQUILA,750 ML,750,80.0,,,Mexico,Bottle,1,6,39.95,239.7,1.57,0.0,Regular,R,False,False,False
2026-08-01,10676B,99901067675,MARCOTTE DISTILLING ASHLEY'S COTTON CANDY,CORDIALS,750 ML,750,50.0,,,United States,Bottle,1,12,25.0,300.0,0.98,0.0,Trial Listing,T,True,False,False
2026-08-01,10677B,99901067775,MARCOTTE DISTILLING PINEAPPLE CRUSH,CORDIALS,750 ML,750,50.0,,,United States,Bottle,1,12,25.0,300.0,0.98,0.0,Trial Listing,T,True,False,False
2026-08-01,10683B,99901068375,FLORESCENCE,VODKA,750 ML,750,60.0,,,United States,Bottle,1,6,24.95,149.7,0.98,0.0,Limited Listing,L,True,False,False
2026-08-01,10683F,99901068305,FLORESCENCE,VODKA,50 ML,50,60.0,,,United States,Bottle,1,120,3.0,360.0,1.76,0.0,Trial Listing,T,True,False,False
2026-08-01,10684B,99901068475,ROGUE DEAD GUY WINE CASK FINISHED WHISKEY,DOMESTIC WHISKEY,750 ML,750,92.0,,,United States,Bottle,1,6,49.95,299.7,1.97,0.0,Limited Listing,L,True,False,False
2026-08-01,10685B,99901068575,ROGUE DEAD GUY STOUT CASK FINISHED WHISKEY,DOMESTIC WHISKEY,750 ML,750,97.0,2 YRS,24,United States,Bottle,1,6,49.95,299.7,1.97,0.0,Limited Listing,L,True,False,False
2026-08-01,1068B,99900106875,DELEON REPOSADO TEQUILA,TEQUILA,750 ML,750,80.0,,,Mexico,Bottle,1,12,31.95,383.4,1.26,0.0,Limited Listing,L,False,False,False
2026-08-01,10692B,99901069275,EWING YOUNG GLUTEN FREE BURNISHED VODKA,VODKA,750 ML,750,80.0,,,United States,Bottle,1,6,18.95,113.7,0.75,-3.0,Limited Listing,L,True,False,False
2026-08-01,10692H,99901069217,EWING YOUNG GLUTEN FREE BURNISHED VODKA,VODKA,1.75 L,1750,80.0,,,United States,Bottle,1,6,31.95,191.7,0.54,0.0,Regular,R,True,False,False
2026-08-01,10693E,99901069337,ABSOLUT BERRY VODKARITA COCKTAIL (4-CANS),COCKTAILS,355 ML,355,20.0,,,Sweden,Multi-Pack Can,4,6,12.95,77.7,1.02,3.0,Regular,R,False,False,False
2026-08-01,10702B,99901070275,BAILEYS SMORES,CORDIALS,750 ML,750,34.0,,,Republic of Ireland,Bottle,1,12,29.95,359.4,1.18,0.0,Seasonal,B,False,False,False
2026-08-01,10703B,99901070375,REMUS REPEAL RESERVE BOURBON VI,DOMESTIC WHISKEY,750 ML,750,100.0,,,United States,Bottle,1,6,99.95,599.7,3.94,0.0,Seasonal,B,False,False,False
2026-08-01,10704B,99901070475,RIVER GIN,GIN,750 ML,750,85.0,,,United States,Bottle,1,12,36.95,443.4,1.45,0.0,Limited Listing,L,True,False,False
2026-08-01,10705B,99901070575,RITTENHOUSE RYE PRIVATE BARREL (BARREL ONLY),DOMESTIC WHISKEY,750 ML,750,100.0,,,United States,Bottle,1,12,24.95,299.4,0.98,0.0,Seasonal,B,False,False,False
2026-08-01,10707B,99901070775,SUAVECITO REPOSADO TEQUILA,TEQUILA,750 ML,750,70.0,,,Mexico,Bottle,1,6,45.95,275.7,1.81,0.0,Trial Listing,T,False,False,False
2026-08-01,10718B,99901071875,WILD ROOTS ORANGE BERGAMOT GIN,GIN,750 ML,750,88.0,,,United States,Bottle,1,12,26.95,323.4,1.06,-3.0,Regular,R,True,False,False
2026-08-01,10736B,99901073675,ESPOLON TEQULA CRISTALINO,TEQUILA,750 ML,750,80.0,,,Mexico,Bottle,1,6,59.95,359.7,2.36,0.0,Seasonal,B,False,False,False
2026-08-01,10743B,99901074375,GRAN CENTENARIO CRISTALINO,TEQUILA,750 ML,750,80.0,,,Mexico,Bottle,1,6,79.95,479.7,3.15,0.0,Seasonal,B,False,False,False
2026-08-01,10744B,99901074475,BALVENIE 16 YR FRENCH OAK,SCOTCH,750 ML,750,86.0,16 YRS,192,Scotland,Bottle,1,6,184.95,1109.7,7.28,0.0,Seasonal,B,False,False,False
2026-08-01,10749B,99901074975,OLD EZRA BROOKS 7YR STRAIGHT RYE WHISKEY,DOMESTIC WHISKEY,750 ML,750,114.0,7 YRS,84,United States,Bottle,1,6,59.95,359.7,2.36,0.0,One Time Buy,O,False,False,False
2026-08-01,10752B,99901075275,WHISTLEPIG PIGGYBACK BOURBON,DOMESTIC WHISKEY,750 ML,750,100.0,6 YRS,72,United States,Bottle,1,6,45.95,275.7,1.81,0.0,Regular,R,False,False,False
2026-08-01,10755B,99901075575,ODE TO CAFE ALT-BUTLER COFFEE LIQUEUR,CORDIALS,750 ML,750,40.0,,,United States,Bottle,1,12,29.0,348.0,1.14,0.0,Limited Listing,L,True,False,False
2026-08-01,10767B,99901076775,THE DALMORE SHERRY CASK,SCOTCH,750 ML,750,86.0,12 YRS,144,Scotland,Bottle,1,6,84.95,509.7,3.34,0.0,Limited Listing,L,False,False,False
2026-08-01,10778B,99901077875,BIRD CREEK SMALL BATCH SINGLE MALT MULTIPLE BARLEY,DOMESTIC WHISKEY,750 ML,750,92.0,,,United States,Bottle,1,6,96.0,576.0,3.78,0.0,Limited Listing,L,True,False,False
2026-08-01,10779B,99901077975,BIRD CREEK SINGLE CASK SINGLE MALT BARONESS BARLEY,DOMESTIC WHISKEY,750 ML,750,92.0,,,United States,Bottle,1,6,96.0,576.0,3.78,0.0,Limited Listing,L,True,False,False
2026-08-01,10781B,99901078175,BIRD CREEK SINGLE CASK SINGLE MALT FULL PINT BARLEY,DOMESTIC WHISKEY,750 ML,750,92.0,,,United States,Bottle,1,6,96.0,576.0,3.78,0.0,Limited Listing,L,True,False,False
2026-08-01,10784E,99901078437,OREGON SPIRIT MALT WHISKEY TASTERS COLLECTION,DOMESTIC WHISKEY,375 ML,375,92.0,,,United States,Multi-Pack Bottle,1,6,75.0,450.0,5.91,0.0,Limited Listing,L,True,False,False
2026-08-01,1078B,99900107875,EVAN WILLIAMS FIRE (PREVIOUSLY CINNAMON),DOMESTIC WHISKEY,750 ML,750,70.0,,,United States,Bottle,1,12,14.95,179.4,0.59,0.0,Regular,R,False,False,False
2026-08-01,10803B,99901080375,MONTANA BLACKFOOT RIVER BOURBON,DOMESTIC WHISKEY,750 ML,750,80.0,2 YRS,24,United States,Bottle,1,12,44.95,539.4,1.77,0.0,Regular,R,False,False,False
2026-08-01,10804B,99901080475,BEN HOLLADAY 6YR MO BOURBON,DOMESTIC WHISKEY,750 ML,750,100.0,,,United States,Bottle,1,6,54.95,329.7,2.16,-5.0,Limited Listing,L,False,False,False
2026-08-01,10806B,99901080675,BLACK BUTTE WHISKEY 10 YEAR SINGLE BARREL-CASK STRENGTH,DOMESTIC WHISKEY,750 ML,750,125.8,5 YRS,60,United States,Bottle,1,6,84.95,509.7,3.34,-5.0,Seasonal,B,True,False,False
2026-08-01,1080B,99900108075,DEKUYPER ISLAND PUNCH SCHNAPPS,CORDIALS,750 ML,750,30.0,,,Netherlands,Bottle,1,12,12.95,155.4,0.51,0.0,Regular,R,False,False,False
2026-08-01,10822B,99901082275,CALUMET FARM 10 YEAR OLD BOURBON,DOMESTIC WHISKEY,750 ML,750,100.0,,,United States,Bottle,1,6,79.95,479.7,3.15,0.0,Trial Listing,T,False,False,False
2026-08-01,10854E,99901085437,STRAIGHTAWAY MARGARITA 4-100ML,COCKTAILS,100 ML,100,50.0,,,United States,Multi-Pack Can,4,6,23.95,143.7,1.89,0.0,Regular,R,True,False,False
2026-08-01,10855B,99901085575,ACCOMPANI COFFEE LIQUEUR,CORDIALS,750 ML,750,50.0,,,United States,Bottle,1,6,34.95,209.7,1.38,0.0,Limited Listing,L,True,False,False
2026-08-01,10856E,99901085637,STRAIGHTAWAY NEGRONI 4-100ML,COCKTAILS,100 ML,100,72.0,,,United States,Multi-Pack Can,4,6,23.95,143.7,1.89,0.0,Regular,R,True,False,False
2026-08-01,10857E,99901085737,STRAIGHTAWAY OREGON OLD FASHIONED 4-100ML,COCKTAILS,100 ML,100,80.0,,,United States,Multi-Pack Can,4,6,23.95,143.7,1.89,0.0,Regular,R,True,False,False
2026-08-01,10861B,99901086175,BASIL HAYDEN RED WINE CASK FINISH,DOMESTIC WHISKEY,750 ML,750,80.0,,,United States,Bottle,1,6,47.95,287.7,1.89,-5.0,Seasonal,B,False,False,False
2026-08-01,10869B,99901086975,WOODINVILLE STRAIGHT RYE SINGLE (BARREL PROGRAM),DOMESTIC WHISKEY,750 ML,750,132.0,,,United States,Bottle,1,12,74.95,899.4,2.95,0.0,Seasonal,B,False,False,False
2026-08-01,1086B,99900108675,DEKUYPER PEACHTREE SCHNAPPS,CORDIALS,750 ML,750,30.0,,,Netherlands,Bottle,1,12,12.95,155.4,0.51,0.0,Regular,R,False,False,False
2026-08-01,10881B,99901088175,NEW PORT DISTILLING MARIONBERRY VODKA,VODKA,750 ML,750,70.0,,,United States,Bottle,1,12,29.95,359.4,1.18,0.0,Trial Listing,T,True,False,False
2026-08-01,10888B,99901088875,AIMSIR A FESTIVE HOLIDAY GIN,GIN,750 ML,750,90.0,,,United States,Bottle,1,6,44.0,264.0,1.73,0.0,Seasonal,B,True,False,False
2026-08-01,10892E,99901089237,THINKING TREE MARIONBERRY LIQUEUR,CORDIALS,375 ML,375,60.0,,,United States,Bottle,1,12,26.0,312.0,2.05,0.0,Limited Listing,L,True,False,False
2026-08-01,1090B,99900109075,WAHAKA REPOSADO MEZCAL,TEQUILA,750 ML,750,80.0,,,Mexico,Bottle,1,6,49.95,299.7,1.97,0.0,Limited Listing,L,False,False,False
2026-08-01,10910B,99901091075,FREY RANCH RYE,DOMESTIC WHISKEY,750 ML,750,100.0,,,United States,Bottle,1,6,54.95,329.7,2.16,-2.0,Limited Listing,L,False,False,False
2026-08-01,10916B,99901091675,DOUGH BALL,DOMESTIC WHISKEY,750 ML,750,70.0,,,United States,Bottle,1,6,30.95,185.7,1.22,0.0,Regular,R,False,False,False
2026-08-01,10920I,99901092070,FORTHWEST WHISKY,CANADIAN,700 ML,700,80.0,,,Canada,Bottle,1,6,17.95,107.7,0.76,2.0,One Time Buy,O,True,False,False
2026-08-01,10921I,99901092170,FORTHWEST GIANT PEACH WHISKY,CANADIAN,700 ML,700,80.0,,,Canada,Bottle,1,6,17.95,107.7,0.76,2.0,One Time Buy,O,True,False,False
2026-08-01,10922I,99901092270,FORTHWEST SHINY APPLE WHISKY,CANADIAN,700 ML,700,80.0,,,Canada,Bottle,1,6,17.95,107.7,0.76,2.0,One Time Buy,O,True,False,False
2026-08-01,10923I,99901092370,FORTHWEST SPICE OF LIFE WHISKY,CANADIAN,700 ML,700,80.0,,,Canada,Bottle,1,6,17.95,107.7,0.76,2.0,One Time Buy,O,True,False,False
2026-08-01,1092B,99900109275,DEKUYPER BLUSTERY PEPPERMINT SCHNAPPS,CORDIALS,750 ML,750,60.0,,,Netherlands,Bottle,1,12,12.95,155.4,0.51,0.0,Regular,R,False,False,False
2026-08-01,10938B,99901093875,THINKING TREE BUTTERFLY LAVENDER FLAV VODKA,VODKA,750 ML,750,80.0,,,United States,Bottle,1,6,29.95,179.7,1.18,0.0,Regular,R,True,False,False
2026-08-01,1093B,99900109375,SCHRANK'S PEPPERMINT SCHNAPPS,CORDIALS,750 ML,750,60.0,,,,Bottle,1,12,6.95,83.4,0.27,0.0,Regular,R,False,False,False
2026-08-01,1093E,99900109337,SCHRANK'S PEPPERMINT SCHNAPPS,CORDIALS,375 ML,375,60.0,,,,Bottle,1,24,3.95,94.8,0.31,0.0,Regular,R,False,False,False
2026-08-01,1093H,99900109317,SCHRANK'S PEPPERMINT SCHNAPPS,CORDIALS,1.75 L,1750,60.0,,,,Bottle,1,6,13.95,83.7,0.24,0.0,Regular,R,False,False,False
2026-08-01,10947B,99901094775,AIMSIR STOUT BARREL BOURBON,CORDIALS,750 ML,750,100.0,,,United States,Bottle,1,6,58.0,348.0,2.28,0.0,Trial Listing,T,True,False,False
2026-08-01,10948B,99901094875,GRAN CORAMINO ANEJO,TEQUILA,750 ML,750,80.0,,,Mexico,Bottle,1,3,59.95,179.85,2.36,0.0,Trial Listing,T,False,False,False
2026-08-01,1094B,99900109475,ARROW PEPPERMINT SCHNAPPS,CORDIALS,750 ML,750,54.0,,,United States,Bottle,1,12,7.95,95.4,0.31,0.0,Regular,R,False,False,False
2026-08-01,10955B,99901095575,PROPER NO. TWELVE APPLE,IRISH,750 ML,750,70.0,,,Republic of Ireland,Bottle,1,12,22.95,275.4,0.9,-2.0,Limited Listing,L,False,False,False
2026-08-01,10956B,99901095675,KRAKEN GOLD SPICE,RUM,750 ML,750,70.0,,,,Bottle,1,12,19.95,239.4,0.79,1.0,Regular,R,False,False,False
2026-08-01,1095B,99900109575,DEKUYPER 100 PROOF BLUSTERY PEPPRMNT SCH,CORDIALS,750 ML,750,100.0,,,Netherlands,Bottle,1,12,15.95,191.4,0.63,0.0,Regular,R,False,False,False
2026-08-01,1096B,99900109675,MONARCH PEPPERMINT SCHNAPPS (WAS ROYALE),CORDIALS,750 ML,750,48.0,,,Canada,Bottle,1,12,7.95,95.4,0.31,0.0,Regular,R,True,False,False
2026-08-01,1096H,99900109617,MONARCH PEPPERMINT SCHNAPPS (WAS ROYALE),CORDIALS,1.75 L,1750,48.0,,,Canada,Bottle,1,6,13.95,83.7,0.24,0.0,Regular,R,True,False,False
2026-08-01,10977B,99901097775,WANDERBACK AMERICAN S/M WHISKEY,DOMESTIC WHISKEY,750 ML,750,85.0,,,United States,Bottle,1,6,79.95,479.7,3.15,0.0,Trial Listing,T,True,False,False
2026-08-01,10983B,99901098375,BAILEY'S VANILLA MINT SHAKE,CORDIALS,750 ML,750,34.0,,,Republic of Ireland,Bottle,1,12,24.95,299.4,0.98,0.0,Seasonal,B,False,False,False
2026-08-01,10984B,99901098475,DON JULIO ROSADO,TEQUILA,750 ML,750,80.0,,,Mexico,Bottle,1,6,69.95,419.7,2.75,0.0,Regular,R,False,False,False
2026-08-01,10985B,99901098575,SMIRNOFF BLUE RASPBERRY LEMONADE,VODKA,750 ML,750,60.0,,,United States,Bottle,1,12,12.95,155.4,0.51,0.0,Regular,R,False,False,False
2026-08-01,1098B,99900109875,H R D PEACH SCHNAPPS,CORDIALS,750 ML,750,42.0,,,United States,Bottle,1,12,11.45,137.4,0.45,0.0,Regular,R,True,False,False
2026-08-01,1098H,99900109817,H R D PEACH SCHNAPPS,CORDIALS,1.75 L,1750,42.0,,,United States,Bottle,1,6,21.95,131.7,0.37,0.0,Regular,R,True,False,False
2026-08-01,10995B,99901099575,BUCHANAN'S PINEAPPLE,CORDIALS,750 ML,750,70.0,,,,Bottle,1,12,41.95,503.4,1.65,5.0,Regular,R,False,False,False
2026-08-01,10995E,99901099537,BUCHANAN'S PINEAPPLE,CORDIALS,375 ML,375,70.0,,,,Bottle,1,24,21.95,526.8,1.73,0.0,Trial Listing,T,False,False,False
2026-08-01,10996B,99901099675,MALIBU PEACH,RUM,750 ML,750,42.0,,,Canada,Bottle,1,12,17.95,215.4,0.71,3.0,Regular,R,False,False,False
2026-08-01,10998B,99901099875,CAMPO BRAVO REPOSADO,TEQUILA,750 ML,750,80.0,,,Mexico,Bottle,1,12,19.95,239.4,0.79,0.0,Trial Listing,T,False,False,False
2026-08-01,1100B,99900110075,POTTERS PEACH,CORDIALS,750 ML,750,30.0,,,United States,Bottle,1,12,5.95,71.4,0.23,0.0,Regular,R,False,False,False
2026-08-01,11024B,99901102475,UNCLE NEAREST STRAIGHT RYE WHISKEY,OTHER IMPORTED WHISKY,750 ML,750,100.0,,,,Bottle,1,6,56.95,341.7,2.24,5.0,Limited Listing,L,False,False,False
2026-08-01,11035B,99901103575,LOS SIETE MISTERIOS DOBA-YEJ,MEZCAL,750 ML,750,88.0,,,Mexico,Bottle,1,6,39.95,239.7,1.57,0.0,Trial Listing,T,False,False,False
2026-08-01,11047B,99901104775,SWEAR JAR MAPLE DONUT CANADIAN WHISKEY,CANADIAN,750 ML,750,70.0,6 YRS,72,Canada,Bottle,1,6,26.95,161.7,1.06,0.0,One Time Buy,O,False,False,False
2026-08-01,11050B,99901105075,BACARDI MANGO CHILE,RUM,750 ML,750,70.0,,,Puerto Rico,Bottle,1,12,16.95,203.4,0.67,0.0,Trial Listing,T,False,False,False
2026-08-01,1105B,99900110575,H R D ROOT BEER SCHNAPPS,CORDIALS,750 ML,750,42.0,,,United States,Bottle,1,12,13.95,167.4,0.55,0.0,Regular,R,True,False,False
2026-08-01,11064B,99901106475,ABSOLUT WILD BERRI,VODKA,750 ML,750,76.0,,,Sweden,Bottle,1,6,24.95,149.7,0.98,5.0,Regular,R,False,False,False
2026-08-01,11064F,99901106405,ABSOLUT WILD BERRI,VODKA,50 ML,50,76.0,,,Sweden,Bottle,1,120,1.5,180.0,0.88,0.0,One Time Buy,O,False,False,False
2026-08-01,1106E,99900110637,PENDLETON,CANADIAN,375 ML,375,80.0,,,Canada,Bottle,1,24,14.95,358.8,1.18,0.0,Regular,R,False,False,False
2026-08-01,11072B,99901107275,TWISTED TEA WHISKEY,DOMESTIC WHISKEY,750 ML,750,65.0,,,United States,Bottle,1,12,9.95,119.4,0.39,0.0,Limited Listing,L,False,False,False
2026-08-01,11074E,99901107437,MALIBU PEACH RUM PUNCH 4-CANS,COCKTAILS,355 ML,355,14.0,,,Canada,Multi-Pack Can,4,6,9.95,59.7,0.78,0.0,Regular,R,False,False,False
2026-08-01,11075A,99901107510,ROSE CITY RUM,RUM,LITER,1000,80.0,,,United States,Bottle,1,12,10.95,131.4,0.32,0.0,Regular,R,True,False,False
2026-08-01,11075E,99901107537,ROSE CITY RUM,RUM,375 ML,375,80.0,,,United States,Bottle,1,24,4.95,118.8,0.39,0.0,Trial Listing,T,True,False,False
2026-08-01,11075H,99901107517,ROSE CITY RUM,RUM,1.75 L,1750,80.0,,,United States,Bottle,1,6,17.95,107.7,0.3,0.0,Regular,R,True,False,False
2026-08-01,11076B,99901107675,BROKEN BARREL 115 PROOF BOURBON,DOMESTIC WHISKEY,750 ML,750,115.0,,,United States,Bottle,1,6,49.95,299.7,1.97,0.0,Trial Listing,T,False,False,False
2026-08-01,11077B,99901107775,HEAVEN'S DOOR 10 YR DECADE SERIES #01,DOMESTIC WHISKEY,750 ML,750,100.0,,,United States,Bottle,1,6,89.95,539.7,3.54,0.0,Seasonal,B,False,False,False
2026-08-01,11078B,99901107875,KNOTTY NAVY STRENGTH GIN,GIN,750 ML,750,115.0,,,United States,Bottle,1,12,42.95,515.4,1.69,0.0,Limited Listing,L,True,False,False
2026-08-01,11103H,99901110317,JOSE CUERVO AUTHENTIC TROPICAL PARADISE,COCKTAILS,1.75 L,1750,19.9,,,Mexico,Bottle,1,6,17.95,107.7,0.3,3.0,Trial Listing,T,False,False,False
2026-08-01,11104B,99901110475,ROGUE FARMHOUSE ABSINTHE VERTE,CORDIALS,750 ML,750,135.0,,,United States,Bottle,1,6,34.95,209.7,1.38,0.0,Limited Listing,L,True,False,False
2026-08-01,1111B,99900111175,DEKUYPER BUTTERSHOTS BUTTERSCOTCH SCHNPS,CORDIALS,750 ML,750,30.0,,,Netherlands,Bottle,1,12,12.95,155.4,0.51,0.0,Regular,R,False,False,False
2026-08-01,1112B,99900111275,MONARCH HAZELNUT,CORDIALS,750 ML,750,48.0,,,Canada,Bottle,1,12,10.95,131.4,0.43,0.0,Regular,R,True,False,False
2026-08-01,11141B,99901114175,HENDRICK'S GIN FLORA ADORA,GIN,750 ML,750,86.8,,,Scotland,Bottle,1,6,24.95,149.7,0.98,0.0,Seasonal,B,False,False,False
2026-08-01,11144B,99901114475,WHISTLEPIG SUMMERSTOCK WHISKEY,DOMESTIC WHISKEY,750 ML,750,86.0,,,United States,Bottle,1,6,72.95,437.7,2.87,0.0,One Time Buy,O,False,False,False
2026-08-01,11152B,99901115275,STEAM VANILLA VODKA,VODKA,750 ML,750,80.0,,,United States,Bottle,1,12,32.95,395.4,1.3,0.0,Trial Listing,T,True,False,False
2026-08-01,11162B,99901116275,WESTERN SON STRAWBERRY,VODKA,750 ML,750,60.0,,,,Bottle,1,6,14.95,89.7,0.59,0.0,Trial Listing,T,False,False,False
2026-08-01,1116B,99900111675,GIBSON FINEST GOLD 12YR CANADIAN WHISKEY,CANADIAN,750 ML,750,80.0,12 YRS,144,Canada,Bottle,1,12,28.95,347.4,1.14,0.0,Limited Listing,L,False,False,False
2026-08-01,11180E,99901118037,HIGH NOON VARIETY TEQUILA 8-PK,COCKTAILS,355 ML,355,9.0,,,United States,Multi-Pack Can,8,3,21.95,65.85,1.73,0.0,Regular,R,False,False,False
2026-08-01,11181I,99901118170,HIGH NOON PEACH,VODKA,700 ML,700,9.0,,,,Bottle,1,12,5.45,65.4,0.23,0.0,Regular,R,False,False,False
2026-08-01,11182I,99901118270,HIGH NOON PINEAPPLE,VODKA,700 ML,700,9.0,,,,Bottle,1,12,5.45,65.4,0.23,0.0,Regular,R,False,False,False
2026-08-01,11183B,99901118375,RUMCHATA COCONUT,CORDIALS,750 ML,750,27.6,,,,Bottle,1,12,21.95,263.4,0.86,0.0,Limited Listing,L,False,False,False
2026-08-01,11184B,99901118475,DON FULANO ANEJO,TEQUILA,750 ML,750,80.0,,,Mexico,Bottle,1,6,79.95,479.7,3.15,-10.0,Limited Listing,L,False,False,False
2026-08-01,11185B,99901118575,DON FULANO REPOSADO,TEQUILA,750 ML,750,80.0,,,Mexico,Bottle,1,6,69.95,419.7,2.75,5.0,Limited Listing,L,False,False,False
2026-08-01,11186B,99901118675,DON FULANO BLANCO,TEQUILA,750 ML,750,80.0,,,Mexico,Bottle,1,6,59.95,359.7,2.36,5.0,Limited Listing,L,False,False,False
2026-08-01,11187B,99901118775,CANTERA NEGRA ANEJO,TEQUILA,750 ML,750,80.0,,,Mexico,Bottle,1,6,49.95,299.7,1.97,0.0,Trial Listing,T,False,False,False
2026-08-01,11188B,99901118875,CANTERA NEGRA SILVER,TEQUILA,750 ML,750,80.0,,,Mexico,Bottle,1,6,39.95,239.7,1.57,0.0,Trial Listing,T,False,False,False
2026-08-01,11189B,99901118975,CANTERA NEGRA RESPOSADO,TEQUILA,750 ML,750,80.0,,,Mexico,Bottle,1,6,44.95,269.7,1.77,0.0,Trial Listing,T,False,False,False
2026-08-01,11190B,99901119075,CANTERA NEGRA CAFE,CORDIALS,750 ML,750,40.0,,,,Bottle,1,6,25.95,155.7,1.02,0.0,Trial Listing,T,False,False,False
2026-08-01,1120B,99900112075,ICE 101 BLUE ARTIC MINT SCHNAPPS,CORDIALS,750 ML,750,101.0,,,,Bottle,1,12,14.95,179.4,0.59,0.0,Regular,R,False,False,False
2026-08-01,11213B,99901121375,ARDBEG HEAVY VAPOURS GENERAL RELEASE,SCOTCH,750 ML,750,92.0,,,Scotland,Bottle,1,6,131.95,791.7,5.19,0.0,Seasonal,B,False,False,False
2026-08-01,11218B,99901121875,OLYMPIA ORANGE VODKA,VODKA,750 ML,750,60.0,,,,Bottle,1,6,22.95,137.7,0.9,0.0,Trial Listing,T,False,False,False
2026-08-01,11239I,99901123970,WILD COMMON TEQUILA BLANCO,TEQUILA,700 ML,700,84.0,,,,,0,6,54.95,329.7,2.32,0.0,Trial Listing,T,False,False,False
2026-08-01,11240B,99901124075,WILD COMMON MEZCAL ENSAMBLE,MEZCAL,750 ML,750,92.0,,,Mexico,Bottle,1,6,59.95,359.7,2.36,0.0,Trial Listing,T,False,False,False
2026-08-01,11242I,99901124270,WILD COMMON TEQUILA REPOSADO,TEQUILA,700 ML,700,86.0,,,,,0,6,64.95,389.7,2.74,0.0,Trial Listing,T,False,False,False
2026-08-01,11246B,99901124675,STIEFEL'S SELECT SMALL BATCH BOURBON,DOMESTIC WHISKEY,750 ML,750,88.0,5 YRS,60,United States,Bottle,1,6,75.0,450.0,2.95,0.0,Trial Listing,T,True,False,False
2026-08-01,11257B,99901125775,PICKLETON PICKLE VODKA,VODKA,750 ML,750,90.0,,,,Bottle,1,6,27.95,167.7,1.1,0.0,Trial Listing,T,False,False,False
2026-08-01,11259F,99901125905,ASOMBROSO EROS REPOSADO,TEQUILA,50 ML,50,80.0,,,Mexico,Bottle,1,12,11.25,135.0,6.62,0.0,Trial Listing,T,False,False,False
2026-08-01,11269E,99901126937,FORTH COCKTAIL VARIETY PACK 6PK,COCKTAILS,355 ML,355,10.0,,,United States,Multi-Pack Can,6,4,17.95,71.8,1.41,0.0,Limited Listing,L,True,False,False
2026-08-01,11270I,99901127070,GREEN SPOT QUAILS' GATE,IRISH,700 ML,700,92.0,9 YRS,108,Republic of Ireland,Bottle,1,6,99.95,599.7,4.22,0.0,Seasonal,B,False,False,False
2026-08-01,11271B,99901127175,YELLOWSTONE HAND PICKED COLLECTION,DOMESTIC WHISKEY,750 ML,750,102.0,,,United States,Bottle,1,6,47.95,287.7,1.89,0.0,Seasonal,B,False,False,False
2026-08-01,11283B,99901128375,I.W. HARPER CABERNET CASK RESERVE,DOMESTIC WHISKEY,750 ML,750,90.0,,,United States,Bottle,1,12,49.95,599.4,1.97,0.0,Seasonal,B,False,False,False
2026-08-01,11284B,99901128475,CROWN ROYAL GOLDEN APPLE AGED 23 YEARS,CANADIAN,750 ML,750,80.0,23 YRS,276,Canada,Bottle,1,3,249.95,749.85,9.84,0.0,Seasonal,B,False,False,False
2026-08-01,11288B,99901128875,MARCOTTE DISTILLING BUTTER BROWN SUGAR WHISKEY,DOMESTIC WHISKEY,750 ML,750,75.0,,,United States,Bottle,1,12,30.0,360.0,1.18,0.0,Trial Listing,T,False,False,False
2026-08-01,11295B,99901129575,WESTWARD & CULMINATION OREGON EXCLUSIVE,DOMESTIC WHISKEY,750 ML,750,100.0,,,United States,Bottle,1,6,109.95,659.7,4.33,0.0,One Time Buy,O,False,False,False
2026-08-01,1129B,99900112975,YUKON JACK PERMA FROST,CORDIALS,750 ML,750,100.0,,,United States,Bottle,1,12,16.95,203.4,0.67,0.0,Regular,R,False,False,False
2026-08-01,11303B,99901130375,BIB & TUCKER DOUBLE CHAR BOURBON,DOMESTIC WHISKEY,750 ML,750,88.0,,,United States,Bottle,1,6,49.95,299.7,1.97,5.0,Regular,R,False,False,False
2026-08-01,11308I,99901130870,PATRON EL CIELO,TEQUILA,700 ML,700,80.0,,,Mexico,Bottle,1,6,49.95,299.7,2.11,0.0,Regular,R,False,False,False
2026-08-01,11309E,99901130937,JD & COCA COLA ZERO SUGAR (4-CANS),COCKTAILS,355 ML,355,14.0,,,United States,Multi-Pack Can,4,6,12.95,77.7,1.02,0.0,Regular,R,False,False,False
2026-08-01,1130I,99900113070,FERRAND DRY CURACAO,CORDIALS,700 ML,700,80.0,,,,Bottle,1,6,39.95,239.7,1.69,0.0,Regular,R,False,False,False
2026-08-01,11313B,99901131375,LALO TEQUILA BLANCO,TEQUILA,750 ML,750,80.0,,,Mexico,Bottle,1,6,49.95,299.7,1.97,0.0,Limited Listing,L,False,False,False
2026-08-01,11313E,99901131337,LALO TEQUILA BLANCO,TEQUILA,375 ML,375,80.0,,,Mexico,Bottle,1,12,27.95,335.4,2.2,0.0,Limited Listing,L,False,False,False
2026-08-01,11322B,99901132275,DOUBLE CIRCLE GIN,GIN,750 ML,750,90.0,,,,Bottle,1,12,34.95,419.4,1.38,0.0,Trial Listing,T,True,False,False
2026-08-01,11331B,99901133175,LONGBRANCH W/2 ROCKS GLASSES,DOMESTIC WHISKEY,750ml,750,86.0,8 YRS,96,United States,VAP,1,6,36.95,221.7,1.45,2.0,Holiday,H,False,False,False
2026-08-01,11332B,99901133275,ELIJAH CRAIG RYE W/GIFT VAP,DOMESTIC WHISKEY,750ml,750,94.0,,,United States,VAP,1,6,29.95,179.7,1.18,-5.0,Holiday,H,False,False,False
2026-08-01,11333B,99901133375,CLYDE MAY'S STRAIGHT BOURB W/FLASK,DOMESTIC WHISKEY,750ml,750,92.0,,,United States,VAP,1,6,27.95,167.7,1.1,0.0,Holiday,H,False,False,False
2026-08-01,11335B,99901133575,BALLOTIN PEANUT BUTTER WHISK CREAM,DOMESTIC WHISKEY,750 ML,750,34.0,,,United States,Bottle,1,6,27.95,167.7,1.1,15.0,Holiday,H,False,False,False
2026-08-01,11336B,99901133675,PENDLETON MIDNIGHT W/GIFT VAP,CANADIAN,750ml,750,90.0,,,Canada,VAP,1,6,31.95,191.7,1.26,-3.0,Holiday,H,False,False,False
2026-08-01,11339B,99901133975,FREELAND SPIRITS FOREST GIN,GIN,750 ML,750,90.0,,,,Bottle,1,6,39.95,239.7,1.57,3.0,Regular,R,False,False,False
2026-08-01,11342B,99901134275,MR. PICKLES GIN,GIN,750 ML,750,86.0,,,,Bottle,1,6,34.95,209.7,1.38,0.0,Limited Listing,L,False,False,False
2026-08-01,11343B,99901134375,GYTE RYTE VODKA,VODKA,750 ML,750,80.0,,,,Bottle,1,12,29.95,359.4,1.18,0.0,Limited Listing,L,False,False,False
2026-08-01,11355B,99901135575,HOLLADAY SOFT RED WHEAT BOURBON 6YR,DOMESTIC WHISKEY,750 ML,750,100.0,,,United States,Bottle,1,6,54.95,329.7,2.16,-5.0,Limited Listing,L,False,False,False
2026-08-01,11360E,99901136037,GRAN CENTENARIO VARIETY 3 PACK,TEQUILA,375 ML,375,80.0,,,Mexico,Multi-Pack Bottle,3,4,54.95,219.8,4.33,0.0,Holiday,H,False,False,False
2026-08-01,11365B,99901136575,ELIJAH CRAIG TOASTED BARREL RYDER CUP,DOMESTIC WHISKEY,750 ML,750,94.0,,,United States,Bottle,1,3,99.95,299.85,3.94,0.0,Seasonal,B,False,False,False
2026-08-01,11366B,99901136675,ELVIS MIDNIGHT SNACK FLAVORED WHISKEY,CORDIALS,750 ML,750,70.0,,,,Bottle,1,6,26.95,161.7,1.06,0.0,Regular,R,False,False,False
2026-08-01,11370B,99901137075,PIGGYBACK RYE LEGENDS SERIES F1,DOMESTIC WHISKEY,750 ML,750,96.6,,,United States,Bottle,1,6,49.95,299.7,1.97,0.0,One Time Buy,O,False,False,False
2026-08-01,11376B,99901137675,TIDES COFFEE LIQUEUR,CORDIALS,750 ML,750,40.0,,,,Bottle,1,12,29.95,359.4,1.18,0.0,Trial Listing,T,False,False,False
2026-08-01,11377B,99901137775,HEAVEN HILL BOURBON BOTTLED IN BOND,DOMESTIC WHISKEY,750 ML,750,100.0,7 YRS,84,United States,Bottle,1,6,44.95,269.7,1.77,5.0,Regular,R,False,False,False
2026-08-01,11378A,99901137810,WHISTLEPIG 10 YR RYE PIGGYBANK DECANTER,DOMESTIC WHISKEY,LITER,1000,110.0,10 YRS,120,United States,Bottle,1,3,299.95,899.85,8.87,0.0,One Time Buy,O,False,False,False
2026-08-01,11379B,99901137975,WHISTLEPIG PIGGYBACK RYE PIG SPOUT VAP,DOMESTIC WHISKEY,750ml,750,96.6,6 YRS,72,United States,VAP,1,6,44.95,269.7,1.77,-5.0,One Time Buy,O,False,False,False
2026-08-01,11385B,99901138575,MCQUEEN AND THE VIOLET FOG-ULTRA-VIOLET,GIN,750 ML,750,80.0,,,,Bottle,1,6,32.95,197.7,1.3,-2.0,Limited Listing,L,False,False,False
2026-08-01,11386B,99901138675,OREGON SPIRIT MALT WHISKEY,DOMESTIC WHISKEY,750 ML,750,88.0,,,United States,Bottle,1,6,49.95,299.7,1.97,0.0,Trial Listing,T,True,False,False
2026-08-01,11397I,99901139770,JACK DANIELS BONDED RYE,DOMESTIC WHISKEY,700 ML,700,100.0,,,United States,Bottle,1,6,35.95,215.7,1.52,0.0,Regular,R,False,False,False
2026-08-01,1139B,99900113975,1800 REPOSADO GIFT VAP,TEQUILA,750ml,750,80.0,,,Mexico,VAP,1,6,29.95,179.7,1.18,4.0,Holiday,H,False,False,False
2026-08-01,11410B,99901141075,RED LINE UNAPOLOGETIC AMERICAN WHISKEY,DOMESTIC WHISKEY,750 ML,750,80.0,,,United States,Bottle,1,12,36.0,432.0,1.42,0.0,Trial Listing,T,True,False,False
2026-08-01,11411B,99901141175,MEILI VODKA,VODKA,750 ML,750,80.0,,,,Bottle,1,6,25.95,155.7,1.02,3.0,Trial Listing,T,False,False,False
2026-08-01,11417B,99901141775,E.T. 51 PREMIUM VODKA VAP,VODKA,750ml,750,80.0,,,Canada,VAP,1,6,29.95,179.7,1.18,0.0,Holiday,H,False,False,False
2026-08-01,11418B,99901141875,ACRE LARGO REPOSADO,TEQUILA,750 ML,750,80.0,,,Mexico,Bottle,1,6,49.95,299.7,1.97,0.0,Limited Listing,L,False,False,False
2026-08-01,1141B,99900114175,THREE OLIVES LOOPY VODKA,VODKA,750 ML,750,60.0,,,England,Bottle,1,12,14.95,179.4,0.59,2.0,Regular,R,False,False,False
2026-08-01,11432E,99901143237,NUTRL PINEAPPLE,VODKA,355 ML,355,9.0,,,United States,Multi-Pack Can,1,6,9.95,59.7,0.78,0.0,Trial Listing,T,False,False,False
2026-08-01,11439E,99901143937,MONACO CORE VARIETY PACK 4 - 6 PACKS,COCKTAILS,355 ML,355,18.0,,,United States,Multi-Pack Can,6,4,15.95,63.8,1.26,0.0,Regular,R,False,False,False
2026-08-01,11440B,99901144075,CASAMIGOS CRISTALINO,TEQUILA,750 ML,750,80.0,,,Mexico,Bottle,1,6,44.95,269.7,1.77,0.0,Regular,R,False,False,False
2026-08-01,11441B,99901144175,LIBELULA REPOSADO TEQUILA,TEQUILA,750 ML,750,80.0,,,Mexico,Bottle,1,12,30.95,371.4,1.22,0.0,Limited Listing,L,False,False,False
2026-08-01,11450B,99901145075,PATTY GREEN PURPLE KARMA PINNACLE,DOMESTIC WHISKEY,750 ML,750,112.0,,,United States,Bottle,1,12,200.0,2400.0,7.87,0.0,Trial Listing,T,True,False,False
2026-08-01,11451B,99901145175,PATTY GREEN MULTIFARIOUS,DOMESTIC WHISKEY,750 ML,750,98.0,,,United States,Bottle,1,12,80.0,960.0,3.15,0.0,Trial Listing,T,True,False,False
2026-08-01,11452B,99901145275,EMPRESS ELDERFLOWER ROSE,GIN,750 ML,750,85.0,,,Canada,Bottle,1,6,35.95,215.7,1.42,0.0,Regular,R,False,False,False
2026-08-01,11452E,99901145237,EMPRESS ELDERFLOWER ROSE,GIN,375 ML,375,85.0,,,Canada,Bottle,1,12,19.95,239.4,1.57,0.0,Trial Listing,T,False,False,False
2026-08-01,11458B,99901145875,HEAVEN'S DOOR ASCENSION KENTUCKY STRAIGHT BOURBON,DOMESTIC WHISKEY,750 ML,750,84.0,,,United States,Bottle,1,6,39.95,239.7,1.57,-5.0,Seasonal,B,False,False,False
2026-08-01,11464B,99901146475,LUX ROW FOUR GRAIN DOUBLE BARREL,DOMESTIC WHISKEY,750 ML,750,115.0,,,United States,Bottle,1,6,49.95,299.7,1.97,0.0,One Time Buy,O,False,False,False
2026-08-01,11473B,99901147375,BAILEYS CHOCOLATE,CORDIALS,750 ML,750,31.4,,,Republic of Ireland,Bottle,1,12,29.95,359.4,1.18,0.0,Regular,R,True,False,False
2026-08-01,11474B,99901147475,SMIRNOFF RED WHITE & MERRY,VODKA,750 ML,750,60.0,,,United States,Bottle,1,12,14.95,179.4,0.59,0.0,Seasonal,B,False,False,False
2026-08-01,11490B,99901149075,YELLOWSTONE HAND PICKED COLLECTION 115PR,DOMESTIC WHISKEY,750 ML,750,115.0,,,United States,Bottle,1,6,64.95,389.7,2.56,0.0,Seasonal,B,False,False,False
2026-08-01,11505B,99901150575,DEAD MAN PASS RUM - GOLDEN,RUM,750 ML,750,80.0,,,,Bottle,1,6,40.95,245.7,1.61,0.0,Trial Listing,T,False,False,False
2026-08-01,11506B,99901150675,DEL MAGUEY PUEBLA,TEQUILA,750 ML,750,80.0,,,Mexico,Bottle,1,6,34.95,209.7,1.38,3.0,Regular,R,False,False,False
2026-08-01,11507B,99901150775,SKREWBALL EGGNOG,DOMESTIC WHISKEY,750 ML,750,29.5,,,United States,Bottle,1,6,19.95,119.7,0.79,8.0,Holiday,H,False,False,False
2026-08-01,11508B,99901150875,CHIVAS REGAL XV,SCOTCH,750 ML,750,80.0,12 YRS,144,Scotland,Bottle,1,6,49.95,299.7,1.97,0.0,One Time Buy,O,False,False,False
2026-08-01,11509B,99901150975,JEFFERSON'S TROPICS,DOMESTIC WHISKEY,750 ML,750,104.0,,,United States,Bottle,1,6,54.95,329.7,2.16,0.0,Trial Listing,T,False,False,False
2026-08-01,11532E,99901153237,HIGH NOON VARIETY PACK 12 PACK,COCKTAILS,355 ML,355,9.0,,,United States,Multi-Pack Can,12,2,29.95,59.9,2.36,0.0,Regular,R,False,False,False
2026-08-01,11536B,99901153675,HEAVEN'S DOOR HOMESICK BLUES,DOMESTIC WHISKEY,750 ML,750,122.7,,,United States,Bottle,1,6,79.95,479.7,3.15,0.0,One Time Buy,O,False,False,False
2026-08-01,11565B,99901156575,YELLOWSTONE SPECIAL FINISHES COLLECTION TOASTED,DOMESTIC WHISKEY,750 ML,750,100.0,4 YRS,48,United States,Bottle,1,6,44.95,269.7,1.77,5.0,Limited Listing,L,False,False,False
2026-08-01,11570B,99901157075,NEW DEAL SPICED PEAR LIQUEUR,CORDIALS,750 ML,750,60.0,,,,Bottle,1,12,34.95,419.4,1.38,0.0,Trial Listing,T,True,False,False
2026-08-01,1159B,99900115975,KNOB CREEK RYE 7 YR,DOMESTIC WHISKEY,750 ML,750,100.0,7 YRS,84,United States,Bottle,1,6,38.95,233.7,1.53,0.0,Regular,R,False,False,False
2026-08-01,1159H,99900115917,KNOB CREEK RYE 7 YR,DOMESTIC WHISKEY,1.75 L,1750,100.0,7 YRS,84,United States,Bottle,1,6,61.95,371.7,1.05,-6.0,Limited Listing,L,False,False,False
2026-08-01,11607B,99901160775,KETEL ONE ESPRESSO MARTINI,COCKTAILS,750 ML,750,40.0,,,Netherlands,Bottle,1,12,22.95,275.4,0.9,0.0,Regular,R,False,False,False
2026-08-01,11608B,99901160875,KETEL ONE COSMOPOLITAN COCKTAIL,COCKTAILS,750 ML,750,36.6,,,Netherlands,Bottle,1,12,22.95,275.4,0.9,0.0,Limited Listing,L,False,False,False
2026-08-01,1161B,99900116175,REDBREAST 12Y CASK STRENGTH IRISH WHISKY,IRISH,750 ML,750,117.2,12 YRS,144,Republic of Ireland,Bottle,1,6,109.95,659.7,4.33,0.0,Seasonal,B,False,False,False
2026-08-01,11620B,99901162075,ARDBEG ANAMORPHIC,SCOTCH,750 ML,750,96.4,,,Scotland,Bottle,1,6,209.95,1259.7,8.27,0.0,Seasonal,B,False,False,False
2026-08-01,11621B,99901162175,ARDBEG ANTHOLOGY,SCOTCH,750 ML,750,92.0,,,Scotland,Bottle,1,6,164.95,989.7,6.49,0.0,Seasonal,B,False,False,False
2026-08-01,11622B,99901162275,GLENMORANGIE TALE OF TOKYO,SCOTCH,750 ML,750,92.0,,,Scotland,Bottle,1,6,102.95,617.7,4.05,0.0,Seasonal,B,False,False,False
2026-08-01,11623B,99901162375,BEN HOLLADAY RICKHOUSE PRF BBN,DOMESTIC WHISKEY,750 ML,750,120.0,,,United States,Bottle,1,6,74.95,449.7,2.95,0.0,Seasonal,B,False,False,False
2026-08-01,11632B,99901163275,DOCTOR BIRD PINEAPPLE RUM,RUM,750 ML,750,114.0,,,,Bottle,1,6,41.95,251.7,1.65,3.0,Trial Listing,T,False,False,False
2026-08-01,11650B,99901165075,TX BLENDED WHISKEY,DOMESTIC WHISKEY,750 ML,750,82.0,,,United States,Bottle,1,6,29.95,179.7,1.18,0.0,Regular,R,False,False,False
2026-08-01,11651B,99901165175,BRIXEUR FREY FAMILY RESERVE WHISKEY,DOMESTIC WHISKEY,750 ML,750,100.0,,,United States,Bottle,1,12,75.0,900.0,2.95,0.0,Limited Listing,L,True,False,False
2026-08-01,11653B,99901165375,FISHHAWK FLEET WHISKEY,DOMESTIC WHISKEY,750 ML,750,80.0,,,United States,Bottle,1,12,30.0,360.0,1.18,0.0,Trial Listing,T,True,False,False
2026-08-01,11659B,99901165975,CAPT WEBB GIN,GIN,750 ML,750,93.0,,,,Bottle,1,12,39.95,479.4,1.57,0.0,Trial Listing,T,True,False,False
2026-08-01,11660E,99901166037,WHITE CLAW VODKA + VARIETY 8 PACK,COCKTAILS,355 ML,355,18.0,,,United States,Multi-Pack Can,8,3,19.95,59.85,1.57,0.0,Trial Listing,T,False,False,False
2026-08-01,11667B,99901166775,2XO AMERICAN OAK BOURBON WHISKEY,DOMESTIC WHISKEY,750 ML,750,94.0,,,United States,Bottle,1,6,34.95,209.7,1.38,-10.0,Trial Listing,T,False,False,True
2026-08-01,11672B,99901167275,OLE SMOKY BANANA PUDDING CREAM,CORDIALS,750 ML,750,35.0,,,United States,Bottle,1,6,24.95,149.7,0.98,0.0,Regular,R,False,False,False
2026-08-01,11673B,99901167375,OLE SMOKY BUTTER PECAN CREAM,CORDIALS,750 ML,750,35.0,,,United States,Bottle,1,6,24.95,149.7,0.98,0.0,Trial Listing,T,False,False,False
2026-08-01,11674B,99901167475,OLE SMOKY ORANGE SHINESICLE CREAM,CORDIALS,750 ML,750,35.0,,,United States,Bottle,1,6,24.95,149.7,0.98,0.0,Limited Listing,L,False,False,False
2026-08-01,11676B,99901167675,OLE SMOKY W.C. STRAWBERRY CREAM,CORDIALS,750 ML,750,35.0,,,United States,Bottle,1,6,24.95,149.7,0.98,0.0,Limited Listing,L,False,False,False
2026-08-01,11683B,99901168375,TULLAMORE DEW HONEY,IRISH,750 ML,750,70.0,,,Republic of Ireland,Bottle,1,6,24.95,149.7,0.98,-5.0,Trial Listing,T,False,False,False
2026-08-01,11683F,99901168305,TULLAMORE DEW HONEY,IRISH,50 ML,50,70.0,,,Republic of Ireland,Bottle,1,42,1.75,73.5,1.03,0.0,Trial Listing,T,False,False,False
2026-08-01,11710B,99901171075,CRATER LAKE ESTATE RYE WHISKEY CASK STRENGTH,DOMESTIC WHISKEY,750 ML,750,120.6,,,United States,Bottle,1,6,69.95,419.7,2.75,5.0,Seasonal,B,True,False,False
2026-08-01,11712B,99901171275,AIMSIR PORT BARREL FINISHED AQUAVIT,CORDIALS,750 ML,750,90.0,,,,Bottle,1,6,44.0,264.0,1.73,0.0,Trial Listing,T,True,False,False
2026-08-01,11713I,99901171370,LAPHROAIG SINGLE CASK BARREL,SCOTCH,700 ML,700,115.6,,,Scotland,Bottle,1,6,179.95,1079.7,7.59,0.0,Seasonal,B,False,False,False
2026-08-01,11716B,99901171675,SUNSHINE PUNCH ORANGE CREME,CORDIALS,750 ML,750,36.0,,,,Bottle,1,12,26.95,323.4,1.06,0.0,Trial Listing,T,False,False,False
2026-08-01,11721B,99901172175,THE MACALLAN CLASSIC CUT - 2023 RELEASE,SCOTCH,750 ML,750,100.6,,,Scotland,Bottle,1,12,139.95,1679.4,5.51,0.0,One Time Buy,O,False,False,False
2026-08-01,11722B,99901172275,THE MACALLAN HARMONY COLLECTION - AMBER MEADOW,SCOTCH,750 ML,750,88.4,,,Scotland,Bottle,1,6,189.95,1139.7,7.48,0.0,One Time Buy,O,False,False,False
2026-08-01,11723E,99901172337,503 DISTILLING WATERMELON LEMONADE,COCKTAILS,355 ML,355,22.0,,,United States,Multi-Pack Can,4,6,14.95,89.7,1.18,0.0,Regular,R,False,False,False
2026-08-01,11726B,99901172675,JAMES E. PEPPER BOURBON DECANTER,DOMESTIC WHISKEY,750 ML,750,107.0,4 YRS,48,United States,Bottle,1,6,64.95,389.7,2.56,0.0,Limited Listing,L,False,False,False
2026-08-01,11730E,99901173037,10 BARREL DISCO LEMONADE (4 PACK CANS),COCKTAILS,355 ML,355,13.9,,,United States,Multi-Pack Can,4,6,11.95,71.7,0.94,0.0,Regular,R,False,False,False
2026-08-01,11731E,99901173137,10 BARREL AMF 4 PACK CANS,COCKTAILS,355 ML,355,13.9,,,United States,Multi-Pack Can,4,6,11.95,71.7,0.94,0.0,Regular,R,False,False,False
2026-08-01,11765D,99901176520,FREELAND SPIRITS GIN COMBO PACK,GIN,200 ML,200,90.0,,,United States,Multi-Pack Bottle,3,6,44.95,269.7,6.61,0.0,Trial Listing,T,False,False,False
2026-08-01,11766D,99901176620,TITO'S HANDMADE VODKA 50ML 4 PACK,VODKA,50 ML,50,80.0,,,United States,Multi-Pack Bottle,4,15,8.95,134.25,1.32,0.0,Regular,R,False,False,False
2026-08-01,11780B,99901178075,WIDOW JANE APPLE WOOD RYE,DOMESTIC WHISKEY,750 ML,750,93.0,,,United States,Bottle,1,6,49.95,299.7,1.97,5.0,Trial Listing,T,False,False,False
2026-08-01,11786B,99901178675,OREGON MOONSHINE CO. APPLE PIE,CORDIALS,750 ML,750,70.0,,,United States,Bottle,1,12,39.95,479.4,1.57,0.0,Limited Listing,L,True,False,False
2026-08-01,1178H,99900117817,JOSE CUERVO AUTH. GRPFRT TANG MARGARITA,COCKTAILS,1.75 L,1750,19.9,,,Mexico,Bottle,1,6,17.95,107.7,0.3,2.0,Regular,R,False,False,False
2026-08-01,11790B,99901179075,TRAVELLER WHISKEY,DOMESTIC WHISKEY,750 ML,750,90.0,,,United States,Bottle,1,12,29.95,359.4,1.18,0.0,Regular,R,False,False,False
2026-08-01,11790F,99901179005,TRAVELLER WHISKEY,DOMESTIC WHISKEY,50 ML,50,90.0,,,United States,Bottle,1,120,2.0,240.0,1.18,0.0,One Time Buy,O,False,False,False
2026-08-01,11790H,99901179017,TRAVELLER WHISKEY,DOMESTIC WHISKEY,1.75 L,1750,90.0,,,United States,Bottle,1,6,49.95,299.7,0.84,0.0,Limited Listing,L,False,False,False
2026-08-01,11802B,99901180275,FREY RANCH FARM STRENGTH UNCUT,DOMESTIC WHISKEY,750 ML,750,125.0,,,United States,Bottle,1,6,69.95,419.7,2.75,0.0,Limited Listing,L,False,False,False
2026-08-01,11813B,99901181375,HENDRICK'S GRAND CABARET,GIN,750 ML,750,86.8,,,Scotland,Bottle,1,6,24.95,149.7,0.98,0.0,Seasonal,B,False,False,False
2026-08-01,11814B,99901181475,GLENFIDDICH 12 YO SHERRY,SCOTCH,750 ML,750,86.0,12 YRS,144,Scotland,Bottle,1,12,64.95,779.4,2.56,5.0,Limited Listing,L,False,False,False
2026-08-01,11833B,99901183375,HEAVEN'S DOOR CALVADOS FINISH EXPLORATION SERIES 1,DOMESTIC WHISKEY,750 ML,750,108.0,,,United States,Bottle,1,6,69.95,419.7,2.75,0.0,Limited Listing,L,False,False,False
2026-08-01,11836B,99901183675,CROWN ROYAL BLACKBERRY,CANADIAN,750 ML,750,70.0,,,Canada,Bottle,1,12,29.95,359.4,1.18,4.0,Seasonal,B,False,False,False
2026-08-01,11836E,99901183637,CROWN ROYAL BLACKBERRY,CANADIAN,375 ML,375,70.0,,,Canada,Bottle,1,24,14.95,358.8,1.18,0.0,Regular,R,False,False,False
2026-08-01,11836F,99901183605,CROWN ROYAL BLACKBERRY,CANADIAN,50 ML,50,70.0,,,Canada,Bottle,1,60,2.75,165.0,1.62,0.0,Regular,R,False,False,False
2026-08-01,11836H,99901183617,CROWN ROYAL BLACKBERRY,CANADIAN,1.75 L,1750,70.0,,,Canada,Bottle,1,6,49.95,299.7,0.84,-6.0,Limited Listing,L,False,False,False
2026-08-01,11837B,99901183775,CIROC LIMONATA,VODKA,750 ML,750,60.0,,,France,Bottle,1,12,35.95,431.4,1.42,6.0,Trial Listing,T,False,False,False
2026-08-01,11838B,99901183875,BULLEIT SINGLE MALT,DOMESTIC WHISKEY,750 ML,750,90.0,12 YRS,144,United States,Bottle,1,6,59.95,359.7,2.36,0.0,Trial Listing,T,False,False,False
2026-08-01,11839B,99901183975,MIDNIGHT MOON COOKIES & CREAM MOONSHAKE,CORDIALS,750 ML,750,34.0,,,,Bottle,1,6,19.95,119.7,0.79,-4.0,Limited Listing,L,False,False,False
2026-08-01,11839F,99901183905,MIDNIGHT MOON COOKIES & CREAM MOONSHAKE,CORDIALS,50 ML,50,34.0,,,,Bottle,1,48,3.0,144.0,1.76,0.0,Limited Listing,L,False,False,False
2026-08-01,11840B,99901184075,MIDNIGHT MOON APPLE PIE MOONSHAKE,CORDIALS,750 ML,750,34.0,,,,Bottle,1,6,19.95,119.7,0.79,-4.0,Limited Listing,L,False,False,False
2026-08-01,11840F,99901184005,MIDNIGHT MOON APPLE PIE MOONSHAKE,CORDIALS,50 ML,50,34.0,,,,Bottle,1,48,3.0,144.0,1.76,0.0,Limited Listing,L,False,False,False
2026-08-01,11841B,99901184175,MIDNIGHT MOON CHOCOLATE BROWNIE MOONSHAKE,CORDIALS,750 ML,750,34.0,,,,Bottle,1,6,19.95,119.7,0.79,-4.0,Limited Listing,L,False,False,False
2026-08-01,11841F,99901184105,MIDNIGHT MOON CHOCOLATE BROWNIE MOONSHAKE,CORDIALS,50 ML,50,34.0,,,,Bottle,1,48,3.0,144.0,1.76,0.0,Limited Listing,L,False,False,False
2026-08-01,11844B,99901184475,DON JULIO ALMA MIEL,TEQUILA,750 ML,750,80.0,,,Mexico,Bottle,1,6,99.95,599.7,3.94,0.0,Regular,R,False,False,False
2026-08-01,11845E,99901184537,SMIRNOFF SMASH RTD VARIETY PACK (8 CANS),COCKTAILS,355 ML,355,9.0,,,United States,Multi-Pack Can,8,3,17.95,53.85,1.41,0.0,Regular,R,False,False,False
2026-08-01,11846E,99901184637,CROWN ROYAL LEMONADE RTD VARIETY PACK (8 CANS),COCKTAILS,355 ML,355,14.0,,,Canada,Multi-Pack Can,8,3,18.95,56.85,1.49,0.0,Regular,R,False,False,False
2026-08-01,11853B,99901185375,EZRA BROOKS FULL PROOF (BARREL ONLY),DOMESTIC WHISKEY,750 ML,750,120.0,,,United States,Bottle,1,6,49.95,299.7,1.97,0.0,Seasonal,B,False,False,False
2026-08-01,11854B,99901185475,REBEL FULL PROOF (BARREL ONLY),DOMESTIC WHISKEY,750 ML,750,120.0,,,United States,Bottle,1,6,49.95,299.7,1.97,0.0,Seasonal,B,False,False,False
2026-08-01,11857B,99901185775,EL MAYOR CRISTALINO MASTER'S COLLECTION ANEJO BTB,TEQUILA,750 ML,750,80.0,,,Mexico,Bottle,1,6,54.95,329.7,2.16,0.0,Seasonal,B,False,False,False
2026-08-01,11860E,99901186037,JACK DANIEL'S & GINGER 6-4PK,COCKTAILS,355 ML,355,14.0,,,United States,Multi-Pack Can,4,6,12.95,77.7,1.02,0.0,Regular,R,False,False,False
2026-08-01,11866B,99901186675,BRANCH POINT STOUT CASK OREGON WHISKEY,DOMESTIC WHISKEY,750 ML,750,92.0,,,United States,Bottle,1,6,69.95,419.7,2.75,0.0,Trial Listing,T,False,False,False
2026-08-01,11867B,99901186775,OLD FORESTER 1924,DOMESTIC WHISKEY,750 ML,750,100.0,,,United States,Bottle,1,6,114.95,689.7,4.53,0.0,Seasonal,B,False,False,False
2026-08-01,11878B,99901187875,REBEL 100 6 YR STRAIGHT BOURBON WHISKEY,DOMESTIC WHISKEY,750 ML,750,100.0,6 YRS,72,United States,Bottle,1,6,49.95,299.7,1.97,0.0,Trial Listing,T,False,False,False
2026-08-01,1187B,99900118775,360 RED RASPBERRY FLAVORED VODKA,VODKA,750 ML,750,70.0,,,United States,Bottle,1,12,16.95,203.4,0.67,0.0,Regular,R,False,False,False
2026-08-01,11890B,99901189075,ON THE ROCKS EFFEN COSMO,COCKTAILS,750 ML,750,40.0,,,United States,Bottle,1,6,19.95,119.7,0.79,-3.0,Limited Listing,L,False,False,False
2026-08-01,11891E,99901189137,"DON JULIO TRIPLE PACK (BLANCO, REPOSADO, ANEJO)",TEQUILA,375 ML,375,80.0,,,Mexico,Multi-Pack Bottle,3,4,79.95,319.8,6.3,0.0,One Time Buy,O,False,False,False
2026-08-01,11892B,99901189275,CROWN ROYAL DELUXE W/ JUICER,CANADIAN,750ml,750,80.0,,,Canada,VAP,1,6,29.95,179.7,1.18,4.0,Seasonal,B,False,False,False
2026-08-01,11893B,99901189375,BUCHANAN'S DELUXE W/ 2 SALSA BOWLS,SCOTCH,750ml,750,80.0,,,Scotland,VAP,1,6,41.95,251.7,1.65,5.0,Seasonal,B,False,False,False
2026-08-01,11898B,99901189875,MASH & MALLOW S'MORES WHISKEY,DOMESTIC WHISKEY,750 ML,750,70.0,,,United States,Bottle,1,6,32.95,197.7,1.3,-2.0,Trial Listing,T,False,False,False
2026-08-01,11899B,99901189975,SOBIESKI GRAPEFRUIT,VODKA,750 ML,750,80.0,,,,Bottle,1,12,12.95,155.4,0.51,0.0,Trial Listing,T,False,False,False
2026-08-01,11901E,99901190137,ABSOLUT & OCEAN SPRAY VARIETY 8 PACK,COCKTAILS,355 ML,355,9.0,,,Sweden,Multi-Pack Can,8,3,19.95,59.85,1.57,0.0,Regular,R,False,False,False
2026-08-01,11902B,99901190275,BLACKENED 72 SEASONS CASK STRENGTH,DOMESTIC WHISKEY,750 ML,750,109.6,,,United States,Bottle,1,6,69.95,419.7,2.75,0.0,One Time Buy,O,False,False,False
2026-08-01,11903B,99901190375,BLACKENED RYE THE LIGHTNING 2024 EDITION,DOMESTIC WHISKEY,750 ML,750,92.0,,,United States,Bottle,1,6,69.95,419.7,2.75,0.0,Seasonal,B,False,False,False
2026-08-01,11904B,99901190475,BLUE ICE DOUBLE ESPRESSO VODKA,VODKA,750 ML,750,70.0,,,,Bottle,1,12,17.95,215.4,0.71,0.0,Trial Listing,T,False,False,False
2026-08-01,11905B,99901190575,SANTO FINO ANEJO,TEQUILA,750 ML,750,80.0,,,Mexico,Bottle,1,6,74.95,449.7,2.95,0.0,Trial Listing,T,False,False,False
2026-08-01,11913B,99901191375,DOC SWINSON'S SESSION BLEND STRAIGHT BOURBON,DOMESTIC WHISKEY,750 ML,750,90.0,,,United States,Bottle,1,6,45.95,275.7,1.81,0.0,Trial Listing,T,False,False,False
2026-08-01,11914H,99901191417,SEAGRAMS EXTRA SMOOTH VODKA PET,VODKA,1.75 L,1750,80.0,,,United States,Bottle,1,6,22.95,137.7,0.39,3.0,Regular,R,False,False,False
2026-08-01,11915B,99901191575,BROKEN TOP COFFEE BOURBON,DOMESTIC WHISKEY,750 ML,750,80.0,,,United States,Bottle,1,12,34.95,419.4,1.38,5.0,Limited Listing,L,True,False,False
2026-08-01,11918B,99901191875,8 SECONDS 15 YEAR CANADIAN WHISKEY,CANADIAN,750 ML,750,80.0,15 YRS,180,Canada,Bottle,1,6,47.95,287.7,1.89,0.0,One Time Buy,O,False,False,False
2026-08-01,11935B,99901193575,EL MAR AUTENTICA MARGARITA,COCKTAILS,750 ML,750,30.0,,,Mexico,Bottle,1,6,19.95,119.7,0.79,0.0,Trial Listing,T,False,False,False
2026-08-01,11936A,99901193610,BUFFALO TRACE SINGLE BARREL SELECT,DOMESTIC WHISKEY,LITER,1000,90.0,,,United States,Bottle,1,12,32.95,395.4,0.97,0.0,Seasonal,B,False,False,False
2026-08-01,11936B,99901193675,BUFFALO TRACE SINGLE BARREL SELECT,DOMESTIC WHISKEY,750 ML,750,90.0,,,United States,Bottle,1,12,30.95,371.4,1.22,0.0,Seasonal,B,False,False,False
2026-08-01,11936E,99901193637,BUFFALO TRACE SINGLE BARREL SELECT,DOMESTIC WHISKEY,375 ML,375,90.0,,,United States,Bottle,1,12,16.95,203.4,1.33,0.0,Seasonal,B,False,False,False
2026-08-01,11936H,99901193617,BUFFALO TRACE SINGLE BARREL SELECT,DOMESTIC WHISKEY,1.75 L,1750,90.0,,,United States,Bottle,1,6,58.95,353.7,1.0,0.0,Seasonal,B,False,False,False
2026-08-01,11937B,99901193775,EAGLE RARE SINGLE BARREL SELECT,DOMESTIC WHISKEY,750 ML,750,90.0,,,United States,Bottle,1,6,49.95,299.7,1.97,3.0,Seasonal,B,False,False,False
2026-08-01,11938B,99901193875,WELLER RESERVE SINGLE BARREL SELECT,DOMESTIC WHISKEY,750 ML,750,90.0,,,United States,Bottle,1,12,31.95,383.4,1.26,0.0,Seasonal,B,False,False,False
2026-08-01,11939B,99901193975,WELLER ANTIQUE SINGLE BARREL SELECT,DOMESTIC WHISKEY,750 ML,750,107.0,,,United States,Bottle,1,12,60.95,731.4,2.4,0.0,Seasonal,B,False,False,False
2026-08-01,11941B,99901194175,WELLER FULL PROOF SINGLE BARREL SELECT,DOMESTIC WHISKEY,750 ML,750,114.0,,,United States,Bottle,1,6,66.95,401.7,2.64,0.0,Seasonal,B,False,False,False
2026-08-01,11942B,99901194275,BLANTON GOLD SINGLE BARREL SELECT,DOMESTIC WHISKEY,750 ML,750,103.0,,,United States,Bottle,1,6,154.95,929.7,6.1,3.0,Seasonal,B,False,False,False
2026-08-01,11943B,99901194375,BLANTON'S SINGLE BARREL SELECT,DOMESTIC WHISKEY,750 ML,750,93.0,,,United States,Bottle,1,6,87.95,527.7,3.46,4.0,Seasonal,B,False,False,False
2026-08-01,11944B,99901194475,E.H. TAYLOR SINGLE BARREL - SINGLE BARREL SELECT,DOMESTIC WHISKEY,750 ML,750,100.0,,,United States,Bottle,1,6,74.95,449.7,2.95,3.0,Seasonal,B,False,False,False
2026-08-01,11945B,99901194575,SAZERAC RYE SINGLE BARREL SELECT,DOMESTIC WHISKEY,750 ML,750,90.0,,,United States,Bottle,1,6,31.95,191.7,1.26,0.0,Seasonal,B,False,False,False
2026-08-01,11950B,99901195075,STAGG SINGLE BARREL SELECT,DOMESTIC WHISKEY,750 ML,750,135.0,,,United States,Bottle,1,6,69.95,419.7,2.75,3.0,Seasonal,B,False,False,False
2026-08-01,11951B,99901195175,1792 FULL PROOF SINGLE BARREL SELECT,DOMESTIC WHISKEY,750 ML,750,125.0,,,United States,Bottle,1,6,53.95,323.7,2.12,0.0,Seasonal,B,False,False,False
2026-08-01,11952B,99901195275,1792 BOTTLED IN BOND SINGLE BARREL SELECT,DOMESTIC WHISKEY,750 ML,750,100.0,,,United States,Bottle,1,6,44.95,269.7,1.77,0.0,Seasonal,B,False,False,False
2026-08-01,11955B,99901195575,1792 SINGLE BARREL - SINGLE BARREL SELECT,DOMESTIC WHISKEY,750 ML,750,98.6,,,United States,Bottle,1,6,48.95,293.7,1.93,0.0,Seasonal,B,False,False,False
2026-08-01,11956B,99901195675,1792 SMALL BATCH SINGLE BARREL SELECT,DOMESTIC WHISKEY,750 ML,750,93.7,,,United States,Bottle,1,6,34.95,209.7,1.38,0.0,Seasonal,B,False,False,False
2026-08-01,11957B,99901195775,FIREBALL DRAGON RESERVE,OTHER IMPORTED WHISKY,750 ML,750,66.0,,,Canada,Bottle,1,12,17.95,215.4,0.71,0.0,One Time Buy,O,False,False,False
2026-08-01,11959B,99901195975,HOLLADAY SOFT RED WHEAT RICKHOUSE PROOF,DOMESTIC WHISKEY,750 ML,750,120.0,6 YRS,72,United States,Bottle,1,6,74.95,449.7,2.95,0.0,Seasonal,B,False,False,False
2026-08-01,11960B,99901196075,CASAMIGOS JALAPENO GLASS,TEQUILA,750 ML,750,80.0,,,Mexico,Bottle,1,6,39.95,239.7,1.57,0.0,Limited Listing,L,False,False,False
2026-08-01,11961B,99901196175,VIVACITY OLD CONTRARIAN,DOMESTIC WHISKEY,750 ML,750,80.0,2 YRS,24,United States,Bottle,1,12,48.0,576.0,1.89,0.0,Limited Listing,L,True,False,False
2026-08-01,11962B,99901196275,PATTY GREEN FRANCIN BARLEY,DOMESTIC WHISKEY,750 ML,750,102.0,,,United States,Bottle,1,12,125.0,1500.0,4.92,0.0,Trial Listing,T,True,False,False
2026-08-01,11964E,99901196437,DIE THE WOLF BLUEBERRY EAU DE VIE,CORDIALS,375 ML,375,80.0,,,,Bottle,1,12,40.0,480.0,3.15,0.0,Trial Listing,T,False,False,False
2026-08-01,11980B,99901198075,HIGH WEST BOTTLED IN BOND STRAIGHT RYE WHISKEY,DOMESTIC WHISKEY,750 ML,750,100.0,,,United States,Bottle,1,6,69.95,419.7,2.75,0.0,Seasonal,B,False,False,False
2026-08-01,11992B,99901199275,OLE SMOKY MINT CHIP CREAM WHISKEY,CORDIALS,750 ML,750,35.0,,,United States,Bottle,1,6,20.95,125.7,0.82,0.0,Limited Listing,L,False,False,False
2026-08-01,11995F,99901199505,DEEP EDDY VODKA PICKLEBALL MIXED PACK,VODKA,50 ML,50,72.5,,,United States,Multi-Pack Bottle,12,10,18.0,180.0,10.59,0.0,One Time Buy,O,False,False,False
2026-08-01,11997B,99901199775,PENELOPE BOURBON TOASTED BARREL FINISH,DOMESTIC WHISKEY,750 ML,750,100.0,,,United States,Bottle,1,6,49.95,299.7,1.97,-10.0,Regular,R,False,False,False
2026-08-01,11998B,99901199875,PENELOPE ARCHITECT BOURBON,DOMESTIC WHISKEY,750 ML,750,104.0,,,United States,Bottle,1,6,59.95,359.7,2.36,10.0,Regular,R,False,False,False
2026-08-01,11999B,99901199975,PENELOPE FOUR GRAIN STRAIGHT BOURBON,DOMESTIC WHISKEY,750 ML,750,80.0,,,United States,Bottle,1,6,34.95,209.7,1.38,5.0,Regular,R,False,False,False
2026-08-01,12005B,99901200575,DIRTY MONKEY BANANA PEANUT BUTTER WHISKEY,DOMESTIC WHISKEY,750 ML,750,70.0,,,United States,Bottle,1,12,21.95,263.4,0.86,0.0,Regular,R,False,False,False
2026-08-01,12005F,99901200505,DIRTY MONKEY BANANA PEANUT BUTTER WHISKEY,DOMESTIC WHISKEY,50 ML,50,70.0,,,United States,Bottle,1,120,2.5,300.0,1.47,0.0,Limited Listing,L,False,False,False
2026-08-01,1200B,99900120075,DEKUYPER MELON DEW LIQUEUR,CORDIALS,750 ML,750,46.0,,,Netherlands,Bottle,1,12,11.95,143.4,0.47,0.0,Regular,R,False,False,False
2026-08-01,12022B,99901202275,NEW AMSTERDAM TANGERINE VODKA,VODKA,750 ML,750,70.0,,,United States,Bottle,1,12,10.95,131.4,0.43,0.0,Trial Listing,T,False,False,False
2026-08-01,12022F,99901202205,NEW AMSTERDAM TANGERINE VODKA,VODKA,50 ML,50,70.0,,,United States,Bottle,1,120,1.5,180.0,0.88,0.0,One Time Buy,O,False,False,False
2026-08-01,12023E,99901202337,HIGH NOON FIESTA 8 CAN VARIETY PACK,COCKTAILS,355 ML,355,9.0,,,United States,Multi-Pack Can,8,3,21.95,65.85,1.73,0.0,Regular,R,False,False,False
2026-08-01,12024B,99901202475,BROKEN TOP BACKCOUNTRY BOURBON,DOMESTIC WHISKEY,750 ML,750,88.0,,,United States,Bottle,1,12,34.95,419.4,1.38,5.0,Regular,R,True,False,False
2026-08-01,12025B,99901202575,BROKEN TOP RIDGELINE RYE,DOMESTIC WHISKEY,750 ML,750,88.0,,,United States,Bottle,1,12,34.95,419.4,1.38,5.0,Regular,R,True,False,False
2026-08-01,12026B,99901202675,BROKEN TOP ASCENT BOURBON,DOMESTIC WHISKEY,750 ML,750,90.0,,,United States,Bottle,1,12,54.95,659.4,2.16,5.0,Regular,R,True,False,False
2026-08-01,12027B,99901202775,BROKEN TOP ASCENT RYE,DOMESTIC WHISKEY,750 ML,750,90.0,,,United States,Bottle,1,12,54.95,659.4,2.16,5.0,Limited Listing,L,True,False,False
2026-08-01,12031E,99901203137,REDIVIVA BLACKBERRY BASIL LIQUEUR,CORDIALS,375 ML,375,39.9,,,,Bottle,1,12,29.95,359.4,2.36,0.0,Trial Listing,T,False,False,False
2026-08-01,12034F,99901203405,DOUGH BALL BIRTHDAY CAKE,DOMESTIC WHISKEY,50 ML,50,70.0,,,United States,Bottle,1,120,2.0,240.0,1.18,0.0,Trial Listing,T,False,False,False
2026-08-01,12035E,99901203537,REDIVIVA CHERRY ALMOND LIQUEUR,CORDIALS,375 ML,375,37.8,,,,Bottle,1,12,29.95,359.4,2.36,0.0,Trial Listing,T,False,False,False
2026-08-01,12044D,99901204420,99 ASSORTED PARTY BUCKET 4-20PK,CORDIALS,50 ML,50,99.0,,,United States,Multi-Pack Bottle,1,4,18.95,75.8,2.79,0.0,Regular,R,False,False,False
2026-08-01,12045D,99901204520,FRIS VARIETY 12-10PK,VODKA,50 ML,50,70.0,,,Denmark,Multi-Pack Bottle,10,12,8.95,107.4,1.32,0.0,Regular,R,False,False,False
2026-08-01,12046B,99901204675,RUMCHATA PINEAPPLE,RUM,750 ML,750,27.6,,,,Bottle,1,12,21.95,263.4,0.86,0.0,Trial Listing,T,False,False,False
2026-08-01,12046F,99901204605,RUMCHATA PINEAPPLE,RUM,50 ML,50,27.6,,,,Bottle,1,120,2.5,300.0,1.47,0.0,One Time Buy,O,False,False,False
2026-08-01,12047B,99901204775,LUXARDO ESPRESSO LIQUEUR,CORDIALS,750 ML,750,54.0,,,,Bottle,1,6,27.95,167.7,1.1,0.0,Trial Listing,T,False,False,False
2026-08-01,12048A,99901204810,OCEAN ORGANIC ESPRESSO MARTINI,COCKTAILS,LITER,1000,40.0,,,United States,Bottle,1,6,17.95,107.7,0.53,0.0,Trial Listing,T,False,False,False
2026-08-01,12058B,99901205875,ASTRAL REPOSADO,TEQUILA,750 ML,750,80.0,,,Mexico,Bottle,1,6,22.95,137.7,0.9,0.0,Regular,R,False,False,False
2026-08-01,12059D,99901205920,CROWN ROYAL PEACH/APPLE 50ML 10 PK,CANADIAN,50 ML,50,70.0,,,Canada,Multi-Pack Bottle,10,6,19.95,119.7,2.93,0.0,One Time Buy,O,False,False,False
2026-08-01,12060B,99901206075,CROWN ROYAL SINGLE MALT,CANADIAN,750 ML,750,80.0,16 YRS,192,Canada,Bottle,1,12,54.95,659.4,2.16,0.0,Seasonal,B,False,False,False
2026-08-01,12061B,99901206175,LAGAVULIN OFFERMAN EDITION 11 YEAR CARIBBEAN RUM,SCOTCH,750 ML,750,92.0,11 YRS,132,Scotland,Bottle,1,6,89.95,539.7,3.54,0.0,Seasonal,B,False,False,False
2026-08-01,12067B,99901206775,EMPRESS 1908 CUCUMBER LEMON GIN,GIN,750 ML,750,85.0,,,,Bottle,1,6,35.95,215.7,1.42,0.0,Regular,R,False,False,False
2026-08-01,12067E,99901206737,EMPRESS 1908 CUCUMBER LEMON GIN,GIN,375 ML,375,85.0,,,,Bottle,1,12,19.95,239.4,1.57,0.0,Trial Listing,T,False,False,False
2026-08-01,12069E,99901206937,ON THE ROCKS BLUE HAWAIIAN,COCKTAILS,375 ML,375,40.0,,,United States,Bottle,1,12,12.95,155.4,1.02,3.0,Regular,R,False,False,False
2026-08-01,12089B,99901208975,EZRA BROOKS 99 PORT CASK FINISH,DOMESTIC WHISKEY,750 ML,750,99.0,,,United States,Bottle,1,6,34.95,209.7,1.38,3.0,Limited Listing,L,False,False,False
2026-08-01,12091B,99901209175,LA CASA ESCAPAR BLANCO,TEQUILA,750 ML,750,80.0,,,Mexico,Bottle,1,6,35.95,215.7,1.42,0.0,Trial Listing,T,False,False,False
2026-08-01,12104B,99901210475,OREGON MOONSHINE CO. LEMON DROP,CORDIALS,750 ML,750,50.0,,,United States,Bottle,1,12,39.95,479.4,1.57,0.0,Limited Listing,L,True,False,False
2026-08-01,12107B,99901210775,MARCOTTE DISTILLING CO/ FRUIT PUNCH,CORDIALS,750 ML,750,50.0,,,,Bottle,1,12,26.0,312.0,1.02,0.0,Trial Listing,T,False,False,False
2026-08-01,12108B,99901210875,MARCOTTE DISTILLING CO/ LEMON DULCE,CORDIALS,750 ML,750,50.0,,,,Bottle,1,12,26.0,312.0,1.02,0.0,Trial Listing,T,False,False,False
2026-08-01,1212B,99900121275,CLASE AZUL PLATA TEQUILA,TEQUILA,750 ML,750,80.0,,,Mexico,Bottle,1,6,159.95,959.7,6.3,0.0,Seasonal,B,False,False,False
2026-08-01,12137E,99901213737,CRATER LAKE ESPRESSO MARTINI RTD,COCKTAILS,375 ML,375,60.0,,,United States,Bottle,1,12,13.95,167.4,1.1,0.0,Limited Listing,L,True,False,False
2026-08-01,12138B,99901213875,BARBANCOURT HAITIAN PROOF WHITE RHUM,RUM,750 ML,750,110.0,,,,Bottle,1,12,19.95,239.4,0.79,0.0,Trial Listing,T,False,False,False
2026-08-01,1213B,99900121375,GOLDSCHLAGER CINNAMON SCHNAPPS IMPORTED,CORDIALS,750 ML,750,87.0,,,,Bottle,1,12,25.95,311.4,1.02,3.0,Regular,R,False,False,False
2026-08-01,1213F,99900121305,GOLDSCHLAGER CINNAMON SCHNAPPS IMPORTED,CORDIALS,50 ML,50,87.0,,,,Bottle,1,120,1.75,210.0,1.03,0.0,Regular,R,False,False,False
2026-08-01,12174E,99901217437,DROP SHOP CHOCOLATE COLD BREW MARTINI,COCKTAILS,375 ML,375,30.0,,,United States,Bottle,1,6,17.95,107.7,1.41,0.0,Trial Listing,T,False,False,False
2026-08-01,12178B,99901217875,REDBREAST AMERICAN OAK MISSOURI,OTHER IMPORTED WHISKY,750 ML,750,101.0,,,,Bottle,1,6,199.95,1199.7,7.87,0.0,One Time Buy,O,False,False,False
2026-08-01,12184B,99901218475,VOLCAN BLANCO TEQUILA,TEQUILA,750 ML,750,80.0,,,Mexico,Bottle,1,6,49.95,299.7,1.97,0.0,Limited Listing,L,False,False,False
2026-08-01,12186B,99901218675,VOLCAN REPOSADO TEQUILA,TEQUILA,750 ML,750,80.0,,,Mexico,Bottle,1,6,66.95,401.7,2.64,0.0,Trial Listing,T,False,False,False
2026-08-01,12188D,99901218820,CUTWATER MARGARITA VARIETY 2-12 PACKS,COCKTAILS,355 ML,355,25.0,,,United States,Multi-Pack Can,12,2,24.95,49.9,3.67,0.0,Regular,R,False,False,False
2026-08-01,12193B,99901219375,PATRON ANEJO CRISTALINO,TEQUILA,750 ML,750,80.0,,,Mexico,Bottle,1,6,64.95,389.7,2.56,-5.0,Regular,R,False,False,False
2026-08-01,12197E,99901219737,HIGH NOON ICED TEA 3-8 PACKS,COCKTAILS,355 ML,355,9.0,,,United States,Multi-Pack Can,8,3,19.95,59.85,1.57,0.0,Regular,R,False,False,False
2026-08-01,12199B,99901219975,AGRODOLCE DISTILLING CO. GIN THROUGH THE SAGES,GIN,750 ML,750,90.0,,,United States,Bottle,1,6,35.0,210.0,1.38,0.0,Limited Listing,L,True,False,False
2026-08-01,12199E,99901219937,AGRODOLCE DISTILLING CO. GIN THROUGH THE SAGES,GIN,375 ML,375,90.0,,,United States,Bottle,1,12,20.0,240.0,1.57,0.0,Limited Listing,L,True,False,False
2026-08-01,1219B,99900121975,DEKUYPER WATERMELON PUCKER SCHNAPPS,CORDIALS,750 ML,750,30.0,,,Netherlands,Bottle,1,12,12.95,155.4,0.51,0.0,Regular,R,False,False,False
2026-08-01,12200I,99901220070,HEAVEN HILL GRAIN TO GLASS WHEATED BOURBON 2ND EDITION,DOMESTIC WHISKEY,700 ML,700,121.0,,,United States,Bottle,1,6,99.95,599.7,4.22,0.0,Seasonal,B,False,False,False
2026-08-01,12201I,99901220170,HEAVEN HILL GRAIN TO GLASS STRAIGHT RYE WHISKEY,DOMESTIC WHISKEY,700 ML,700,123.2,,,United States,Bottle,1,6,99.95,599.7,4.22,0.0,Seasonal,B,False,False,False
2026-08-01,12202I,99901220270,HEAVEN HILL GRAIN TO GLASS STRAIGHT BOURBON,DOMESTIC WHISKEY,700 ML,700,107.0,,,United States,Bottle,1,6,99.95,599.7,4.22,0.0,Seasonal,B,False,False,False
2026-08-01,12205B,99901220575,GLENMORANGIE 12 YEAR OLD ORIGINAL,SCOTCH,750 ML,750,86.0,12 YRS,144,Scotland,Bottle,1,6,49.95,299.7,1.97,10.0,Regular,R,False,False,False
2026-08-01,12205H,99901220517,GLENMORANGIE 12 YEAR OLD ORIGINAL,SCOTCH,1.75 L,1750,86.0,12 YRS,144,Scotland,Bottle,1,4,99.95,399.8,1.69,0.0,Limited Listing,L,False,False,False
2026-08-01,12208B,99901220875,JOURNEY DISTILLED VODKA,VODKA,750 ML,750,80.0,,,,Bottle,1,6,29.95,179.7,1.18,0.0,Trial Listing,T,True,False,False
2026-08-01,12209I,99901220970,PLANTERAY CUT AND DRY,RUM,700 ML,700,80.0,,,Barbados,Bottle,1,6,42.95,257.7,1.81,0.0,Limited Listing,L,False,False,False
2026-08-01,12214B,99901221475,LARCENY SINGLE BATCH 92 PROOF PRIVATE BARREL,DOMESTIC WHISKEY,750 ML,750,92.0,,,United States,Bottle,1,12,29.95,359.4,1.18,0.0,Seasonal,B,False,False,False
2026-08-01,12215B,99901221575,LARCENY SINGLE BARREL BATCH PROOF PRIVATE BARREL,DOMESTIC WHISKEY,750 ML,750,110.0,,,United States,Bottle,1,12,64.95,779.4,2.56,0.0,Seasonal,B,False,False,False
2026-08-01,12219E,99901221937,FORTH RASPBERRY COSMO 4-CANS,COCKTAILS,355 ML,355,10.0,,,United States,Multi-Pack Can,4,6,13.95,83.7,1.1,0.0,Limited Listing,L,True,False,False
2026-08-01,12223B,99901222375,PANTALONES ORGANIC TEQUILA BLANCO,TEQUILA,750 ML,750,80.0,,,Mexico,Bottle,1,6,44.95,269.7,1.77,5.0,Regular,R,False,False,False
2026-08-01,12224B,99901222475,PANTALONES ORGANIC TEQUILA REPOSADO,TEQUILA,750 ML,750,80.0,,,Mexico,Bottle,1,6,49.95,299.7,1.97,5.0,Limited Listing,L,False,False,False
2026-08-01,12225B,99901222575,PANTALONES ORGANIC TEQUILA ANEJO,TEQUILA,750 ML,750,80.0,,,Mexico,Bottle,1,6,54.95,329.7,2.16,5.0,Trial Listing,T,False,False,False
2026-08-01,12227E,99901222737,CUTWATER ESPRESSO MARTINI 6-4PK,COCKTAILS,355 ML,355,26.0,,,United States,Multi-Pack Can,4,6,11.9,71.4,0.94,0.0,Regular,R,False,False,False
2026-08-01,12228B,99901222875,MOZART CHOCOLATE COCONUT LIQUEUR,CORDIALS,750 ML,750,30.0,,,,Bottle,1,6,29.95,179.7,1.18,0.0,Trial Listing,T,False,False,False
2026-08-01,12229B,99901222975,JOSE CUERVO DEVIL'S RESERVE,TEQUILA,750 ML,750,80.0,,,Mexico,Bottle,1,12,18.95,227.4,0.75,1.0,Regular,R,False,False,False
2026-08-01,12242E,99901224237,GIN & JUICE BY DRE & SNOOP VARIETY PACK 3-8 PKS,COCKTAILS,355 ML,355,11.8,,,United States,Multi-Pack Can,8,3,19.95,59.85,1.57,0.0,Regular,R,False,False,False
2026-08-01,12243B,99901224375,WILD ROOTS LEMONADE COCKTAIL,COCKTAILS,750 ML,750,26.0,,,United States,Bottle,1,12,9.95,119.4,0.39,0.0,Limited Listing,L,True,False,False
2026-08-01,12244B,99901224475,WILD ROOTS HUCKLEBERRY LEMONADE COCKTAIL,COCKTAILS,750 ML,750,26.0,,,United States,Bottle,1,12,9.95,119.4,0.39,0.0,Regular,R,True,False,False
2026-08-01,12253B,99901225375,WHEATLEY VODKA W/ ESPRESSO MARTINI KIT,VODKA,750ml,750,71.0,,,United States,VAP,1,6,11.95,71.7,0.47,0.0,Holiday,H,False,False,False
2026-08-01,12254B,99901225475,CORAZON W/ GRAN GALA MARGARITA,TEQUILA,750ml,750,80.0,,,Mexico,VAP,1,6,24.95,149.7,0.98,2.0,Holiday,H,False,False,False
2026-08-01,12255E,99901225537,GOOD BOY VODKA COCKTAILS VARIETY 8 PACK,COCKTAILS,355 ML,355,9.0,,,United States,Multi-Pack Can,8,3,21.95,65.85,1.73,0.0,Trial Listing,T,False,False,False
2026-08-01,12256B,99901225675,EVAN WILLIAMS PEPPERMINT CHOCOLATE EGG NOG,COCKTAILS,750 ML,750,30.0,,,United States,Bottle,1,12,10.95,131.4,0.43,5.0,Holiday,H,False,False,False
2026-08-01,12257B,99901225775,HEAVEN HILL BIB HOLIDAY W/ GLASS,DOMESTIC WHISKEY,750ml,750,100.0,,,United States,VAP,1,6,44.95,269.7,1.77,5.0,Holiday,H,False,False,False
2026-08-01,12258B,99901225875,CRYSTAL HEAD VODKA ONYX W/ 4 SHOT GLASSES,VODKA,750ml,750,80.0,,,Canada,VAP,1,4,61.95,247.8,2.44,0.0,Holiday,H,False,False,False
2026-08-01,12263E,99901226337,CUTWATER PEPPERMINT WHITE RUSSIAN 6-4PK,COCKTAILS,355 ML,355,26.0,,,United States,Multi-Pack Can,4,6,12.95,77.7,1.02,0.0,Holiday,H,False,False,False
2026-08-01,12264E,99901226437,CUTWATER WHISKEY SOUR 6-4PK,COCKTAILS,355 ML,355,16.0,,,United States,Multi-Pack Can,4,6,12.95,77.7,1.02,0.0,Holiday,H,False,False,False
2026-08-01,12266B,99901226675,KAHLUA WHITE CHOCOLATE SIPS,CORDIALS,750 ML,750,32.0,,,Mexico,Bottle,1,12,22.95,275.4,0.9,0.0,Limited Listing,L,False,False,False
2026-08-01,12267B,99901226775,KAHLUA CHOCOLATE SIPS,CORDIALS,750 ML,750,32.0,,,Mexico,Bottle,1,12,22.95,275.4,0.9,0.0,Limited Listing,L,False,False,False
2026-08-01,12268B,99901226875,YULE NOG PREMIUM EGG NOG W/ FIREBALL,CORDIALS,750ml,750,33.0,,,Canada,VAP,1,12,12.95,155.4,0.51,6.0,Holiday,H,False,False,False
2026-08-01,12268F,99901226805,YULE NOG PREMIUM EGG NOG W/ FIREBALL,CORDIALS,50 ML,50,33.0,,,Canada,Bottle,1,120,1.5,180.0,0.88,0.0,Holiday,H,False,True,False
2026-08-01,12269B,99901226975,GRAN CORAMINO REPOSADO,TEQUILA,750 ML,750,80.0,,,Mexico,Bottle,1,6,36.95,221.7,1.45,-3.0,Regular,R,False,False,True
2026-08-01,12270B,99901227075,AMITY CORN WHISKEY,DOMESTIC WHISKEY,750 ML,750,90.0,,,United States,Bottle,1,12,39.5,474.0,1.56,0.0,Trial Listing,T,True,False,False
2026-08-01,12271B,99901227175,PATRON SILVER SUMMER GLASS PACK,TEQUILA,750 ML,750,80.0,,,Mexico,Bottle,1,6,46.95,281.7,1.85,0.0,One Time Buy,O,False,False,False
2026-08-01,1227I,99900122770,JINRO 24 SOJU,CORDIALS,700 ML,700,48.0,,,,Bottle,1,12,12.55,150.6,0.53,0.0,Regular,R,False,False,False
2026-08-01,12283B,99901228375,ROSALUNA ARTESENAL MEZCAL JOVEN ESPADIN,MEZCAL,750 ML,750,80.0,,,Mexico,Bottle,1,6,36.95,221.7,1.45,0.0,Trial Listing,T,False,False,False
2026-08-01,12285B,99901228575,MOZART CHOCOLATE CREAM LIQ VAP W/ 2 50ML,CORDIALS,750ml,750,34.0,,,Austria,VAP,1,6,29.95,179.7,1.18,0.0,Holiday,H,False,False,False
2026-08-01,12293B,99901229375,WIDOW JANE BABY JANE,DOMESTIC WHISKEY,750 ML,750,91.0,,,United States,Bottle,1,6,49.95,299.7,1.97,5.0,Limited Listing,L,False,False,False
2026-08-01,12295B,99901229575,ELIJAH CRAIG RYE TOASTED BARREL,DOMESTIC WHISKEY,750 ML,750,94.0,,,United States,Bottle,1,6,44.95,269.7,1.77,0.0,Seasonal,B,False,False,False
2026-08-01,12296B,99901229675,STRANAHAN'S BLUE PEAK NEW YORK BOURBON,DOMESTIC WHISKEY,750 ML,750,110.0,,,United States,Bottle,1,6,44.95,269.7,1.77,0.0,Seasonal,B,False,False,False
2026-08-01,12298B,99901229875,ELIJAH CRAIG TOASTED BARREL PRIVATE BARREL,DOMESTIC WHISKEY,750 ML,750,110.0,,,United States,Bottle,1,12,99.95,1199.4,3.94,0.0,Seasonal,B,False,False,False
2026-08-01,12304B,99901230475,LIBELULA ANEJO TEQUILA,TEQUILA,750 ML,750,80.0,,,Mexico,Bottle,1,12,42.95,515.4,1.69,0.0,Limited Listing,L,False,False,False
2026-08-01,12309B,99901230975,CRATER LAKE RARE SPIRITS CHERRY RYE WHISKEY,DOMESTIC WHISKEY,750 ML,750,80.0,,,United States,Bottle,1,12,24.95,299.4,0.98,5.0,Limited Listing,L,True,False,False
2026-08-01,12312B,99901231275,HEAVEN HILL 7YR BIB PRIVATE BARREL,DOMESTIC WHISKEY,750 ML,750,100.0,,,United States,Bottle,1,6,44.95,269.7,1.77,0.0,Seasonal,B,False,False,False
2026-08-01,12313B,99901231375,MILAGRO CRISTALINO TEQUILA,TEQUILA,750 ML,750,80.0,,,Mexico,Bottle,1,6,44.95,269.7,1.77,-10.0,Limited Listing,L,False,False,False
2026-08-01,12324E,99901232437,SURFSIDE LEMONADE VARIETY PACK 8PK,VODKA,355 ML,355,9.0,,,United States,Multi-Pack Can,8,3,19.95,59.85,1.57,0.0,Regular,R,False,False,False
2026-08-01,12325E,99901232537,SURFSIDE TEA VARIETY PACK 8PK,VODKA,355 ML,355,9.0,,,United States,Multi-Pack Can,8,3,19.95,59.85,1.57,0.0,Regular,R,False,False,False
2026-08-01,12327D,99901232720,DOUBLE CIRCLE LAVENDER LEMONADE RTD,COCKTAILS,200 ML,200,25.2,,,,Other,1,6,17.95,107.7,2.64,0.0,Trial Listing,T,True,False,False
2026-08-01,12327E,99901232737,DOUBLE CIRCLE LAVENDER LEMONADE RTD,COCKTAILS,375 ML,375,25.2,,,,Other,1,6,19.95,119.7,1.57,0.0,Trial Listing,T,True,False,False
2026-08-01,12328B,99901232875,BIG BOTTOM DELTA RYE,DOMESTIC WHISKEY,750 ML,750,111.0,,,United States,Bottle,1,12,104.95,1259.4,4.13,0.0,Trial Listing,T,True,False,False
2026-08-01,12329B,99901232975,BIG BOTTOM 91 GIN,GIN,750 ML,750,91.0,,,,Bottle,1,12,31.95,383.4,1.26,0.0,Trial Listing,T,True,False,False
2026-08-01,12338E,99901233837,STRAIGHTAWAY ESPRESSO MARTINI 4-100ML,COCKTAILS,355 ML,355,40.0,,,United States,Multi-Pack Can,4,6,23.95,143.7,1.89,0.0,Regular,R,True,False,False
2026-08-01,12339E,99901233937,STRAIGHTAWAY BEE'S KNEES 6-4 PACKS,COCKTAILS,355 ML,355,50.0,,,United States,Multi-Pack Can,4,6,23.95,143.7,1.89,0.0,Limited Listing,L,True,False,False
2026-08-01,12347B,99901234775,BULLEIT 95 RYE 10 YEAR,DOMESTIC WHISKEY,750 ML,750,91.2,10 YRS,120,United States,Bottle,1,12,44.95,539.4,1.77,0.0,Limited Listing,L,False,False,False
2026-08-01,12349B,99901234975,BAILEYS CINNAMON CHURROS,CORDIALS,750 ML,750,34.0,,,Republic of Ireland,Bottle,1,12,29.95,359.4,1.18,0.0,One Time Buy,O,False,False,False
2026-08-01,12351B,99901235175,CROWN ROYAL RESERVE 12 YEAR,CANADIAN,750 ML,750,80.0,12 YRS,144,Canada,Bottle,1,12,48.95,587.4,1.93,0.0,Regular,R,False,False,False
2026-08-01,12351H,99901235117,CROWN ROYAL RESERVE 12 YEAR,CANADIAN,1.75 L,1750,80.0,12 YRS,144,Canada,Bottle,1,6,89.95,539.7,1.52,0.0,Limited Listing,L,False,False,False
2026-08-01,12379B,99901237975,PENDLETON 1910 BOURBON,CANADIAN,750 ML,750,90.0,10 YRS,120,Canada,Bottle,1,6,44.95,269.7,1.77,2.0,Regular,R,False,False,False
2026-08-01,1237B,99900123775,PLANTERAY GRANDE RESERVE 5YR BARBADOS,RUM,750 ML,750,80.0,,,Barbados,Bottle,1,6,37.95,227.7,1.49,0.0,Regular,R,False,False,False
2026-08-01,12392E,99901239237,-196 VARIETY PACK 3 - 8PKS,COCKTAILS,355 ML,355,11.0,,,United States,Multi-Pack Can,8,3,19.95,59.85,1.57,0.0,Regular,R,False,False,False
2026-08-01,12393B,99901239375,YELLOWSTONE SPECIAL FINISH COLLECTION RUM CASK FIN,DOMESTIC WHISKEY,750 ML,750,100.0,,,United States,Bottle,1,6,39.95,239.7,1.57,-5.0,Limited Listing,L,False,False,False
2026-08-01,12395A,99901239510,REAL DEL VALLE TEQUILA BLANCO,TEQUILA,LITER,1000,80.0,,,Mexico,Bottle,1,12,23.95,287.4,0.71,0.0,Regular,R,False,False,False
2026-08-01,12395H,99901239517,REAL DEL VALLE TEQUILA BLANCO,TEQUILA,1.75 L,1750,80.0,,,Mexico,Bottle,1,6,32.95,197.7,0.56,0.0,Trial Listing,T,False,False,False
2026-08-01,12396B,99901239675,CROWN ROYAL WHISKEY SOUR COCKTAIL BLACK CHERRY,CANADIAN,750 ML,750,46.0,,,Canada,Bottle,1,12,22.95,275.4,0.9,0.0,Regular,R,False,False,False
2026-08-01,12396E,99901239637,CROWN ROYAL WHISKEY SOUR COCKTAIL BLACK CHERRY,CANADIAN,375 ML,375,46.0,,,Canada,Bottle,1,8,18.95,151.6,1.49,0.0,Trial Listing,T,False,False,False
2026-08-01,12398B,99901239875,WESTWARD WHISKEY MILESTONE 2ND EDITION,DOMESTIC WHISKEY,750 ML,750,97.0,,,United States,Bottle,1,1,249.95,249.95,9.84,0.0,One Time Buy,O,False,False,False
2026-08-01,1239B,99900123975,BLACK VELVET TOASTED CARAMEL,CANADIAN,750 ML,750,70.0,,,Canada,Bottle,1,12,11.95,143.4,0.47,0.0,Regular,R,False,False,False
2026-08-01,1239H,99900123917,BLACK VELVET TOASTED CARAMEL,CANADIAN,1.75 L,1750,70.0,,,Canada,Bottle,1,6,23.95,143.7,0.4,4.0,Regular,R,False,False,False
2026-08-01,12404E,99901240437,STRAIGHTAWAY MAI TAI 4-100ML CANS,COCKTAILS,355 ML,355,50.0,,,United States,Multi-Pack Can,4,6,23.95,143.7,1.89,0.0,Limited Listing,L,True,False,False
2026-08-01,12405E,99901240537,STRAIGHTAWAY MANHATTAN 4-100ML,COCKTAILS,355 ML,355,60.0,,,United States,Multi-Pack Can,4,6,23.95,143.7,1.89,0.0,Limited Listing,L,True,False,False
2026-08-01,12409I,99901240970,SHAKU SAKE BERRY LIQUEUR,CORDIALS,700 ML,700,64.0,,,,Bottle,1,12,19.95,239.4,0.84,0.0,Trial Listing,T,False,False,False
2026-08-01,12410A,99901241010,REAL DEL VALLE TEQUILA REPOSADO,TEQUILA,LITER,1000,80.0,,,Mexico,Bottle,1,12,25.95,311.4,0.77,0.0,Regular,R,False,False,False
2026-08-01,12411B,99901241175,CLONAKILTY SINGLE POT STILL IRISH WHISKEY,IRISH,750 ML,750,92.0,,,Republic of Ireland,Bottle,1,6,49.95,299.7,1.97,3.0,Limited Listing,L,False,False,False
2026-08-01,12420B,99901242075,BOTANIST DISTILLERS STRENGTH,GIN,750 ML,750,100.0,,,,Bottle,1,6,44.95,269.7,1.77,0.0,Trial Listing,T,False,False,False
2026-08-01,12422B,99901242275,STRANAHAN'S BLUE PEAK RYE PRIVATE CASK,DOMESTIC WHISKEY,750 ML,750,86.0,,,United States,Bottle,1,6,44.95,269.7,1.77,0.0,Seasonal,B,False,False,False
2026-08-01,12427B,99901242775,FLECHA AZUL TEQUILA BLANCO,TEQUILA,750 ML,750,80.0,,,Mexico,Bottle,1,6,39.95,239.7,1.57,2.0,Trial Listing,T,False,False,False
2026-08-01,12430E,99901243037,503 DISTILLING ESPRESSO MARTINI 4 PACK,COCKTAILS,355 ML,355,28.0,,,United States,Multi-Pack Can,4,6,14.95,89.7,1.18,0.0,Regular,R,False,False,False
2026-08-01,12449B,99901244975,BAKER'S HIGH RYE,DOMESTIC WHISKEY,750 ML,750,107.0,7 YRS,84,United States,Bottle,1,6,74.95,449.7,2.95,0.0,One Time Buy,O,False,False,False
2026-08-01,12453B,99901245375,L'EXCUSE - GREEN,CORDIALS,750 ML,750,110.0,,,,Bottle,1,6,60.8,364.8,2.39,0.0,Trial Listing,T,False,False,False
2026-08-01,12454B,99901245475,L'EXCUSE - YELLOW,CORDIALS,750 ML,750,84.0,,,,Bottle,1,6,60.8,364.8,2.39,0.0,Trial Listing,T,False,False,False
2026-08-01,12460A,99901246010,DIVINO MAGUEY,MEZCAL,LITER,1000,84.0,,,Mexico,Bottle,1,6,36.95,221.7,1.09,2.0,Limited Listing,L,False,False,False
2026-08-01,12474B,99901247475,MIDNIGHT MOON PEANUT BUTTER CUP MOONSHAKE,CORDIALS,750 ML,750,34.0,,,,Bottle,1,6,19.95,119.7,0.79,0.0,Trial Listing,T,False,False,False
2026-08-01,12474F,99901247405,MIDNIGHT MOON PEANUT BUTTER CUP MOONSHAKE,CORDIALS,50 ML,50,34.0,,,,Bottle,1,48,3.0,144.0,1.76,0.0,Limited Listing,L,False,False,False
2026-08-01,12490B,99901249075,GHOST OWL STRAIGHT BOURBON,DOMESTIC WHISKEY,750 ML,750,80.0,,,United States,Bottle,1,12,29.95,359.4,1.18,0.0,Limited Listing,L,False,False,False
2026-08-01,12496B,99901249675,OLD JOE BLADE WHEATED BOURBON WHISKEY,DOMESTIC WHISKEY,750 ML,750,100.0,,,United States,Bottle,1,6,99.95,599.7,3.94,0.0,Trial Listing,T,True,False,False
2026-08-01,12497B,99901249775,OLD JOE BLADE SINGLE MALT WHISKEY,DOMESTIC WHISKEY,750 ML,750,100.0,,,United States,Bottle,1,6,99.95,599.7,3.94,0.0,Trial Listing,T,True,False,False
2026-08-01,1249B,99900124975,SALERS APERITIF,CORDIALS,750 ML,750,32.0,,,,Bottle,1,12,27.95,335.4,1.1,0.0,Limited Listing,L,False,False,False
2026-08-01,12506B,99901250675,WOODINVILLE STRAIGHT RYE 8 YEAR OLD,DOMESTIC WHISKEY,750 ML,750,90.0,8 YRS,96,United States,Bottle,1,6,129.95,779.7,5.12,0.0,Seasonal,B,False,False,False
2026-08-01,12517B,99901251775,ST. BRENDAN'S ESPRESSO IRISH CREAM,CORDIALS,750 ML,750,34.0,,,Republic of Ireland,Bottle,1,12,16.95,203.4,0.67,0.0,Trial Listing,T,False,False,False
2026-08-01,12531B,99901253175,SWEAR JAR 10 YEAR OLD,CANADIAN,750 ML,750,84.0,10 YRS,120,Canada,Bottle,1,12,34.95,419.4,1.38,0.0,One Time Buy,O,False,False,False
2026-08-01,12538B,99901253875,HIGH WEST SMALL BATCH SAUVIGNON BLANC BARRELS,DOMESTIC WHISKEY,750 ML,750,100.0,,,United States,Bottle,1,6,59.95,359.7,2.36,0.0,One Time Buy,O,False,False,False
2026-08-01,12539B,99901253975,HIGH WEST SMALL BATCH IN OLOROSO BARRELS,DOMESTIC WHISKEY,750 ML,750,100.0,,,United States,Bottle,1,6,59.95,359.7,2.36,0.0,One Time Buy,O,False,False,False
2026-08-01,12548E,99901254837,STRAIGHTAWAY BLANCO MARGARITA 4-100ML,COCKTAILS,355 ML,355,40.0,,,United States,Multi-Pack Can,4,6,23.95,143.7,1.89,0.0,Regular,R,True,False,False
2026-08-01,12552B,99901255275,LUXARDO DEL SANTO,CORDIALS,750 ML,750,80.0,,,,Bottle,1,6,34.95,209.7,1.38,0.0,Limited Listing,L,False,False,False
2026-08-01,12553B,99901255375,STILL AUSTIN STRAIGHT BOURBON WHISKEY THE MUSICIAN,DOMESTIC WHISKEY,750 ML,750,98.4,,,United States,Bottle,1,6,49.95,299.7,1.97,0.0,Limited Listing,L,False,False,False
2026-08-01,12553F,99901255305,STILL AUSTIN STRAIGHT BOURBON WHISKEY THE MUSICIAN,DOMESTIC WHISKEY,50 ML,50,98.4,,,United States,Bottle,1,60,4.25,255.0,2.5,0.0,Trial Listing,T,False,False,False
2026-08-01,12554B,99901255475,ANGEL'S ENVY TRIPLE OAK,DOMESTIC WHISKEY,750 ML,750,92.0,,,United States,Bottle,1,6,69.95,419.7,2.75,0.0,Regular,R,False,False,False
2026-08-01,12555B,99901255575,STILL GIN BY DRE & SNOOP,GIN,750 ML,750,85.0,,,,Bottle,1,6,31.95,191.7,1.26,0.0,Trial Listing,T,False,False,False
2026-08-01,12563B,99901256375,CLONAKILTY GALLEY HEAD IRISH WHISKEY,IRISH,750 ML,750,80.0,,,Republic of Ireland,Bottle,1,6,29.95,179.7,1.18,3.0,Regular,R,False,False,False
2026-08-01,12568A,99901256810,LIBELULA BLANCO TEQUILA,TEQUILA,LITER,1000,80.0,,,Mexico,Bottle,1,12,30.95,371.4,0.92,0.0,Trial Listing,T,False,False,False
2026-08-01,12569B,99901256975,STORYWOOD REPOSADO TEQUILA,TEQUILA,750 ML,750,80.0,,,Mexico,Bottle,1,6,46.2,277.2,1.82,0.0,Trial Listing,T,False,False,False
2026-08-01,12571B,99901257175,CAMPO AZUL SELECTO VAP BLANCO W/REPOSADO,TEQUILA,750 ML,750,80.0,,,Mexico,VAP,1,6,34.95,209.7,1.38,0.0,One Time Buy,O,False,False,False
2026-08-01,12572B,99901257275,CAMPO AZUL SELECTO VAP REPOSADO W/ BLANCO,TEQUILA,750 ML,750,80.0,,,Mexico,VAP,1,6,39.95,239.7,1.57,0.0,One Time Buy,O,False,False,False
2026-08-01,12573B,99901257375,CAMPO AZUL SELECTO VAP ANEJO W/ BLANCO,TEQUILA,750 ML,750,80.0,,,Mexico,VAP,1,6,44.95,269.7,1.77,0.0,One Time Buy,O,False,False,False
2026-08-01,12598D,99901259820,FREELAND SPIRITS BOURBON COMBO PACK,DOMESTIC WHISKEY,200 ML,200,90.0,,,United States,Multi-Pack Bottle,2,6,75.95,455.7,11.17,0.0,Limited Listing,L,True,False,False
2026-08-01,12600B,99901260075,NONINO QUINTESSENTIA AMARO RISERVA,CORDIALS,750 ML,750,70.0,,,Italy,Bottle,1,6,99.95,599.7,3.94,0.0,One Time Buy,O,False,False,False
2026-08-01,12615B,99901261575,NEAREST GREEN TENNESSEE WHISKEY,DOMESTIC WHISKEY,750 ML,750,84.0,,,United States,Bottle,1,12,26.95,323.4,1.06,-3.0,Trial Listing,T,False,False,False
2026-08-01,12621B,99901262175,FIREFIGHTER'S RESERVE STRAIGHT BOURBON,DOMESTIC WHISKEY,750 ML,750,92.0,,,United States,Bottle,1,6,69.95,419.7,2.75,0.0,Limited Listing,L,True,False,False
2026-08-01,12622B,99901262275,ANGEL'S ENVY SHERRY CASK,DOMESTIC WHISKEY,750 ML,750,116.0,,,United States,Bottle,1,6,149.95,899.7,5.9,0.0,Seasonal,B,False,False,False
2026-08-01,12635B,99901263575,BIG WILD THE WOLF'S WHISKEY,DOMESTIC WHISKEY,750 ML,750,90.0,,,United States,Bottle,1,12,54.95,659.4,2.16,0.0,Limited Listing,L,True,False,False
2026-08-01,12636B,99901263675,BIG WILD WITCH'S GIN,GIN,750 ML,750,86.0,,,United States,Bottle,1,12,54.95,659.4,2.16,0.0,Limited Listing,L,True,False,False
2026-08-01,12638B,99901263875,WHIPLASH WHISKEY,DOMESTIC WHISKEY,750 ML,750,70.0,,,United States,Bottle,1,6,26.95,161.7,1.06,2.0,Trial Listing,T,False,False,False
2026-08-01,12639B,99901263975,JAMESON TRIPLE TRIPLE,IRISH,750 ML,750,80.0,,,Republic of Ireland,Bottle,3,12,31.95,383.4,1.26,-3.0,Regular,R,False,False,False
2026-08-01,12640B,99901264075,DEEP EDDY PINEAPPLE VODKA,VODKA,750 ML,750,70.0,,,United States,Bottle,1,12,19.95,239.4,0.79,3.0,One Time Buy,O,False,False,False
2026-08-01,12654B,99901265475,GENTLEMAN'S CUT BOURBON,DOMESTIC WHISKEY,750 ML,750,90.0,,,United States,Bottle,1,6,89.95,539.7,3.54,0.0,One Time Buy,O,False,False,False
2026-08-01,12659I,99901265970,CRYSTAL HEAD LUNAR NEW YEAR SNAKE - BULK,VODKA,700 ML,700,80.0,,,,Bottle,1,6,79.95,479.7,3.37,0.0,One Time Buy,O,False,False,False
2026-08-01,12660I,99901266070,CRYSTAL HEAD LUNAR NEW YEAR SNAKE LANTERN,VODKA,700 ML,700,80.0,,,,Bottle,1,6,99.95,599.7,4.22,0.0,One Time Buy,O,False,False,False
2026-08-01,12676B,99901267675,REDBREAST 18 YEAR,IRISH,750 ML,750,92.0,18 YRS,216,Republic of Ireland,Bottle,1,6,249.95,1499.7,9.84,0.0,Limited Listing,L,False,False,False
2026-08-01,12679B,99901267975,THE MACALLAN CLASSIC CUT 2024 RELEASE,SCOTCH,750 ML,750,104.8,,,Scotland,Bottle,1,12,139.95,1679.4,5.51,0.0,One Time Buy,O,False,False,False
2026-08-01,12680B,99901268075,THE MACALLAN HARMONY COLLECTION - VIBRANT OAK,SCOTCH,750 ML,750,88.4,,,Scotland,Bottle,1,6,199.95,1199.7,7.87,0.0,One Time Buy,O,False,False,False
2026-08-01,12692B,99901269275,FIRST CITY COUNTRY CREAM LIQUEUR,CORDIALS,750 ML,750,40.0,,,United States,Bottle,1,6,34.95,209.7,1.38,0.0,Limited Listing,L,True,False,False
2026-08-01,12696B,99901269675,BUCKED UP CHURRO WHISKEY,CORDIALS,750 ML,750,72.0,,,,Bottle,1,6,29.95,179.7,1.18,0.0,Limited Listing,L,False,False,False
2026-08-01,12697A,99901269710,22 SALUTE VODKA,VODKA,LITER,1000,80.0,,,,Bottle,1,6,29.95,179.7,0.89,0.0,Trial Listing,T,False,False,False
2026-08-01,12698B,99901269875,503 DISTILLING HOT TODDY,COCKTAILS,750 ML,750,36.0,,,United States,Bottle,1,12,19.95,239.4,0.79,0.0,Limited Listing,L,True,False,False
2026-08-01,12719A,99901271910,FIREBALL WINDOW BOX 20 PACK,CANADIAN,50 ML,50,66.0,,,Canada,Multi-Pack Bottle,20,6,18.95,113.7,0.56,0.0,Regular,R,False,False,False
2026-08-01,12720B,99901272075,TIN CUP STRAIGHT BOURBON WHISKEY,DOMESTIC WHISKEY,750 ML,750,80.0,,,United States,Bottle,1,12,24.95,299.4,0.98,1.0,Regular,R,False,False,False
2026-08-01,12721H,99901272117,1800 ULTIMATE MARGARITA LIGHT LIME,COCKTAILS,1.75 L,1750,19.9,,,Mexico,Bottle,1,6,20.95,125.7,0.35,2.0,Trial Listing,T,False,False,False
2026-08-01,12722H,99901272217,JOSE CUERVO AUTHENTIC DRAGONFRUIT LEMONADE,COCKTAILS,1.75 L,1750,19.9,,,Mexico,Bottle,1,6,17.95,107.7,0.3,3.0,Trial Listing,T,False,False,False
2026-08-01,12725B,99901272575,REDWOOD EMPIRE HAYSTACK NEEDLE,DOMESTIC WHISKEY,750 ML,750,125.0,,,United States,Bottle,1,6,123.45,740.7,4.86,0.0,Seasonal,B,False,False,False
2026-08-01,12726B,99901272675,WOOD FAMILY MULTNOMAH FALLS LODGE,DOMESTIC WHISKEY,750 ML,750,84.0,,,United States,Bottle,1,12,89.95,1079.4,3.54,0.0,Limited Listing,L,True,False,False
2026-08-01,12734I,99901273470,FONTBONNE HERBAL LIQUEUR,CORDIALS,700 ML,700,90.0,,,,Bottle,1,6,62.95,377.7,2.66,0.0,Trial Listing,T,False,False,False
2026-08-01,12741A,99901274110,NEW AMSTERDAM PINK WHITNEY 20 PK PARTY BUCKET,VODKA,50 ML,50,60.0,,,United States,Multi-Pack Bottle,20,6,19.95,119.7,0.59,0.0,One Time Buy,O,False,False,False
2026-08-01,12742B,99901274275,BROKEN TOP PINOT NOIR CASK BOURBON,DOMESTIC WHISKEY,750 ML,750,100.0,,,United States,Bottle,1,12,69.95,839.4,2.75,0.0,Seasonal,B,True,False,False
2026-08-01,12743B,99901274375,PATTY GREEN WHISKEY DISTILLER FULL PINT BARLEY,DOMESTIC WHISKEY,750 ML,750,85.0,,,United States,Bottle,1,12,48.0,576.0,1.89,0.0,Trial Listing,T,True,False,False
2026-08-01,12748B,99901274875,TRAIL'S END 8 YEAR PRIVATE SELECT,DOMESTIC WHISKEY,750 ML,750,110.0,,,United States,Bottle,1,12,49.95,599.4,1.97,0.0,Seasonal,B,False,False,False
2026-08-01,12753B,99901275375,PENELOPE WHEATED BOURBON,DOMESTIC WHISKEY,750 ML,750,95.0,,,United States,Bottle,1,6,39.95,239.7,1.57,5.0,Regular,R,False,False,False
2026-08-01,12754B,99901275475,REBEL KSBW SMALL BATCH RESERVE,DOMESTIC WHISKEY,750 ML,750,110.0,,,United States,Bottle,1,6,34.95,209.7,1.38,0.0,Trial Listing,T,False,False,False
2026-08-01,12761B,99901276175,WILLETT 4 YEAR RYE CASK STRENGTH,DOMESTIC WHISKEY,750 ML,750,111.8,4 YRS,48,United States,Bottle,1,6,76.95,461.7,3.03,0.0,Regular,R,False,False,False
2026-08-01,12762B,99901276275,OLD BARDSTOWN,DOMESTIC WHISKEY,750 ML,750,90.0,,,United States,Bottle,1,12,26.95,323.4,1.06,0.0,Limited Listing,L,False,False,False
2026-08-01,12763E,99901276337,JACK DANIEL'S & COCA-COLA VARIETY PACK 6PK,COCKTAILS,355 ML,355,14.0,,,United States,Multi-Pack Can,6,4,17.95,71.8,1.41,0.0,Regular,R,False,False,False
2026-08-01,12771B,99901277175,HENDRICK'S OASIUM,GIN,750 ML,750,86.8,,,Scotland,Bottle,1,6,45.95,275.7,1.81,6.0,Seasonal,B,False,False,False
2026-08-01,12776E,99901277637,-196 STRAWBERRY RTD 6-4PKS,COCKTAILS,355 ML,355,11.0,,,United States,Multi-Pack Can,4,6,10.95,65.7,0.86,0.0,Trial Listing,T,False,False,False
2026-08-01,12778E,99901277837,-196 LEMON RTD 6-4PKS,COCKTAILS,355 ML,355,11.0,,,United States,Multi-Pack Can,4,6,10.95,65.7,0.86,0.0,Trial Listing,T,False,False,False
2026-08-01,12788B,99901278875,OLE SMOKY CHOCOLATE PEANUT BUTTER CREAM MOONSHINE,CORDIALS,750 ML,750,35.0,,,United States,Bottle,1,6,19.95,119.7,0.79,0.0,One Time Buy,O,False,False,False
2026-08-01,12789I,99901278970,GLENDRONACH 12 YEAR,SCOTCH,700 ML,700,86.0,,,Scotland,Bottle,1,6,66.95,401.7,2.82,0.0,Trial Listing,T,False,False,False
2026-08-01,12790I,99901279070,WOODFORD RESERVE DOUBLE DOUBLE OAKED,DOMESTIC WHISKEY,700 ML,700,90.4,,,United States,Bottle,1,6,199.95,1199.7,8.44,0.0,Seasonal,B,False,False,False
2026-08-01,12793B,99901279375,GOODLIFE WHEAT VODKA,VODKA,750 ML,750,80.0,,,United States,Bottle,1,12,24.95,299.4,0.98,0.0,Trial Listing,T,True,False,False
2026-08-01,12794B,99901279475,GOODLIFE DRY GIN,GIN,750 ML,750,90.0,,,United States,Bottle,1,12,29.95,359.4,1.18,0.0,Trial Listing,T,True,False,False
2026-08-01,1279B,99900127975,UNCLE VAL'S BOTANICAL GIN,GIN,750 ML,750,90.0,,,,Bottle,1,6,34.95,209.7,1.38,0.0,Regular,R,False,False,False
2026-08-01,12806B,99901280675,FOUR ROSES SINGLE BARREL OBSF,DOMESTIC WHISKEY,750 ML,750,100.0,,,United States,Bottle,1,6,49.95,299.7,1.97,0.0,One Time Buy,O,False,False,False
2026-08-01,12807B,99901280775,FOUR ROSES SINGLE BARREL OESK,DOMESTIC WHISKEY,750 ML,750,100.0,,,United States,Bottle,1,6,49.95,299.7,1.97,0.0,One Time Buy,O,False,False,False
2026-08-01,12808B,99901280875,FOUR ROSES SINGLE BARREL OESO,DOMESTIC WHISKEY,750 ML,750,100.0,,,United States,Bottle,1,6,49.95,299.7,1.97,0.0,One Time Buy,O,False,False,False
2026-08-01,12817E,99901281737,HIGH NOON BEVERAGE DAY PACK VARIETY 3 - 8 PACKS,COCKTAILS,355 ML,355,9.0,,,United States,Multi-Pack Can,8,3,19.95,59.85,1.57,0.0,Regular,R,False,False,False
2026-08-01,12818E,99901281837,HIGH NOON BEVERAGE BEACH PACK VARIETY 2-12 PACKS,COCKTAILS,355 ML,355,9.0,,,United States,Multi-Pack Can,12,2,29.95,59.9,2.36,0.0,Regular,R,False,False,False
2026-08-01,12826B,99901282675,LUX ROW SMALL BATCH PX SHERRY FINISH,DOMESTIC WHISKEY,750 ML,750,115.0,,,United States,Bottle,1,6,49.95,299.7,1.97,0.0,One Time Buy,O,False,False,False
2026-08-01,12827B,99901282775,PENELOPE RIO BOURBON,DOMESTIC WHISKEY,750 ML,750,98.0,,,United States,Bottle,1,6,79.95,479.7,3.15,0.0,One Time Buy,O,False,False,False
2026-08-01,12828B,99901282875,REBEL KSBW SINGLE BARREL KYLE BUSCH EDITION,DOMESTIC WHISKEY,750 ML,750,108.0,,,United States,Bottle,1,6,39.95,239.7,1.57,0.0,One Time Buy,O,False,False,False
2026-08-01,12829B,99901282975,BLOOD OATH PACT XI,DOMESTIC WHISKEY,750 ML,750,98.6,,,United States,Bottle,1,3,129.95,389.85,5.12,0.0,One Time Buy,O,False,False,False
2026-08-01,1282B,99900128275,KILCHOMAN MACHIR BAY ISLAY SINGLE MALT,SCOTCH,750 ML,750,92.0,,,Scotland,Bottle,1,6,62.95,377.7,2.48,0.0,Limited Listing,L,False,False,False
2026-08-01,12843B,99901284375,HORNITOS PINEAPPLE,TEQUILA,750 ML,750,70.0,,,Mexico,Bottle,1,12,24.95,299.4,0.98,0.0,Regular,R,False,False,False
2026-08-01,12844B,99901284475,OLD CROW 86,DOMESTIC WHISKEY,750 ML,750,86.0,,,United States,Bottle,1,12,14.95,179.4,0.59,0.0,Trial Listing,T,False,False,False
2026-08-01,12845B,99901284575,CRUZAN ISLAND RESERVE 13 YEAR OLD,RUM,750 ML,750,80.0,13 YRS,156,U.S Virgin Islands,Bottle,1,6,29.95,179.7,1.18,0.0,One Time Buy,O,False,False,False
2026-08-01,12846B,99901284675,JIM BEAM PINEAPPLE,DOMESTIC WHISKEY,750 ML,750,65.0,,,United States,Bottle,1,12,16.95,203.4,0.67,-1.0,Regular,R,False,False,False
2026-08-01,12847B,99901284775,CAPTAIN MORGAN SWEET CHILI LIME,RUM,750 ML,750,70.0,,,Puerto Rico,Bottle,1,12,16.95,203.4,0.67,0.0,Trial Listing,T,False,False,False
2026-08-01,12848B,99901284875,BAILEY'S COFFEE TOFFEE NON-DAIRY,CORDIALS,750 ML,750,34.0,,,Republic of Ireland,Bottle,1,12,29.95,359.4,1.18,0.0,Limited Listing,L,False,False,False
2026-08-01,12849B,99901284975,BAILEY'S COOKIES & CREAMY NON-DAIRY,CORDIALS,750 ML,750,34.0,,,Republic of Ireland,Bottle,1,12,29.95,359.4,1.18,0.0,Limited Listing,L,False,False,False
2026-08-01,12852B,99901285275,BULLEIT BOTTLED IN BOND SEASON 2,DOMESTIC WHISKEY,750 ML,750,100.0,,,United States,Bottle,1,12,54.95,659.4,2.16,0.0,Seasonal,B,False,False,False
2026-08-01,12855B,99901285575,CIROC RIVIERA STRAWBERRY LIMONADE,VODKA,750 ML,750,60.0,,,France,Bottle,1,12,35.95,431.4,1.42,0.0,Limited Listing,L,False,False,False
2026-08-01,12856B,99901285675,ASTRAL MARGARITA COCKTAIL RTS,COCKTAILS,750 ML,750,42.6,,,Mexico,Bottle,1,12,22.95,275.4,0.9,0.0,Trial Listing,T,False,False,False
2026-08-01,12861B,99901286175,PENELOPE COCKTAILS PEACH OLD FASHIONED,COCKTAILS,750 ML,750,80.0,,,United States,Bottle,1,6,29.95,179.7,1.18,0.0,Limited Listing,L,False,False,False
2026-08-01,12865B,99901286575,JAGERMEISTER SUMMER SUNGLASSES VAP,CORDIALS,750 ML,750,70.0,,,Germany,VAP,1,6,28.95,173.7,1.14,5.0,One Time Buy,O,False,False,False
2026-08-01,12867A,99901286710,BARTON BLACK LABEL VODKA,VODKA,LITER,1000,80.0,,,,Bottle,1,12,10.95,131.4,0.32,0.0,Trial Listing,T,False,False,False
2026-08-01,12867H,99901286717,BARTON BLACK LABEL VODKA,VODKA,1.75 L,1750,80.0,,,,Bottle,1,6,17.95,107.7,0.3,0.0,Trial Listing,T,False,False,False
2026-08-01,12869B,99901286975,STILL AUSTIN CASK STRENGTH BOURBON,DOMESTIC WHISKEY,750 ML,750,116.0,,,United States,Bottle,1,6,64.95,389.7,2.56,0.0,Limited Listing,L,False,False,False
2026-08-01,12870B,99901287075,STILL AUSTIN STRAIGHT RYE WHISKEY THE ARTIST,DOMESTIC WHISKEY,750 ML,750,99.6,,,United States,Bottle,1,6,49.95,299.7,1.97,0.0,Trial Listing,T,False,False,False
2026-08-01,12871B,99901287175,STILL AUSTIN AMERICAN GIN THE NATURALIST,GIN,750 ML,750,90.0,,,,Bottle,1,6,27.95,167.7,1.1,0.0,Trial Listing,T,False,False,False
2026-08-01,12872B,99901287275,STILL AUSTIN CASK STRENGTH RYE WHISKEY,DOMESTIC WHISKEY,750 ML,750,116.0,,,United States,Bottle,1,6,64.95,389.7,2.56,0.0,Limited Listing,L,False,False,False
2026-08-01,12873B,99901287375,HORSE SOLDIER STRAIGHT BOURBON,DOMESTIC WHISKEY,750 ML,750,87.0,,,United States,Bottle,1,6,44.95,269.7,1.77,5.0,Limited Listing,L,False,False,False
2026-08-01,12874B,99901287475,HORSE SOLDIER SMALL BATCH BOURBON,DOMESTIC WHISKEY,750 ML,750,95.0,,,United States,Bottle,1,6,54.95,329.7,2.16,-5.0,Limited Listing,L,False,False,False
2026-08-01,12875I,99901287570,THE MUFF LIQUOR IRISH WHISKEY,IRISH,700 ML,700,86.0,,,Republic of Ireland,Bottle,1,6,29.95,179.7,1.26,0.0,Trial Listing,T,False,False,False
2026-08-01,12876B,99901287675,WILD TURKEY 8 YEAR 101 BOURBON,DOMESTIC WHISKEY,750 ML,750,101.0,8 YRS,96,United States,Bottle,1,12,44.95,539.4,1.77,0.0,Limited Listing,L,False,False,False
2026-08-01,12877B,99901287775,BELUGA NOBLE VODKA (2025),VODKA,750 ML,750,80.0,,,,Bottle,1,6,39.95,239.7,1.57,0.0,Trial Listing,T,False,False,False
2026-08-01,12880E,99901288037,ABSOLUT RTD COCKTAILS VARIETY 8-PK CANS,COCKTAILS,355 ML,355,9.0,,,Sweden,Multi-Pack Can,8,3,19.95,59.85,1.57,0.0,Regular,R,False,False,False
2026-08-01,12900B,99901290075,JEFFERSON'S RESERVE BOURBON CASK,SCOTCH,750 ML,750,130.0,,,Scotland,Bottle,1,6,69.95,419.7,2.75,0.0,One Time Buy,O,False,False,False
2026-08-01,12901D,99901290120,SKREWBALL PEANUT BUTTER MINI 4-PACK,DOMESTIC WHISKEY,50 ML,50,22.0,,,United States,Multi-Pack Bottle,4,30,5.95,178.5,0.88,0.0,Trial Listing,T,False,False,False
2026-08-01,12903B,99901290375,MIDNIGHT MOON VANILLA MOONSHAKE,CORDIALS,750 ML,750,34.0,,,,Bottle,1,6,19.95,119.7,0.79,-5.0,Trial Listing,T,False,False,False
2026-08-01,12903F,99901290305,MIDNIGHT MOON VANILLA MOONSHAKE,CORDIALS,50 ML,50,34.0,,,,Bottle,1,48,3.0,144.0,1.76,0.0,Trial Listing,T,False,False,False
2026-08-01,12905B,99901290575,MARASKA NOCELINO CHOCOLATE LIQUEUR,CORDIALS,750 ML,750,44.0,,,,Bottle,1,6,26.95,161.7,1.06,0.0,Trial Listing,T,False,False,False
2026-08-01,12907B,99901290775,OLD EZRA 7YR RYE SINGLE BARREL,DOMESTIC WHISKEY,750 ML,750,114.0,7 YRS,84,United States,Bottle,1,6,69.95,419.7,2.75,0.0,Seasonal,B,False,False,False
2026-08-01,12908B,99901290875,"OLD EZRA 7YR SINGLE BARREL, BARREL ONLY",DOMESTIC WHISKEY,750 ML,750,117.0,7 YRS,84,United States,Bottle,1,6,69.95,419.7,2.75,0.0,Seasonal,B,False,False,False
2026-08-01,12913B,99901291375,REBEL 100 6YR BOTTLE IN BOND SINGLE BARREL,DOMESTIC WHISKEY,750 ML,750,100.0,6 YRS,72,United States,Bottle,1,6,59.95,359.7,2.36,0.0,Seasonal,B,False,False,False
2026-08-01,12914B,99901291475,YELLOWSTONE 7YR HAND PICKED S/B 115PR BARREL ONLY,DOMESTIC WHISKEY,750 ML,750,115.0,7 YRS,84,United States,Bottle,1,6,69.95,419.7,2.75,0.0,Seasonal,B,False,False,False
2026-08-01,12916B,99901291675,ACRE LARGO ANEJO,TEQUILA,750 ML,750,88.0,,,Mexico,Bottle,1,6,74.95,449.7,2.95,0.0,One Time Buy,O,False,False,False
2026-08-01,1291B,99900129175,J T S BROWN (100 PROOF),DOMESTIC WHISKEY,750 ML,750,100.0,,,United States,Bottle,1,12,19.95,239.4,0.79,0.0,Regular,R,False,False,False
2026-08-01,12931B,99901293175,JUST RUM PINOT NOIR CASK,RUM,750 ML,750,110.0,,,,Bottle,1,6,139.95,839.7,5.51,0.0,Seasonal,B,False,False,False
2026-08-01,12935B,99901293575,EVIL BEAN COLD BREW COFFEE LIQUEUR,CORDIALS,750 ML,750,25.0,,,,Bottle,1,6,29.95,179.7,1.18,0.0,Trial Listing,T,False,False,False
2026-08-01,12941I,99901294170,OLD FITZGERALD 7 YEAR BOTTLED IN BOND,DOMESTIC WHISKEY,700 ML,700,100.0,7 YRS,84,United States,Bottle,1,6,59.95,359.7,2.53,0.0,Seasonal,B,False,False,False
2026-08-01,12950B,99901295075,GLENFIDDICH 12 YEAR AMERICAN OAK,SCOTCH,750 ML,750,80.0,,,Scotland,Bottle,1,12,54.95,659.4,2.16,0.0,One Time Buy,O,False,False,False
2026-08-01,12951B,99901295175,WILD ROOTS LEMON LAVENDER GIN,GIN,750 ML,750,88.0,,,United States,Bottle,1,12,26.95,323.4,1.06,-3.0,Regular,R,True,False,False
2026-08-01,12952E,99901295237,"PENELOPE CELEBRATION PACK (3-PACK, BOTTLES)",DOMESTIC WHISKEY,375 ML,375,114.0,,,United States,Multi-Pack Bottle,3,4,59.95,239.8,4.72,0.0,One Time Buy,O,False,False,False
2026-08-01,12953B,99901295375,HIGH WEST MOUNTAIN GIN,GIN,750 ML,750,90.0,,,,Bottle,1,6,33.55,201.3,1.32,0.0,One Time Buy,O,False,False,False
2026-08-01,12954B,99901295475,BALCONES RYE SINGLE BARREL (BARREL ONLY),DOMESTIC WHISKEY,750 ML,750,120.0,,,United States,Bottle,1,6,74.95,449.7,2.95,0.0,Seasonal,B,False,False,False
2026-08-01,12955B,99901295575,WHISTLEPIG PIGGYBACK BOURBON S/B BARREL ONLY,DOMESTIC WHISKEY,750 ML,750,110.0,,,United States,Bottle,1,6,59.95,359.7,2.36,0.0,Seasonal,B,False,False,False
2026-08-01,12961B,99901296175,BALCONES RYE WINE FINISHED SINGLE BARREL,DOMESTIC WHISKEY,750 ML,750,120.0,,,United States,Bottle,1,6,79.95,479.7,3.15,0.0,Seasonal,B,False,False,False
2026-08-01,12962B,99901296275,ESPOLON REPOSADO TEQUILA W/ 200ML GRAND MARNIER,TEQUILA,750 ML,750,80.0,,,Mexico,VAP,1,6,32.95,197.7,1.3,3.0,One Time Buy,O,False,False,False
2026-08-01,12982B,99901298275,BLACK VELVET BLACKBERRY CANDIAN WHISKEY,CANADIAN,750 ML,750,70.0,,,Canada,Bottle,1,12,11.95,143.4,0.47,0.0,Regular,R,False,False,False
2026-08-01,12982H,99901298217,BLACK VELVET BLACKBERRY CANDIAN WHISKEY,CANADIAN,1.75 L,1750,70.0,,,Canada,Bottle,1,6,19.95,119.7,0.34,0.0,Trial Listing,T,False,False,False
2026-08-01,1298B,99900129875,VERACITY SPIRITS NATIVE GIN,GIN,750 ML,750,88.0,,,United States,Bottle,1,12,36.0,432.0,1.42,0.0,Regular,R,True,False,False
2026-08-01,12990B,99901299075,GREENALL'S BLUEBERRY GIN,GIN,750 ML,750,80.0,,,,Bottle,1,12,19.9,238.8,0.78,0.0,Trial Listing,T,False,False,False
2026-08-01,12991B,99901299175,GREENALL'S WILD BERRY GIN,GIN,750 ML,750,80.0,,,,Bottle,1,12,19.9,238.8,0.78,0.0,Trial Listing,T,False,False,False
2026-08-01,12992B,99901299275,WHISTLEPIG SNOUT TO TAIL BOURBON 10 YEAR,DOMESTIC WHISKEY,750 ML,750,88.0,10 YRS,120,United States,Bottle,1,6,79.95,479.7,3.15,0.0,Regular,R,False,False,False
2026-08-01,12993E,99901299337,SVEDKA ESPRESSO MARTINI,VODKA,375 ML,375,40.0,,,Sweden,Bottle,1,12,8.95,107.4,0.7,0.0,Trial Listing,T,False,False,False
2026-08-01,12994B,99901299475,DRUMSHANBO CALIFORNIA ORANGE CITRUS IRISH GIN,GIN,750 ML,750,86.0,,,Republic of Ireland,Bottle,1,6,39.95,239.7,1.57,0.0,Trial Listing,T,False,False,False
2026-08-01,12998B,99901299875,REMUS BABE RUTH RESERVE BOURBON 2025,DOMESTIC WHISKEY,750 ML,750,111.0,,,United States,Bottle,1,3,149.95,449.85,5.9,0.0,One Time Buy,O,False,False,False
2026-08-01,1299B,99900129975,HIGH WEST CAMPFIRE WHISKEY,DOMESTIC WHISKEY,750 ML,750,92.0,,,United States,Bottle,1,6,59.95,359.7,2.36,-3.0,Limited Listing,L,False,False,False
2026-08-01,13000B,99901300075,WEBER RANCH 1902,VODKA,750 ML,750,80.0,,,,Bottle,1,12,29.95,359.4,1.18,0.0,Trial Listing,T,False,False,False
2026-08-01,13001B,99901300175,BARDSTOWN ORIGIN BOURBON,DOMESTIC WHISKEY,750 ML,750,96.0,6 YRS,72,United States,Bottle,1,6,44.95,269.7,1.77,0.0,Limited Listing,L,False,False,False
2026-08-01,13002B,99901300275,BARDSTOWN ORIGIN HIGH WHEAT,DOMESTIC WHISKEY,750 ML,750,106.0,6 YRS,72,United States,Bottle,1,6,49.95,299.7,1.97,0.0,Regular,R,False,False,False
2026-08-01,13003B,99901300375,BARDSTOWN ORIGIN BOTTLED IN BOND,DOMESTIC WHISKEY,750 ML,750,100.0,6 YRS,72,United States,Bottle,1,6,49.95,299.7,1.97,0.0,Regular,R,False,False,False
2026-08-01,13004B,99901300475,BARDSTOWN ORIGIN DOUBLE BARREL RYE,DOMESTIC WHISKEY,750 ML,750,96.0,6 YRS,72,United States,Bottle,1,6,49.95,299.7,1.97,0.0,Trial Listing,T,False,False,False
2026-08-01,13007B,99901300775,CALUMET FARM 17 YEAR BOURBON DECANTER,DOMESTIC WHISKEY,750 ML,750,117.0,17 YRS,204,United States,Bottle,1,3,399.95,1199.85,15.75,0.0,One Time Buy,O,False,False,False
2026-08-01,13008B,99901300875,CALUMET FARM CERAMIC DECANTER,DOMESTIC WHISKEY,750 ML,750,86.0,4 YRS,48,United States,Bottle,1,3,299.95,899.85,11.81,0.0,One Time Buy,O,False,False,False
2026-08-01,13009B,99901300975,CALUMET FARM HIGH RYE WHISKEY,DOMESTIC WHISKEY,750 ML,750,100.0,5 YRS,60,United States,Bottle,1,6,89.95,539.7,3.54,0.0,One Time Buy,O,False,False,False
2026-08-01,13010B,99901301075,CALUMET FARM BOTTLED IN BOND BOURBON,DOMESTIC WHISKEY,750 ML,750,100.0,4 YRS,48,United States,Bottle,1,6,99.95,599.7,3.94,0.0,One Time Buy,O,False,False,False
2026-08-01,13011B,99901301175,CALUMET FARM SINGLE RACK BLACK CENTENNILA BOURBON,DOMESTIC WHISKEY,750 ML,750,100.0,4 YRS,48,United States,Bottle,1,6,99.95,599.7,3.94,0.0,One Time Buy,O,False,False,False
2026-08-01,13012B,99901301275,CALUMET FARM 18 YEAR BOURBON DECANTER,DOMESTIC WHISKEY,750 ML,750,118.0,18 YRS,216,United States,Bottle,1,3,499.95,1499.85,19.68,0.0,One Time Buy,O,False,False,False
2026-08-01,13013E,99901301337,503 VODKA CRANBERRY CRUSH 6 - 4 PACKS,COCKTAILS,355 ML,355,22.0,,,United States,Multi-Pack Can,4,6,14.95,89.7,1.18,0.0,Regular,R,True,False,False
2026-08-01,13016B,99901301675,NEW RIFF BOTTLED IN BOND BOURBON,DOMESTIC WHISKEY,750 ML,750,100.0,4 YRS,48,United States,Bottle,1,6,37.95,227.7,1.49,0.0,Regular,R,False,False,False
2026-08-01,13017B,99901301775,NEW RIFF BOTTLED IN BOND RYE,DOMESTIC WHISKEY,750 ML,750,100.0,4 YRS,48,United States,Bottle,1,6,37.95,227.7,1.49,0.0,Limited Listing,L,False,False,False
2026-08-01,13018B,99901301875,NEW RIFF BOURBON BARRELED GIN,GIN,750 ML,750,94.0,5 MOS,5,,Bottle,1,6,27.95,167.7,1.1,0.0,Trial Listing,T,False,False,False
2026-08-01,1301B,99900130175,CONTROL C PISCO RESERVADO (CHILE),BRANDY / COGNAC,750 ML,750,80.0,,,Chile,Bottle,1,6,22.95,137.7,0.9,0.0,Limited Listing,L,False,False,False
2026-08-01,13020B,99901302075,SMIRNOFF ELECTRIC GUAVA,VODKA,750 ML,750,50.0,,,United States,Bottle,1,12,12.95,155.4,0.51,0.0,One Time Buy,O,False,False,False
2026-08-01,13021D,99901302120,CASAMIGOS MARGARITA VARIETY PACK 8 CANS,COCKTAILS,200 ML,200,20.0,,,Mexico,Multi-Pack Can,8,3,19.95,59.85,2.93,0.0,Regular,R,False,False,False
2026-08-01,13022B,99901302275,EL JIMADOR CRISTALINO,TEQUILA,750 ML,750,80.0,,,Mexico,Bottle,1,12,29.95,359.4,1.18,0.0,Trial Listing,T,False,False,False
2026-08-01,13024E,99901302437,"DON JULIO TRIPACK (REPOSADO, ANEJO, 1942)",TEQUILA,375 ML,375,80.0,,,Mexico,Multi-Pack Bottle,3,6,124.95,749.7,9.84,0.0,One Time Buy,O,False,False,False
2026-08-01,13026A,99901302610,SUNBREAK VODKA,VODKA,LITER,1000,80.0,,,,Bottle,1,12,14.95,179.4,0.44,0.0,Limited Listing,L,True,False,False
2026-08-01,13037B,99901303775,WHITESON WHISKEY,DOMESTIC WHISKEY,750 ML,750,90.0,,,United States,Bottle,1,12,39.5,474.0,1.56,0.0,Trial Listing,T,True,False,False
2026-08-01,13037F,99901303705,WHITESON WHISKEY,DOMESTIC WHISKEY,50 ML,50,90.0,,,United States,Bottle,1,96,5.0,480.0,2.94,0.0,Trial Listing,T,True,False,False
2026-08-01,13038B,99901303875,503 BOURBON 5YR,DOMESTIC WHISKEY,750 ML,750,72.0,5 YRS,60,United States,Bottle,1,12,69.95,839.4,2.75,0.0,Trial Listing,T,True,False,False
2026-08-01,13040E,99901304037,503 DISTILLING LONG ISLAND ICE TEA,COCKTAILS,355 ML,355,52.0,,,United States,Multi-Pack Can,4,6,14.95,89.7,1.18,0.0,Trial Listing,T,False,False,False
2026-08-01,13047B,99901304775,FREY RANCH BOURBON BARREL ONLY,DOMESTIC WHISKEY,750 ML,750,134.5,,,United States,Bottle,1,6,94.95,569.7,3.74,0.0,Seasonal,B,False,False,False
2026-08-01,13054B,99901305475,KACHKA CLASSIC VODKA,VODKA,750 ML,750,80.0,,,United States,Bottle,1,12,24.95,299.4,0.98,0.0,Trial Listing,T,True,False,False
2026-08-01,13055B,99901305575,SAGAMORE SMALL BATCH,DOMESTIC WHISKEY,750 ML,750,93.0,,,United States,Bottle,1,6,34.95,209.7,1.38,0.0,Trial Listing,T,False,False,False
2026-08-01,13064B,99901306475,STERN MAMA WHITE RUM,RUM,750 ML,750,80.0,,,United States,Bottle,1,6,39.55,237.3,1.56,0.0,Limited Listing,L,True,False,False
2026-08-01,13065E,99901306537,LUCKY ONE LEMONADE VARIETY 8 PACK,COCKTAILS,355 ML,355,9.0,,,United States,Multi-Pack Can,8,3,19.95,59.85,1.57,0.0,Regular,R,False,False,False
2026-08-01,13066E,99901306637,LUCKY ONE LEMONADE ORIGINAL 4 PACK,COCKTAILS,355 ML,355,9.0,,,United States,Multi-Pack Can,4,6,10.95,65.7,0.86,0.0,Trial Listing,T,False,False,False
2026-08-01,13067E,99901306737,LUCKY ONE LEMONADE RASPBERRY 4 PACK,COCKTAILS,355 ML,355,9.0,,,United States,Multi-Pack Can,4,6,10.95,65.7,0.86,0.0,Trial Listing,T,False,False,False
2026-08-01,13068E,99901306837,LUCKY ONE LEMONADE PEACH 4 PACK,COCKTAILS,355 ML,355,9.0,,,United States,Multi-Pack Can,4,6,10.95,65.7,0.86,0.0,Trial Listing,T,False,False,False
2026-08-01,13069E,99901306937,LUCKY ONE LEMONADE BLUEBERRY 4 PACK,COCKTAILS,355 ML,355,9.0,,,United States,Multi-Pack Can,4,6,10.95,65.7,0.86,0.0,Trial Listing,T,False,False,False
2026-08-01,13070E,99901307037,10 BARREL COCKTAIL VARIETY PACK 3 - 8 PACKS,COCKTAILS,355 ML,355,11.5,,,United States,Multi-Pack Can,8,3,22.95,68.85,1.81,0.0,Trial Listing,T,False,False,False
2026-08-01,13079E,99901307937,REDIVIVA DISTILLING SIDECARE 4 PACK (CANS),COCKTAILS,355 ML,355,26.0,,,United States,Multi-Pack Can,4,6,18.95,113.7,1.49,0.0,Trial Listing,T,True,False,False
2026-08-01,1307B,99900130775,PORTLAND POTATO VODKA,VODKA,750 ML,750,80.0,,,United States,Bottle,1,12,16.95,203.4,0.67,0.0,Regular,R,True,False,False
2026-08-01,1307E,99900130737,PORTLAND POTATO VODKA,VODKA,375 ML,375,80.0,,,United States,Bottle,1,24,7.95,190.8,0.63,0.0,Limited Listing,L,True,False,False
2026-08-01,1307F,99900130705,PORTLAND POTATO VODKA,VODKA,50 ML,50,80.0,,,United States,Bottle,1,120,2.5,300.0,1.47,0.0,One Time Buy,O,True,False,False
2026-08-01,1307H,99900130717,PORTLAND POTATO VODKA,VODKA,1.75 L,1750,80.0,,,United States,Bottle,1,6,29.95,179.7,0.51,2.0,Regular,R,True,False,False
2026-08-01,13082E,99901308237,THE GOLF DRINK,COCKTAILS,355 ML,355,10.0,,,United States,Multi-Pack Can,4,6,14.95,89.7,1.18,0.0,Trial Listing,T,False,False,False
2026-08-01,13087E,99901308737,WILD ROOTS MARIONBERRY LEMONADE COCKTAIL 4 PK CANS,COCKTAILS,355 ML,355,26.0,,,United States,Multi-Pack Can,4,6,16.95,101.7,1.33,1.0,Regular,R,True,False,False
2026-08-01,13088B,99901308875,UKIAH RODEO BOURBON WHISKEY,DOMESTIC WHISKEY,750 ML,750,80.0,,,United States,Bottle,1,12,39.95,479.4,1.57,0.0,Limited Listing,L,True,False,False
2026-08-01,13118E,99901311837,CUTWATER LEMON DROP MARTINI 6-4PK,COCKTAILS,355 ML,355,26.0,,,United States,Multi-Pack Can,4,6,12.95,77.7,1.02,0.0,Trial Listing,T,False,False,False
2026-08-01,13119B,99901311975,KUR GIN,GIN,750 ML,750,80.0,,,,Bottle,1,6,38.95,233.7,1.53,0.0,Trial Listing,T,False,False,False
2026-08-01,13120D,99901312020,MIDNIGHT MOON MOONSHAKE TRI PACK 3-50ML BOTTLES,CORDIALS,50 ML,50,34.0,,,United States,Multi-Pack Bottle,3,16,8.0,128.0,1.18,0.0,Trial Listing,T,False,False,False
2026-08-01,13122D,99901312220,GREY GOOSE 50ML 4 PACK,VODKA,50 ML,50,80.0,,,France,Multi-Pack Bottle,4,24,9.95,238.8,1.46,0.0,One Time Buy,O,False,False,False
2026-08-01,13128D,99901312820,DEEP EDDY VODKA NATIONAL TAILGATE PACK 10-50ML PK,VODKA,50 ML,50,72.0,,,United States,Multi-Pack Bottle,10,12,9.95,119.4,1.46,0.0,One Time Buy,O,False,False,False
2026-08-01,13130B,99901313075,ELIJAH CRAIG SMALL BATCH RYDER CUP EDITION,DOMESTIC WHISKEY,750 ML,750,94.0,,,United States,Bottle,1,3,69.95,209.85,2.75,0.0,One Time Buy,O,False,False,False
2026-08-01,13131E,99901313137,ON THE ROCKS LEMONGRASS MULE,COCKTAILS,355 ML,355,20.0,,,United States,Multi-Pack Can,4,6,11.95,71.7,0.94,-1.0,Trial Listing,T,False,False,False
2026-08-01,13132E,99901313237,ON THE ROCKS MANGO MINT MOJITO,COCKTAILS,355 ML,355,20.0,,,United States,Multi-Pack Can,4,6,11.95,71.7,0.94,-1.0,Trial Listing,T,False,False,False
2026-08-01,13133E,99901313337,ON THE ROCKS SPARKLING MARGARITA,COCKTAILS,355 ML,355,20.0,,,United States,Multi-Pack Can,4,6,11.95,71.7,0.94,-1.0,Trial Listing,T,False,False,False
2026-08-01,13134B,99901313475,PENELOPE COCKTAILS - BLACK WALNUT OLD FASHIONED,COCKTAILS,750 ML,750,76.0,,,United States,Bottle,1,6,29.95,179.7,1.18,0.0,Limited Listing,L,False,False,False
2026-08-01,13135E,99901313537,"SURFSIDE HALF & HALF ICED TEA, LEMONADE, VODKA 4-P",COCKTAILS,355 ML,355,9.0,,,United States,Multi-Pack Can,4,6,10.95,65.7,0.86,0.0,Trial Listing,T,False,False,False
2026-08-01,13136E,99901313637,SURFSIDE ICED TEA VODKA 4 PACK CANS,COCKTAILS,355 ML,355,9.0,,,United States,Multi-Pack Can,4,6,10.95,65.7,0.86,0.0,Trial Listing,T,False,False,False
2026-08-01,13137E,99901313737,SURFSIDE LEMONADE & VODKA 4 PACK CANS,COCKTAILS,355 ML,355,9.0,,,United States,Multi-Pack Can,4,6,10.95,65.7,0.86,0.0,Trial Listing,T,False,False,False
2026-08-01,13138E,99901313837,SURFSIDE STRAWBERRY LEMONADE 4 PACK CANS,COCKTAILS,355 ML,355,9.0,,,United States,Multi-Pack Can,4,6,10.95,65.7,0.86,0.0,Regular,R,False,False,False
2026-08-01,13139B,99901313975,DOBEL MX ANEJO TEQUILA,TEQUILA,750 ML,750,80.0,,,Mexico,Bottle,1,3,119.95,359.85,4.72,0.0,One Time Buy,O,False,False,False
2026-08-01,1313B,99900131375,BANKERS VIVACITY SPIRITS GIN,GIN,750 ML,750,88.0,,,United States,Bottle,1,12,36.0,432.0,1.42,0.0,Limited Listing,L,True,False,False
2026-08-01,13140B,99901314075,FOUR CORNERS AMERICAN GIN,GIN,750 ML,750,82.0,,,United States,Bottle,1,6,34.95,209.7,1.38,0.0,Trial Listing,T,True,False,False
2026-08-01,13145B,99901314575,MADRONA DRY GIN,GIN,750 ML,750,92.0,,,,Bottle,1,6,29.95,179.7,1.18,0.0,Trial Listing,T,False,False,False
2026-08-01,13146B,99901314675,MADRONA GARDEN CLUB GIN,GIN,750 ML,750,80.0,,,United States,Bottle,1,6,29.95,179.7,1.18,0.0,Trial Listing,T,False,False,False
2026-08-01,13147B,99901314775,WHISTLEPIG GRAVESTOCK WHEAT WHISKEY,DOMESTIC WHISKEY,750 ML,750,86.0,,,United States,Bottle,1,6,72.95,437.7,2.87,0.0,One Time Buy,O,False,False,False
2026-08-01,13148B,99901314875,GLENMORANGIE TRIPLE CASK RESERVE,SCOTCH,750 ML,750,80.0,,,Scotland,Bottle,1,6,42.95,257.7,1.69,0.0,Trial Listing,T,False,False,False
2026-08-01,13153B,99901315375,TEREMANA REPOSADO W/ GIFT VAP,TEQUILA,750 ML,750,80.0,,,Mexico,VAP,1,6,34.95,209.7,1.38,3.0,Holiday,H,False,False,False
2026-08-01,13156B,99901315675,DRUMSHANBO SARDINIAN CITRUS IRISH GIN W/ GIFT,GIN,750 ML,750,86.0,,,Republic of Ireland,VAP,1,6,39.95,239.7,1.57,0.0,Holiday,H,False,False,False
2026-08-01,13157B,99901315775,DRUMSHANBO ORANGE CITRUS IRISH GIN W/ GIFT,GIN,750 ML,750,86.0,,,Republic of Ireland,VAP,1,6,39.95,239.7,1.57,0.0,Holiday,H,False,False,False
2026-08-01,13159B,99901315975,MIDNIGHT MOON COOKIES & CREAM W/ GIFT VAP,CORDIALS,750 ML,750,34.0,,,United States,VAP,1,6,19.95,119.7,0.79,-4.0,Holiday,H,False,False,False
2026-08-01,13160B,99901316075,MIJENTA REPOSADO TEQUILA W/ GIFT VAP,TEQUILA,750 ML,750,80.0,,,Mexico,VAP,1,6,64.95,389.7,2.56,0.0,Holiday,H,False,False,False
2026-08-01,13161B,99901316175,LICOR 43 ORIGINAL W/ GIFT VAP,CORDIALS,750 ML,750,62.0,,,Spain,VAP,1,6,28.95,173.7,1.14,3.95,Holiday,H,False,False,False
2026-08-01,13163B,99901316375,AMARULA W/ GIFT VAP,CORDIALS,750 ML,750,34.0,,,South Africa,VAP,1,6,29.95,179.7,1.18,0.0,Holiday,H,False,False,False
2026-08-01,13165B,99901316575,PATRON SILVER W/ GIFT VAP,TEQUILA,750 ML,750,80.0,,,Mexico,VAP,1,6,49.95,299.7,1.97,5.0,Holiday,H,False,False,False
2026-08-01,13166B,99901316675,HOCHSTADTERS SLOW & LOW W/ GIFT VAP,DOMESTIC WHISKEY,750 ML,750,84.0,,,United States,VAP,1,6,24.95,149.7,0.98,0.0,Holiday,H,False,False,False
2026-08-01,13167B,99901316775,JEFFERSON'S BOURBON W/ GIFT VAP,DOMESTIC WHISKEY,750 ML,750,80.0,,,United States,VAP,1,6,34.95,209.7,1.38,-5.0,Holiday,H,False,False,False
2026-08-01,1316B,99900131675,WAHAKA JOVEN ESPADIN MEZCAL,TEQUILA,750 ML,750,80.0,,,Mexico,Bottle,1,6,34.95,209.7,1.38,0.0,Regular,R,False,False,False
2026-08-01,13180I,99901318070,SUN CRUISER HALF HALF SINGLE CAN,COCKTAILS,700 ML,700,9.0,,,United States,Can,1,12,5.45,65.4,0.23,0.0,Trial Listing,T,False,False,False
2026-08-01,13184E,99901318437,SUN CRUISER VODKA ICED TEA VARIETY 8 PACK,COCKTAILS,355 ML,355,9.0,,,United States,Multi-Pack Can,8,3,19.95,59.85,1.57,0.0,Trial Listing,T,False,False,False
2026-08-01,13185E,99901318537,SUN CRUISER LEMONADE ICED TEA 4 PACK CANS,COCKTAILS,355 ML,355,9.0,,,United States,Multi-Pack Can,4,6,10.95,65.7,0.86,0.0,Trial Listing,T,False,False,False
2026-08-01,13187I,99901318770,FIREBALL HOLIDAY WREATH 7-14 PACKS,CANADIAN,50 ML,50,66.0,,,Canada,Multi-Pack Bottle,4,7,13.95,97.65,0.59,5.0,Holiday,H,False,False,False
2026-08-01,13189B,99901318975,GLENFIDDICH 16 YEAR ASTON MARTIN F1,SCOTCH,750 ML,750,86.0,,,Scotland,Bottle,1,12,74.95,899.4,2.95,0.0,One Time Buy,O,False,False,False
2026-08-01,13190B,99901319075,CANADIAN CLUB BLACKBERRY,CANADIAN,750 ML,750,80.0,,,Canada,Bottle,1,12,9.95,119.4,0.39,-3.0,Trial Listing,T,False,False,False
2026-08-01,13208E,99901320837,GLENMORANGIE TASTER 100ML 3 PACK,SCOTCH,100 ML,100,88.0,,,Scotland,Multi-Pack Bottle,3,6,29.95,179.7,2.36,0.0,Seasonal,B,False,False,False
2026-08-01,13210B,99901321075,E.T. 51 VODKA VAP W/ ESPRESSO WHISKY,VODKA,750 ML,750,80.0,,,Canada,VAP,1,6,28.95,173.7,1.14,0.0,Holiday,H,False,False,False
2026-08-01,13211B,99901321175,E.T. 51 VODKA VAP W/ CHEESECAKE WHISKY,VODKA,750 ML,750,80.0,,,Canada,VAP,1,6,28.95,173.7,1.14,0.0,Holiday,H,False,False,False
2026-08-01,13212B,99901321275,FIREBALL BLAZIN APPLE,CANADIAN,750 ML,750,66.0,,,Canada,Bottle,1,12,15.95,191.4,0.63,2.0,Regular,R,False,False,False
2026-08-01,13212D,99901321220,FIREBALL BLAZIN APPLE,CANADIAN,200 ML,200,66.0,,,Canada,Bottle,1,48,3.95,189.6,0.58,0.0,Trial Listing,T,False,False,False
2026-08-01,13212E,99901321237,FIREBALL BLAZIN APPLE,CANADIAN,375 ML,375,66.0,,,,Bottle,0,24,6.95,166.8,0.55,0.0,Trial Listing,T,False,False,False
2026-08-01,13212F,99901321205,FIREBALL BLAZIN APPLE,CANADIAN,50 ML,50,66.0,,,Canada,Bottle,1,120,1.5,180.0,0.88,0.0,One Time Buy,O,False,False,False
2026-08-01,13212H,99901321217,FIREBALL BLAZIN APPLE,CANADIAN,1.75 L,1750,66.0,,,,Bottle,0,6,25.95,155.7,0.44,0.0,Trial Listing,T,False,False,False
2026-08-01,13213E,99901321337,FIREBALL BLAZIN APPLE 50ML 10 PACK,CANADIAN,50 ML,50,66.0,,,Canada,Multi-Pack Bottle,10,12,8.95,107.4,0.7,0.0,Regular,R,False,False,False
2026-08-01,13214B,99901321475,BULLEIT WHISKEY SOUR COCKTAIL,COCKTAILS,750 ML,750,50.0,,,United States,Bottle,1,12,22.95,275.4,0.9,0.0,Trial Listing,T,False,False,False
2026-08-01,13214E,99901321437,BULLEIT WHISKEY SOUR COCKTAIL,COCKTAILS,375 ML,375,50.0,,,,Bottle,1,8,18.95,151.6,1.49,0.0,Trial Listing,T,False,False,False
2026-08-01,13215B,99901321575,KETEL ONE COCKTAILS LEMON DROP MARTINI,COCKTAILS,750 ML,750,36.2,,,Netherlands,Bottle,1,12,22.95,275.4,0.9,0.0,Limited Listing,L,False,False,False
2026-08-01,13216B,99901321675,CROWN ROYAL CHOCOLATE,CANADIAN,750 ML,750,70.0,,,Canada,Bottle,1,12,29.95,359.4,1.18,0.0,Seasonal,B,False,False,False
2026-08-01,13217A,99901321710,CAPTAIN MORGAN PARTY BUCKET 20 - 50ML PACK,RUM,50 ML,50,70.0,,,Puerto Rico,Multi-Pack Bottle,20,6,19.95,119.7,0.59,0.0,Seasonal,B,False,False,False
2026-08-01,13218B,99901321875,AVIATION AMERICAN GIN WREXHAM VAP,GIN,750 ML,750,84.0,,,United States,VAP,1,6,19.95,119.7,0.79,0.0,One Time Buy,O,False,False,False
2026-08-01,1322B,99900132275,SMIRNOFF KISSED CARAMEL,VODKA,750 ML,750,60.0,,,United States,Bottle,1,12,12.95,155.4,0.51,0.0,Regular,R,False,False,False
2026-08-01,13240D,99901324020,JACK DANIEL'S TENNESSEE WHISKEY 4 - 50ML PACK,DOMESTIC WHISKEY,50 ML,50,80.0,,,United States,Multi-Pack Bottle,4,30,9.95,298.5,1.46,0.0,Trial Listing,T,False,False,False
2026-08-01,13241B,99901324175,TORRES 10 W/ 2 GLASSES VAP,BRANDY / COGNAC,750 ML,750,80.0,,,Spain,VAP,1,6,26.95,161.7,1.06,2.0,Holiday,H,False,False,False
2026-08-01,13242B,99901324275,THE ORIGINAL PICKLE SHOT DILL PICKLE VAP W/ORNAMENT,VODKA,750 ML,750,30.0,,,United States,VAP,1,12,19.95,239.4,0.79,0.0,Holiday,H,False,False,False
2026-08-01,13243B,99901324375,BROKEN TOP BARREL SELECT BOURBON,DOMESTIC WHISKEY,750 ML,750,100.0,,,United States,Bottle,1,12,69.95,839.4,2.75,0.0,Seasonal,B,True,False,False
2026-08-01,13245B,99901324575,JACK DANIEL'S TENNESSEE BLACKBERRY,DOMESTIC WHISKEY,750 ML,750,70.0,,,United States,Bottle,1,12,19.95,239.4,0.79,0.0,Regular,R,False,False,True
2026-08-01,13245E,99901324537,JACK DANIEL'S TENNESSEE BLACKBERRY,DOMESTIC WHISKEY,375 ML,375,70.0,,,United States,Bottle,1,24,13.95,334.8,1.1,0.0,Trial Listing,T,False,False,False
2026-08-01,13245F,99901324505,JACK DANIEL'S TENNESSEE BLACKBERRY,DOMESTIC WHISKEY,50 ML,50,70.0,,,United States,Bottle,1,120,1.75,210.0,1.03,0.0,Trial Listing,T,False,False,False
2026-08-01,13245H,99901324517,JACK DANIEL'S TENNESSEE BLACKBERRY,DOMESTIC WHISKEY,1.75 L,1750,70.0,,,United States,Bottle,1,6,49.95,299.7,0.84,0.0,Trial Listing,T,False,True,False
2026-08-01,13249B,99901324975,LALO BLANCO HIGH PROOF,TEQUILA,750 ML,750,96.0,,,Mexico,Bottle,1,6,74.95,449.7,2.95,0.0,Seasonal,B,False,False,False
2026-08-01,13252B,99901325275,KASTRA ELION GREEK VODKA VAP,VODKA,750 ML,750,80.0,,,United States,VAP,1,6,49.95,299.7,1.97,0.0,Holiday,H,False,False,False
2026-08-01,13253B,99901325375,GLENMORANGIE NECTAR 16 YEAR,SCOTCH,750 ML,750,92.0,,,Scotland,Bottle,1,6,89.95,539.7,3.54,0.0,One Time Buy,O,False,False,False
2026-08-01,13254B,99901325475,HENNESSY VS W/ SHAKER,BRANDY / COGNAC,750 ML,750,80.0,,,France,VAP,1,6,39.95,239.7,1.57,0.0,One Time Buy,O,False,False,False
2026-08-01,13255B,99901325575,HENNESSY VSOP W/ 2 GLASSES,BRANDY / COGNAC,750 ML,750,80.0,,,France,VAP,1,6,59.95,359.7,2.36,5.0,One Time Buy,O,False,False,False
2026-08-01,13256I,99901325670,GARAVOGUE SINGLE MALT IRISH WHISKEY AGED 20 YEARS,IRISH,700 ML,700,94.0,20 YRS,240,Republic of Ireland,Bottle,1,3,199.95,599.85,8.44,0.0,One Time Buy,O,False,False,False
2026-08-01,13257B,99901325775,REMUS REPEAL RESERVE BOURBON IX,DOMESTIC WHISKEY,750 ML,750,104.0,,,United States,Bottle,1,6,99.95,599.7,3.94,0.0,One Time Buy,O,False,False,False
2026-08-01,13261A,99901326110,SUNBREAK RUM,RUM,LITER,1000,80.0,,,United States,Bottle,1,12,18.95,227.4,0.56,0.0,Trial Listing,T,True,False,False
2026-08-01,13262A,99901326210,SUNBREAK BOURBON,DOMESTIC WHISKEY,LITER,1000,86.0,,,United States,Bottle,1,12,24.95,299.4,0.74,0.0,Trial Listing,T,True,False,False
2026-08-01,13288E,99901328837,2 TOWNS CIDERHOUSE APPLE BRANDY,BRANDY / COGNAC,375 ML,375,84.0,,,United States,Bottle,1,12,5.95,71.4,0.47,0.0,Trial Listing,T,True,False,False
2026-08-01,13290B,99901329075,TOKI BLACK,OTHER IMPORTED WHISKY,750 ML,750,86.0,,,,Bottle,1,6,41.95,251.7,1.65,0.0,Limited Listing,L,False,False,False
2026-08-01,13291B,99901329175,OREGON SPIRIT SINGLE BARREL CASK STRENGTH 7 YEAR,DOMESTIC WHISKEY,750 ML,750,116.0,7 YRS,84,United States,Bottle,1,6,79.95,479.7,3.15,0.0,Trial Listing,T,True,False,False
2026-08-01,13292B,99901329275,OREGON SPIRIT SMALL BATCH 7 YEAR BOURBON,DOMESTIC WHISKEY,750 ML,750,107.0,7 YRS,84,United States,Bottle,1,6,70.0,420.0,2.76,0.0,Trial Listing,T,True,False,False
2026-08-01,13300B,99901330075,JACK DANIEL'S SINGLE BARREL SR HERITAGE,DOMESTIC WHISKEY,750 ML,750,100.0,,,United States,Bottle,1,6,69.95,419.7,2.75,0.0,Regular,R,False,False,False
2026-08-01,13301B,99901330175,PENELOPE ESTATE COLLECTION PRIVATE SELECT,DOMESTIC WHISKEY,750 ML,750,106.8,10 YRS,120,United States,Bottle,1,6,79.95,479.7,3.15,0.0,One Time Buy,O,False,False,False
2026-08-01,13303B,99901330375,REMUS GATSBY RESERVE LIMITED EDITION 2025,DOMESTIC WHISKEY,750 ML,750,102.8,15 YRS,180,United States,Bottle,1,3,199.95,599.85,7.87,0.0,One Time Buy,O,False,False,False
2026-08-01,13304B,99901330475,PENELOPE F* CANCER BOURBON,DOMESTIC WHISKEY,750 ML,750,94.0,,,United States,Bottle,1,6,79.95,479.7,3.15,0.0,One Time Buy,O,False,False,False
2026-08-01,13306E,99901330637,SURFSIDE GREEN TEA VARIETY PACK 8 PACK CANS,COCKTAILS,355 ML,355,9.0,,,United States,Multi-Pack Can,8,3,19.95,59.85,1.57,0.0,Trial Listing,T,False,False,False
2026-08-01,13307E,99901330737,SURFSIDE GREEN TEA & VODKA 4 PACK CANS,COCKTAILS,355 ML,355,9.0,,,United States,Multi-Pack Can,4,6,10.95,65.7,0.86,0.0,Trial Listing,T,False,False,False
2026-08-01,13308B,99901330875,STERN MAMA TROPICAL RUM,RUM,750 ML,750,80.0,,,United States,Bottle,1,6,44.0,264.0,1.73,0.0,Trial Listing,T,True,False,False
2026-08-01,13309B,99901330975,PATRON CITRONGE ORANGE & JALAPENO,CORDIALS,750 ML,750,60.0,,,United States,Bottle,1,12,26.95,323.4,1.06,2.0,Trial Listing,T,False,False,False
2026-08-01,1330B,99900133075,TEMPLETON STRAIGHT RYE,DOMESTIC WHISKEY,750 ML,750,90.0,,,United States,Bottle,1,6,30.95,185.7,1.22,-4.0,Regular,R,False,False,False
2026-08-01,13310B,99901331075,GREEN RIVER WHEATED BOURBON,DOMESTIC WHISKEY,750 ML,750,90.0,,,United States,Bottle,1,6,34.95,209.7,1.38,0.0,Limited Listing,L,False,False,False
2026-08-01,13311B,99901331175,GREEN RIVER KENTUCKY STRAIGHT BOURBON,DOMESTIC WHISKEY,750 ML,750,90.0,,,United States,Bottle,1,6,34.95,209.7,1.38,0.0,Trial Listing,T,False,False,False
2026-08-01,13312B,99901331275,GREEN RIVER RYE WHISKEY,DOMESTIC WHISKEY,750 ML,750,95.0,,,United States,Bottle,1,6,34.95,209.7,1.38,0.0,Trial Listing,T,False,False,False
2026-08-01,13313B,99901331375,GREEN RIVER FULL PROOF BOURBON,DOMESTIC WHISKEY,750 ML,750,118.1,,,United States,Bottle,1,6,49.95,299.7,1.97,0.0,Limited Listing,L,False,False,False
2026-08-01,13314B,99901331475,BIB & TUCKER GOLD ROAST BOURBON,DOMESTIC WHISKEY,750 ML,750,92.0,,,United States,Bottle,1,6,49.95,299.7,1.97,5.0,Trial Listing,T,False,False,False
2026-08-01,13323B,99901332375,THE GLENLIVET 12 YR JAMAICAN CASK,WHISKEY,750 ML,750,80.0,12 YRS,144,,Bottle,1,6,54.95,329.7,2.16,0.0,Trial Listing,T,False,False,False
2026-08-01,13324B,99901332475,KAHLUA DUNKIN CARAMEL SWIRL,CORDIALS,750 ML,750,32.0,,,Mexico,Bottle,1,12,27.95,335.4,1.1,0.0,Limited Listing,L,False,False,False
2026-08-01,13324F,99901332405,KAHLUA DUNKIN CARAMEL SWIRL,CORDIALS,50 ML,50,32.0,,,Mexico,Bottle,1,120,2.0,240.0,1.18,0.0,Trial Listing,T,False,False,False
2026-08-01,13325B,99901332575,HATOZAKI SMALL BATCH 12YR UMESHU CK WHK,OTHER IMPORTED WHISKY,750 ML,750,92.0,12 YRS,144,,Bottle,1,6,99.95,599.7,3.94,0.0,Trial Listing,T,False,False,False
2026-08-01,13326I,99901332670,BRUICHLADDICH OCTOMORE 16.1,SCOTCH,700 ML,700,118.6,,,Scotland,Bottle,1,6,204.95,1229.7,8.65,0.0,One Time Buy,O,False,False,False
2026-08-01,13327I,99901332770,BRUICHLADDICH OCTOMORE 16.2,SCOTCH,700 ML,700,116.2,,,Scotland,Bottle,1,6,244.95,1469.7,10.34,0.0,One Time Buy,O,False,False,False
2026-08-01,13328I,99901332870,BRUICHLADDICH OCTOMORE 16.3,SCOTCH,700 ML,700,122.6,,,Scotland,Bottle,1,6,279.95,1679.7,11.81,0.0,One Time Buy,O,False,False,False
2026-08-01,13330B,99901333075,SPEAKEASY BOURBON,DOMESTIC WHISKEY,750 ML,750,98.0,,,United States,Bottle,1,6,49.95,299.7,1.97,0.0,Trial Listing,T,False,False,False
2026-08-01,13338B,99901333875,4 SPIRITS GINGER LIQUEUR,CORDIALS,750 ML,750,50.0,,,United States,Bottle,1,12,29.95,359.4,1.18,0.0,Trial Listing,T,True,False,False
2026-08-01,13353B,99901335375,PANCHO VILLA SILVER TEQUILA SPECIALITY,TEQUILA,750 ML,750,80.0,,,Mexico,Bottle,1,12,14.45,173.4,0.57,0.0,Regular,R,False,False,False
2026-08-01,13353H,99901335317,PANCHO VILLA SILVER TEQUILA SPECIALITY,TEQUILA,1.75 L,1750,80.0,,,Mexico,Bottle,1,6,30.45,182.7,0.51,0.0,Regular,R,False,False,False
2026-08-01,13354B,99901335475,PANCHO VILLA GOLD TEQUILA SPECIALITY,TEQUILA,750 ML,750,80.0,,,Mexico,Bottle,1,12,14.45,173.4,0.57,0.0,Regular,R,False,False,False
2026-08-01,13354H,99901335417,PANCHO VILLA GOLD TEQUILA SPECIALITY,TEQUILA,1.75 L,1750,80.0,,,Mexico,Bottle,1,6,30.45,182.7,0.51,0.0,Regular,R,False,False,False
2026-08-01,13356E,99901335637,JACK & VANILLA COKE 4-PACK CANS,COCKTAILS,355 ML,355,14.0,,,United States,Multi-Pack Can,4,6,12.95,77.7,1.02,0.0,One Time Buy,O,False,False,False
2026-08-01,13368B,99901336875,PENELOPE ARCHITECT PRIVATE BATCH CREME BRULEE,DOMESTIC WHISKEY,750 ML,750,110.0,,,United States,Bottle,1,6,69.95,419.7,2.75,0.0,One Time Buy,O,False,False,False
2026-08-01,13379I,99901337970,HIGH NOON TEQUILA LIME,COCKTAILS,700 ML,700,9.0,,,United States,Multi-Pack Can,1,12,5.95,71.4,0.25,0.0,Trial Listing,T,False,False,False
2026-08-01,1337B,99900133775,EXOTICO BLANCO TEQUILA,TEQUILA,750 ML,750,80.0,,,Mexico,Bottle,1,12,21.95,263.4,0.86,2.0,Regular,R,False,False,False
2026-08-01,1337E,99900133737,EXOTICO BLANCO TEQUILA,TEQUILA,375 ML,375,80.0,,,Mexico,Bottle,1,24,10.95,262.8,0.86,0.0,Trial Listing,T,False,False,False
2026-08-01,1337H,99900133717,EXOTICO BLANCO TEQUILA,TEQUILA,1.75 L,1750,80.0,,,Mexico,Bottle,1,6,39.95,239.7,0.67,0.0,Limited Listing,L,False,False,False
2026-08-01,13381I,99901338170,WESTLAND GARRYANA 10,WHISKEY,700 ML,700,100.0,,,United States,Bottle,1,6,149.95,899.7,6.33,0.0,One Time Buy,O,False,False,False
2026-08-01,13384B,99901338475,PENELOPE COCKTAILS APPLE CINNAMON OLD FASHIONED,COCKTAILS,750 ML,750,80.0,,,United States,Bottle,1,6,29.95,179.7,1.18,0.0,One Time Buy,O,False,False,False
2026-08-01,13385B,99901338575,ELIJAH CRAIG BARREL PROOF RYE,DOMESTIC WHISKEY,750 ML,750,108.0,12 YRS,144,United States,Bottle,1,6,74.95,449.7,2.95,0.0,Seasonal,B,False,False,False
2026-08-01,13388E,99901338837,STRAIGHTAWAY PAPER PLANE 4-100 ML'S,COCKTAILS,100 ML,100,45.0,,,United States,Multi-Pack Can,4,6,23.95,143.7,1.89,0.0,Limited Listing,L,True,False,False
2026-08-01,13389E,99901338937,STRAIGHTAWAY LAST WORD 4-100 ML'S,COCKTAILS,100 ML,100,50.0,,,United States,Multi-Pack Can,4,6,23.95,143.7,1.89,0.0,Limited Listing,L,True,False,False
2026-08-01,1338B,99900133875,EXOTICO REPOSADO TEQUILA,TEQUILA,750 ML,750,80.0,,,Mexico,Bottle,1,12,21.95,263.4,0.86,2.0,Regular,R,False,False,False
2026-08-01,1338E,99900133837,EXOTICO REPOSADO TEQUILA,TEQUILA,375 ML,375,80.0,,,Mexico,Bottle,1,24,10.95,262.8,0.86,0.0,Trial Listing,T,False,False,False
2026-08-01,13391E,99901339137,STRAIGHAWAY COSMOS 4-100 ML'S,COCKTAILS,100 ML,100,40.0,,,United States,Multi-Pack Can,4,6,23.95,143.7,1.89,0.0,Limited Listing,L,True,False,False
2026-08-01,13392B,99901339275,FREELAND SPIRITS AMARO FOR ART,CORDIALS,750 ML,750,70.0,,,United States,Bottle,1,6,44.95,269.7,1.77,0.0,Limited Listing,L,True,False,False
2026-08-01,13393B,99901339375,FREELAND SPIRITS BOURBON FINISHED IN CIDER BARRELS,DOMESTIC WHISKEY,750 ML,750,100.0,,,United States,Bottle,1,6,69.95,419.7,2.75,0.0,Limited Listing,L,True,False,False
2026-08-01,13396B,99901339675,400 CONEJOS REPOSADO,TEQUILA,750 ML,750,80.0,,,Mexico,Bottle,1,6,39.95,239.7,1.57,-1.0,Trial Listing,T,False,False,False
2026-08-01,13400B,99901340075,RANSOM CLASSIC GIN,GIN,750 ML,750,94.0,,,United States,Bottle,1,6,21.95,131.7,0.86,0.0,Trial Listing,T,True,False,False
2026-08-01,13405B,99901340575,WILD TURKEY RYE PRIVATE BARREL,DOMESTIC WHISKEY,750 ML,750,101.0,,,United States,Bottle,1,6,79.95,479.7,3.15,0.0,Seasonal,B,False,False,False
2026-08-01,13413B,99901341375,JEFFERSON'S RYE,DOMESTIC WHISKEY,750 ML,750,88.0,,,United States,Bottle,1,6,39.95,239.7,1.57,0.0,Trial Listing,T,False,False,False
2026-08-01,13426B,99901342675,YELLOWSTONE LIMITED EDITION 2025,DOMESTIC WHISKEY,750 ML,750,105.0,,,United States,Bottle,1,3,124.95,374.85,4.92,0.0,One Time Buy,O,False,False,False
2026-08-01,13432E,99901343237,1800 SILVER HIGH PROOF,TEQUILA,375 ML,375,90.0,,,Mexico,Bottle,1,12,17.95,215.4,1.41,0.0,Regular,R,False,False,False
2026-08-01,13433B,99901343375,VIVACITY WHISKEY,DOMESTIC WHISKEY,750 ML,750,80.0,,,United States,Bottle,1,12,48.0,576.0,1.89,0.0,Trial Listing,T,True,False,False
2026-08-01,13434B,99901343475,PROPER NO. TWELVE BLACK RESERVE,DOMESTIC WHISKEY,750 ML,750,80.0,,,United States,Bottle,1,12,37.95,455.4,1.49,0.0,Regular,R,False,False,False
2026-08-01,13435E,99901343537,JOSE CUERVO SPARKLING PALOMA 6-4PKS,COCKTAILS,355 ML,355,11.8,,,Mexico,Multi-Pack Can,4,6,9.95,59.7,0.78,0.0,Trial Listing,T,False,False,False
2026-08-01,13436E,99901343637,JOSE CUERVO SPARKLING VARITY PACK 3-8PKS,COCKTAILS,355 ML,355,11.8,,,Mexico,Multi-Pack Can,8,3,18.95,56.85,1.49,0.0,Trial Listing,T,False,False,False
2026-08-01,13437E,99901343737,1800 REPOSADO HIGH PROOF,TEQUILA,375 ML,375,90.0,,,Mexico,Bottle,1,12,18.45,221.4,1.45,0.0,Trial Listing,T,False,False,False
2026-08-01,13438B,99901343875,MCCORMICK RESERVE AMERICAN WHISKEY BLEND,DOMESTIC WHISKEY,750 ML,750,80.0,,,United States,Bottle,1,12,9.95,119.4,0.39,0.0,Regular,R,False,False,False
2026-08-01,13438E,99901343837,MCCORMICK RESERVE AMERICAN WHISKEY BLEND,DOMESTIC WHISKEY,375 ML,375,80.0,,,United States,Bottle,1,24,5.25,126.0,0.41,0.0,Regular,R,False,False,False
2026-08-01,13438H,99901343817,MCCORMICK RESERVE AMERICAN WHISKEY BLEND,DOMESTIC WHISKEY,1.75 L,1750,80.0,,,United States,Bottle,1,6,19.95,119.7,0.34,0.0,Regular,R,False,False,False
2026-08-01,13442B,99901344275,CORAZON ANEJO SINGLE BARREL SELECT (BARREL ONLY),TEQUILA,750 ML,750,80.0,,,Mexico,Bottle,1,6,31.95,191.7,1.26,0.0,Seasonal,B,False,False,False
2026-08-01,13454E,99901345437,FORTH MARIONBERRY SMASH 4 PACK CANS,COCKTAILS,375 ML,375,10.0,,,United States,Bottle,1,6,13.95,83.7,1.1,0.0,Trial Listing,T,True,False,False
2026-08-01,13455B,99901345575,HENNESSY VSOP LEBRON LIMITED EDITION,BRANDY / COGNAC,750 ML,750,80.0,,,France,Bottle,1,12,54.95,659.4,2.16,0.0,One Time Buy,O,False,False,False
2026-08-01,13456B,99901345675,HENNESSY VSOP LUNAR NEW YEAR 2026,BRANDY / COGNAC,750 ML,750,80.0,,,France,Bottle,1,6,59.95,359.7,2.36,5.0,One Time Buy,O,False,False,False
2026-08-01,13457B,99901345775,HENNESSY XO LUNAR NEW YEAR 2026,BRANDY / COGNAC,750 ML,750,80.0,,,France,Bottle,1,6,199.95,1199.7,7.87,0.0,One Time Buy,O,False,False,False
2026-08-01,13466B,99901346675,RANSOM AUTUM GENEPI,CORDIALS,750 ML,750,53.7,,,United States,Bottle,1,6,49.95,299.7,1.97,0.0,Limited Listing,L,True,False,False
2026-08-01,13467B,99901346775,BLUE LINE HICKORY SMOKE WHISKEY,DOMESTIC WHISKEY,750 ML,750,90.0,,,United States,Bottle,1,12,44.0,528.0,1.73,0.0,Trial Listing,T,True,False,False
2026-08-01,1346B,99900134675,EVAN WILLIAMS SPICED APPLE,DOMESTIC WHISKEY,750 ML,750,34.0,,,United States,Bottle,1,12,9.95,119.4,0.39,4.0,Holiday,H,False,False,False
2026-08-01,13476A,99901347610,SAZERAC RYE 100PF SINGLE BARREL SELECT,DOMESTIC WHISKEY,LITER,1000,100.0,,,United States,Bottle,1,6,38.95,233.7,1.15,0.0,Seasonal,B,False,False,False
2026-08-01,13502B,99901350275,BENCHMARK FULL PROOF,DOMESTIC WHISKEY,750 ML,750,125.0,,,United States,Bottle,1,12,22.95,275.4,0.9,0.0,Trial Listing,T,False,False,False
2026-08-01,13504B,99901350475,SHIZEN RICE VODKA,VODKA,750 ML,750,80.0,,,United States,Bottle,1,12,39.95,479.4,1.57,0.0,Limited Listing,L,True,False,False
2026-08-01,13505B,99901350575,SHIZEN YUZU VODKA,VODKA,750 ML,750,80.0,,,United States,Bottle,1,12,59.95,719.4,2.36,0.0,Limited Listing,L,True,False,False
2026-08-01,13509E,99901350937,FIREBALL SHOT-SKI,CANADIAN,375 ML,375,66.0,,,Canada,Bottle,1,12,9.95,119.4,0.78,0.0,One Time Buy,O,False,False,False
2026-08-01,13538B,99901353875,CROWN ROYAL MARQUIS,CANADIAN,750 ML,750,80.0,,,Canada,Bottle,1,12,39.95,479.4,1.57,0.0,Trial Listing,T,False,False,False
2026-08-01,13540B,99901354075,ROKU MINORI,GIN,750 ML,750,86.0,,,Japan,Bottle,1,6,29.95,179.7,1.18,0.0,Trial Listing,T,False,False,False
2026-08-01,13555B,99901355575,MCCORMICK LONDON STYLE GIN IMPORT,GIN,750 ML,750,80.0,,,United States,Bottle,1,12,8.95,107.4,0.35,0.0,Regular,R,False,True,False
2026-08-01,13555H,99901355517,MCCORMICK LONDON STYLE GIN IMPORT,GIN,1.75 L,1750,80.0,,,United States,Bottle,1,6,17.95,107.7,0.3,0.0,Regular,R,False,False,False
2026-08-01,1358B,99900135875,JINRO CHAMISUL FRESH SOJU,CORDIALS,750 ML,750,32.0,,,,Bottle,1,12,12.55,150.6,0.49,0.0,Trial Listing,T,False,False,False
2026-08-01,1358E,99900135837,JINRO CHAMISUL FRESH SOJU,CORDIALS,375 ML,375,32.0,,,,Bottle,1,20,6.8,136.0,0.54,0.0,Regular,R,False,False,False
2026-08-01,13594B,99901359475,ABSOLUT TABASCO,VODKA,750 ML,750,80.0,,,Sweden,Bottle,1,12,24.95,299.4,0.98,0.0,Trial Listing,T,False,False,False
2026-08-01,13594F,99901359405,ABSOLUT TABASCO,VODKA,50 ML,50,80.0,,,Sweden,Bottle,1,120,2.0,240.0,1.18,0.0,Trial Listing,T,False,False,False
2026-08-01,13595B,99901359575,MALIBU PINK,RUM,750 ML,750,42.0,,,Canada,Bottle,1,12,17.95,215.4,0.71,0.0,Trial Listing,T,False,False,False
2026-08-01,13595F,99901359505,MALIBU PINK,RUM,50 ML,50,42.0,,,Canada,Bottle,1,120,1.5,180.0,0.88,0.0,Trial Listing,T,False,False,False
2026-08-01,13596E,99901359637,MALIBU + DOLE RTD VARIETY 3-8PK,COCKTAILS,355 ML,355,9.0,,,Canada,Multi-Pack Can,8,3,19.95,59.85,1.57,0.0,Trial Listing,T,False,False,False
2026-08-01,13597B,99901359775,GREY GOOSE BERRY ROUGE,VODKA,750 ML,750,80.0,,,France,Bottle,1,6,24.95,149.7,0.98,0.0,Trial Listing,T,False,False,False
2026-08-01,13597F,99901359705,GREY GOOSE BERRY ROUGE,VODKA,50 ML,50,80.0,,,France,Bottle,1,144,2.0,288.0,1.18,0.0,One Time Buy,O,False,False,False
2026-08-01,13602E,99901360237,MINUTE MAID SPIKED VODKA LEMONADE VARIETY 3-8PKS,COCKTAILS,355 ML,355,10.0,,,United States,Can,8,3,17.95,53.85,1.41,0.0,Trial Listing,T,False,False,False
2026-08-01,13603E,99901360337,MINUTE MAID SPIKED VODKA PUNCH VARIETY 3-8PKS,COCKTAILS,355 ML,355,10.0,,,United States,Multi-Pack Can,8,3,17.95,53.85,1.41,0.0,Trial Listing,T,False,False,False
2026-08-01,13604B,99901360475,GRAN GALA VS COGNAC,BRANDY / COGNAC,750 ML,750,80.0,,,France,Bottle,1,12,17.95,215.4,0.71,0.0,Trial Listing,T,False,False,False
2026-08-01,13604F,99901360405,GRAN GALA VS COGNAC,BRANDY / COGNAC,50 ML,50,80.0,,,France,Bottle,1,120,1.5,180.0,0.88,0.0,Trial Listing,T,False,False,False
2026-08-01,13605A,99901360510,MIRROR LAKE VODKA,VODKA,LITER,1000,80.0,,,United States,Bottle,1,12,10.95,131.4,0.32,0.0,Trial Listing,T,False,False,False
2026-08-01,13605H,99901360517,MIRROR LAKE VODKA,VODKA,1.75 L,1750,80.0,,,United States,Bottle,1,6,17.95,107.7,0.3,0.0,Trial Listing,T,False,False,False
2026-08-01,13606A,99901360610,FLEISCHMANN'S RUM,RUM,LITER,1000,80.0,,,United States,Bottle,1,12,10.95,131.4,0.32,0.0,Trial Listing,T,False,False,False
2026-08-01,13608B,99901360875,JOHNNIE WALKER BLUE YEAR OF THE HORSE,SCOTCH,750 ML,750,92.0,,,Scotland,Bottle,1,4,244.95,979.8,9.64,0.0,One Time Buy,O,False,False,False
2026-08-01,1360B,99900136075,4 SPIRITS BOURBON WHISKEY (OREGON),DOMESTIC WHISKEY,750 ML,750,80.0,,,United States,Bottle,1,12,34.95,419.4,1.38,0.0,Regular,R,True,False,False
2026-08-01,13610E,99901361037,503 DISTILLING PEACH WHISKEY SMASH,COCKTAILS,355 ML,355,22.0,,,United States,Multi-Pack Can,4,6,14.95,89.7,1.18,0.0,Trial Listing,T,True,False,False
2026-08-01,13623B,99901362375,RUSSELL'S RESERVE PRIVATE BARREL,DOMESTIC WHISKEY,750 ML,750,110.0,,,United States,Bottle,1,6,79.95,479.7,3.15,0.0,Seasonal,B,False,False,False
2026-08-01,13633A,99901363310,SUNBREAK NEW WESTERN GIN,GIN,LITER,1000,86.0,,,United States,Bottle,1,12,16.95,203.4,0.5,0.0,Trial Listing,T,True,False,False
2026-08-01,13635B,99901363575,MOZART STRAWBERRY CREAM LIQUEUR,CORDIALS,750 ML,750,30.0,,,Austria,Bottle,1,6,19.95,119.7,0.79,0.0,One Time Buy,O,False,False,False
2026-08-01,13640A,99901364010,BULL RUN VODKA,VODKA,LITER,1000,80.0,,,United States,Bottle,1,12,10.95,131.4,0.32,0.0,Trial Listing,T,True,False,False
2026-08-01,13640H,99901364017,BULL RUN VODKA,VODKA,1.75 L,1750,80.0,,,United States,Bottle,1,6,17.95,107.7,0.3,0.0,Trial Listing,T,True,False,False
2026-08-01,13645B,99901364575,PENELOPE COOPER SERIES HAVANA BOURBON,DOMESTIC WHISKEY,750 ML,750,93.0,,,United States,Bottle,1,6,79.95,479.7,3.15,0.0,One Time Buy,O,False,False,False
2026-08-01,13648B,99901364875,ELIJAH CRAIG SMALL BATCH PGA 2026,DOMESTIC WHISKEY,750 ML,750,108.0,,,United States,Bottle,1,6,36.95,221.7,1.45,0.0,One Time Buy,O,False,False,False
2026-08-01,13649B,99901364975,UNCLE NEAREST TOASTED SINGLE BARREL PREMIUM WHISKE,DOMESTIC WHISKEY,750 ML,750,120.5,,,United States,Bottle,1,6,99.95,599.7,3.94,0.0,One Time Buy,O,False,False,False
2026-08-01,1364B,99900136475,OLMECA ALTOS PLATA 100% DE AGAVE TEQUILA,TEQUILA,750 ML,750,80.0,,,Mexico,Bottle,1,6,24.95,149.7,0.98,0.0,Regular,R,False,False,False
2026-08-01,1364E,99900136437,OLMECA ALTOS PLATA 100% DE AGAVE TEQUILA,TEQUILA,375 ML,375,80.0,,,Mexico,Bottle,1,12,14.95,179.4,1.18,0.0,Regular,R,False,False,False
2026-08-01,1364H,99900136417,OLMECA ALTOS PLATA 100% DE AGAVE TEQUILA,TEQUILA,1.75 L,1750,80.0,,,Mexico,Bottle,1,6,44.95,269.7,0.76,0.0,Regular,R,False,False,False
2026-08-01,13659B,99901365975,HENDRICK'S ANOTHER GIN,GIN,750 ML,750,88.0,,,Scotland,Bottle,1,6,39.95,239.7,1.57,5.0,Trial Listing,T,False,False,False
2026-08-01,1365B,99900136575,OLMECA ALTOS REPOSADO 100% DE AGAVE TEQ,TEQUILA,750 ML,750,80.0,,,Mexico,Bottle,1,6,26.95,161.7,1.06,2.0,Regular,R,False,False,False
2026-08-01,1365E,99900136537,OLMECA ALTOS REPOSADO 100% DE AGAVE TEQ,TEQUILA,375 ML,375,80.0,,,Mexico,Bottle,1,12,14.95,179.4,1.18,0.0,Regular,R,False,False,False
2026-08-01,1365H,99900136517,OLMECA ALTOS REPOSADO 100% DE AGAVE TEQ,TEQUILA,1.75 L,1750,80.0,,,Mexico,Bottle,1,6,46.95,281.7,0.79,0.0,Regular,R,False,False,False
2026-08-01,13660B,99901366075,MILAGRO REPOSADO TUMBLER VAP,TEQUILA,750 ML,750,80.0,,,Mexico,VAP,1,6,32.95,197.7,1.3,5.0,One Time Buy,O,False,False,False
2026-08-01,13661B,99901366175,MILAGRO SILVER TUMBLER VAP,TEQUILA,750 ML,750,80.0,,,Mexico,VAP,1,6,29.95,179.7,1.18,3.0,One Time Buy,O,False,False,False
2026-08-01,13662B,99901366275,TULLAMORE DEW IRISH WHISKEY VAP,IRISH,750 ML,750,80.0,,,Republic of Ireland,VAP,1,6,29.95,179.7,1.18,0.0,One Time Buy,O,False,False,False
2026-08-01,13664B,99901366475,WOOD FAMILY SPIRITS BENSON BOURBON,DOMESTIC WHISKEY,750 ML,750,92.0,,,United States,Bottle,1,12,89.95,1079.4,3.54,0.0,Trial Listing,T,True,False,False
2026-08-01,13667B,99901366775,STERN MAMA SPICED RUM,RUM,750 ML,750,80.0,,,United States,Bottle,1,6,42.0,252.0,1.65,0.0,Trial Listing,T,True,False,False
2026-08-01,13677B,99901367775,NEW AMSTERDAM VANILLA VODKA,VODKA,750 ML,750,70.0,,,United States,Bottle,1,12,11.95,143.4,0.47,0.0,Trial Listing,T,False,False,False
2026-08-01,13677F,99901367705,NEW AMSTERDAM VANILLA VODKA,VODKA,50 ML,50,70.0,,,United States,Bottle,1,120,1.5,180.0,0.88,0.0,Trial Listing,T,False,False,False
2026-08-01,13678I,99901367870,HIGH NOON ORIGINAL ICED TEA,COCKTAILS,355 ML,355,9.0,,,United States,Multi-Pack Can,4,12,5.45,65.4,0.23,0.0,Trial Listing,T,False,False,False
2026-08-01,13679E,99901367937,HIGH NOON TRANSFUSION 4-6,VODKA,355 ML,355,9.0,,,United States,Multi-Pack Can,4,4,14.95,59.8,1.18,0.0,Trial Listing,T,False,False,False
2026-08-01,13681B,99901368175,GLENMORANGIE 15YR LASANTA,WHISKEY,750 ML,750,86.0,,,Scotland,Bottle,1,6,69.95,419.7,2.75,0.0,Regular,R,False,False,False
2026-08-01,13682E,99901368237,LUCKY ONE SWEET TEA 6-4PK,COCKTAILS,355 ML,355,9.0,,,United States,Multi-Pack Can,4,6,10.95,65.7,0.86,0.0,Trial Listing,T,False,False,False
2026-08-01,13683E,99901368337,LUCKY ONE SWEET TEA HALF 7 HALF 6-4PK,COCKTAILS,355 ML,355,9.0,,,United States,Multi-Pack Can,4,6,10.95,65.7,0.86,0.0,Trial Listing,T,False,False,False
2026-08-01,13684E,99901368437,LUCKY ONE SWEET TEA VARIETY 3-8PKS,COCKTAILS,355 ML,355,9.0,,,United States,Multi-Pack Can,8,3,19.95,59.85,1.57,0.0,Trial Listing,T,False,False,False
2026-08-01,13699B,99901369975,FOUR ROSES S/B BOURBON OESF,DOMESTIC WHISKEY,750 ML,750,100.0,,,United States,Bottle,1,6,49.95,299.7,1.97,0.0,Seasonal,B,False,False,False
2026-08-01,13700B,99901370075,FOUR ROSES S/B BOURBON OESQ,DOMESTIC WHISKEY,750 ML,750,100.0,,,United States,Bottle,1,6,49.95,299.7,1.97,0.0,Seasonal,B,False,False,False
2026-08-01,13701B,99901370175,FOUR ROSES S/B BOURBON OBSK,DOMESTIC WHISKEY,750 ML,750,100.0,,,United States,Bottle,1,6,49.95,299.7,1.97,0.0,Seasonal,B,False,False,False
2026-08-01,13702B,99901370275,WILLETT 4YR BOURBON,DOMESTIC WHISKEY,750 ML,750,125.0,4 YRS,48,United States,Bottle,1,6,76.95,461.7,3.03,0.0,Trial Listing,T,False,False,False
2026-08-01,13703B,99901370375,KACHKA PERTSOVKA VODKA,VODKA,750 ML,750,80.0,,,United States,Bottle,1,12,29.95,359.4,1.18,0.0,Trial Listing,T,True,False,False
2026-08-01,13704E,99901370437,FRESCA MIXED GRAPEFRUIT CITRUS 6-4PKS,COCKTAILS,355 ML,355,10.0,,,United States,Multi-Pack Can,4,6,8.95,53.7,0.7,0.0,Trial Listing,T,False,False,False
2026-08-01,13705E,99901370537,FRESCA MIXED VARIETY PACK 3-8PKS,COCKTAILS,355 ML,355,10.0,,,United States,Multi-Pack Can,8,3,17.95,53.85,1.41,0.0,Trial Listing,T,False,False,False
2026-08-01,13706B,99901370675,AVIATION CRANBERRY & BLOOD ORANGE GIN,GIN,750 ML,750,80.0,,,United States,Bottle,1,6,29.95,179.7,1.18,5.0,Trial Listing,T,False,False,False
2026-08-01,13710B,99901371075,SVEDKA BLACKBERRY,VODKA,750 ML,750,70.0,,,Sweden,Bottle,1,12,10.95,131.4,0.43,0.0,Trial Listing,T,False,False,False
2026-08-01,13711B,99901371175,SVEDKA STRAWBERRY,VODKA,750 ML,750,70.0,,,Sweden,Bottle,1,12,10.95,131.4,0.43,0.0,Trial Listing,T,False,False,False
2026-08-01,13712E,99901371237,SVEDKA VODKA 100 PROOF,VODKA,375 ML,375,100.0,,,Sweden,Bottle,1,24,6.95,166.8,0.55,0.0,Trial Listing,T,False,False,False
2026-08-01,13713B,99901371375,FRIS VODKA 100 PROOF,VODKA,750 ML,750,100.0,,,Denmark,Bottle,1,12,10.95,131.4,0.43,0.0,Trial Listing,T,False,False,False
2026-08-01,13713H,99901371317,FRIS VODKA 100 PROOF,VODKA,1.75 L,1750,100.0,,,Denmark,Bottle,1,6,22.95,137.7,0.39,0.0,Trial Listing,T,False,False,False
2026-08-01,13714B,99901371475,SHEEP DOG PEANUT BUTTER AND JELLY WHISKEY,DOMESTIC WHISKEY,750 ML,750,60.0,,,United States,Bottle,1,12,13.95,167.4,0.55,-2.0,Trial Listing,T,False,False,False
2026-08-01,13714D,99901371420,SHEEP DOG PEANUT BUTTER AND JELLY WHISKEY,DOMESTIC WHISKEY,200 ML,200,60.0,,,United States,Bottle,1,12,8.95,107.4,1.32,0.0,Trial Listing,T,False,False,False
2026-08-01,13716I,99901371670,GRAN CENTENARIO 3 CASKS 3 NATIONS,TEQUILA,700 ML,700,80.0,,,Mexico,Bottle,1,6,33.95,203.7,1.43,0.0,One Time Buy,O,False,False,False
2026-08-01,13717B,99901371775,BULLEIT BOURBON MESQUITE SMOKED MALT,DOMESTIC WHISKEY,750 ML,750,93.0,,,United States,Bottle,1,12,42.95,515.4,1.69,-7.0,One Time Buy,O,False,False,False
2026-08-01,13718B,99901371875,RUMPLE MINZE CINNAMINT WHISKEY,OTHER IMPORTED WHISKY,750 ML,750,100.0,,,Germany,Bottle,1,12,17.95,215.4,0.71,0.0,Trial Listing,T,False,False,False
2026-08-01,13718F,99901371805,RUMPLE MINZE CINNAMINT WHISKEY,OTHER IMPORTED WHISKY,50 ML,50,100.0,,,Germany,Bottle,1,120,1.5,180.0,0.88,0.0,One Time Buy,O,False,False,False
2026-08-01,13719B,99901371975,JOHNNIE WALKER BLACK CASK,WHISKEY,750 ML,750,86.0,,,Scotland,Bottle,1,12,39.95,479.4,1.57,5.0,Trial Listing,T,False,False,False
2026-08-01,13721B,99901372175,ELIJAH CRAIG SINGLE BARREL 15YR,DOMESTIC WHISKEY,750 ML,750,108.0,15 YRS,180,United States,Bottle,1,3,149.95,449.85,5.9,0.0,One Time Buy,O,False,False,False
2026-08-01,13722D,99901372220,SVEDKA FLAVORED VODKA VARIETY 10-50ML PACK,VODKA,50 ML,50,70.0,,,Sweden,Multi-Pack Bottle,10,12,8.95,107.4,1.32,0.0,Trial Listing,T,False,False,False
2026-08-01,13723D,99901372320,SHANKY'S WHIP 10-20ML PK,CORDIALS,20 ML,20,66.0,,,Republic of Ireland,Multi-Pack Bottle,12,12,12.95,155.4,1.9,0.0,Trial Listing,T,False,False,False
2026-08-01,13734B,99901373475,GRAY WHALE VODKA,VODKA,750 ML,750,80.0,,,United States,Bottle,1,6,24.95,149.7,0.98,0.0,Trial Listing,T,False,False,False
2026-08-01,13735I,99901373570,TENJAKU GIN,GIN,700 ML,700,86.0,,,Japan,Bottle,1,6,26.95,161.7,1.14,0.0,Trial Listing,T,False,False,False
2026-08-01,13736E,99901373637,WILD ROOTS HUCKLEBERRY LEMONADE 6-4PKS,COCKTAILS,355 ML,355,26.0,,,United States,Multi-Pack Can,4,6,16.95,101.7,1.33,1.0,Trial Listing,T,True,False,False
2026-08-01,13737E,99901373737,WILD ROOTS LEMONADE COCKTAIL,COCKTAILS,375 ML,375,26.0,,,United States,Bottle,1,6,16.95,101.7,1.33,1.0,Trial Listing,T,True,False,False
2026-08-01,13750B,99901375075,WIDOW JANE TEQUILA OCHO CASK FINISH,DOMESTIC WHISKEY,750 ML,750,91.0,,,Mexico,Bottle,1,6,79.95,479.7,3.15,0.0,Seasonal,B,False,False,False
2026-08-01,13751B,99901375175,FREELAND SPIRITS PINK GIN,GIN,750 ML,750,92.0,,,United States,Bottle,1,6,39.95,239.7,1.57,3.0,Trial Listing,T,True,False,False
2026-08-01,13752E,99901375237,BULLEIT OLD FASHIONED 4-100ML PK,COCKTAILS,100 ML,100,75.0,,,United States,Multi-Pack Bottle,1,8,18.95,151.6,1.49,0.0,Trial Listing,T,False,False,False
2026-08-01,13753B,99901375375,DON JULIO 1942 FIFA WORLD CUP 2026,TEQUILA,750 ML,750,80.0,,,Mexico,Bottle,1,6,199.95,1199.7,7.87,0.0,One Time Buy,O,False,False,False
2026-08-01,13753F,99901375305,DON JULIO 1942 FIFA WORLD CUP 2026,TEQUILA,50 ML,50,80.0,,,Mexico,Bottle,1,60,12.75,765.0,7.5,0.0,One Time Buy,O,False,False,False
2026-08-01,13754B,99901375475,EVAN WILLIAMS BLACKBERRY,DOMESTIC WHISKEY,750 ML,750,65.0,,,United States,Bottle,1,12,14.95,179.4,0.59,0.0,Trial Listing,T,False,False,False
2026-08-01,13755B,99901375575,LAGAVULIN 12YR SPECIAL RELEASE,SCOTCH,750 ML,750,113.0,12 YRS,144,Scotland,Bottle,1,6,159.95,959.7,6.3,0.0,One Time Buy,O,False,False,False
2026-08-01,13757B,99901375775,BUCHANAN'S PINEAPPLE WITH FIFA WORLD CUP GLASS,CORDIALS,750 ML,750,70.0,,,United States,VAP,1,6,41.95,251.7,1.65,0.0,One Time Buy,O,False,False,False
2026-08-01,13758B,99901375875,CASAMIGOS SPICY MARGARITA RTS FIFA 2026,COCKTAILS,750 ML,750,41.0,,,Mexico,Bottle,1,12,22.95,275.4,0.9,0.0,Trial Listing,T,False,False,False
2026-08-01,13759B,99901375975,CASAMIGOS CLASSIC LIME MARGARITA RTS FIFA 2026,COCKTAILS,750 ML,750,41.0,,,Mexico,Bottle,1,12,22.95,275.4,0.9,0.0,Trial Listing,T,False,False,False
2026-08-01,13760B,99901376075,OLE SMOKY BLACKBERRY WHISKEY,DOMESTIC WHISKEY,750 ML,750,60.0,,,United States,Bottle,1,6,20.95,125.7,0.82,0.0,Trial Listing,T,False,False,False
2026-08-01,13761E,99901376137,GIN & JUICE BY DRE AND SNOOP ICED TEA AND LEMONADE,COCKTAILS,250 ML,250,11.8,,,United States,Multi-Pack Can,1,3,19.95,59.85,1.57,0.0,Trial Listing,T,False,False,False
2026-08-01,13770F,99901377005,BUCHANAN'S WORLD CUP VARIETY PACK,SCOTCH,50 ML,50,70.0,,,Scotland,Multi-Pack Bottle,1,32,11.75,376.0,6.91,0.0,One Time Buy,O,False,False,False
2026-08-01,13771E,99901377137,GIN & JUICE BY DRE & SNOOP TROPICAL PACK 3-8PK,COCKTAILS,250 ML,250,11.8,,,United States,Multi-Pack Can,8,3,19.95,59.85,1.57,0.0,Trial Listing,T,False,False,False
2026-08-01,13772B,99901377275,ASPEN VODKA,VODKA,750 ML,750,80.0,,,United States,Bottle,1,6,24.95,149.7,0.98,2.0,Trial Listing,T,False,False,False
2026-08-01,13773B,99901377375,NIKKA DAYS JAPANESE WHISKY,OTHER IMPORTED WHISKY,750 ML,750,86.0,,,Japan,Bottle,1,6,39.95,239.7,1.57,0.0,Trial Listing,T,False,False,False
2026-08-01,13774B,99901377475,EVAN WILLIAMS SINGLE BARREL 250TH ANNIVERSARY,DOMESTIC WHISKEY,750 ML,750,117.8,,,United States,Bottle,1,6,44.95,269.7,1.77,0.0,One Time Buy,O,False,False,False
2026-08-01,13779B,99901377975,BASIL HAYDEN GOLDEN RYE,DOMESTIC WHISKEY,750 ML,750,80.0,,,United States,Bottle,1,6,39.95,239.7,1.57,-3.0,Trial Listing,T,False,False,False
2026-08-01,13780B,99901378075,KNOB CREEK BLENDER'S EDITION,DOMESTIC WHISKEY,750 ML,750,106.0,,,United States,Bottle,1,6,44.95,269.7,1.77,0.0,Trial Listing,T,False,False,False
2026-08-01,13796B,99901379675,THE NORTHERN SALT ROAD BLOOD ORANGE GIN,GIN,750 ML,750,80.0,,,Italy,Bottle,1,6,43.0,258.0,1.69,0.0,Trial Listing,T,False,False,False
2026-08-01,13797B,99901379775,STELLA ROSA PISTACHIO,CORDIALS,750 ML,750,35.0,,,Italy,Bottle,1,6,34.95,209.7,1.38,0.0,Trial Listing,T,False,False,False
2026-08-01,13810E,99901381037,ABSOLUT MULE RTD,COCKTAILS,355 ML,355,14.0,,,Sweden,Multi-Pack Can,4,6,12.95,77.7,1.02,0.0,Trial Listing,T,False,False,False
2026-08-01,13811E,99901381137,CUTWATER BANANA MUDSLIDE 6-4PKS,COCKTAILS,355 ML,355,26.0,,,United States,Multi-Pack Can,4,6,12.95,77.7,1.02,0.0,Trial Listing,T,False,False,False
2026-08-01,1381B,99900138175,MR BOSTON TRIPLE SEC,CORDIALS,750 ML,750,30.0,,,United States,Bottle,1,12,4.4,52.8,0.17,0.0,Regular,R,False,False,False
2026-08-01,1381H,99900138117,MR BOSTON TRIPLE SEC,CORDIALS,1.75 L,1750,30.0,,,United States,Bottle,1,6,9.95,59.7,0.17,0.0,Trial Listing,T,False,False,False
2026-08-01,13834B,99901383475,ACRE LARGO BARREL AGED BLANCO,TEQUILA,750 ML,750,93.4,,,Mexico,Bottle,1,6,49.95,299.7,1.97,0.0,One Time Buy,O,False,False,False
2026-08-01,13835B,99901383575,ACRE LARGO CIEN FUERTE BLANCO,TEQUILA,750 ML,750,100.0,,,Mexico,Bottle,1,6,59.95,359.7,2.36,0.0,One Time Buy,O,False,False,False
2026-08-01,13836B,99901383675,ACRE LARGO ROSA - JOVEN,TEQUILA,750 ML,750,80.0,,,Mexico,Bottle,1,6,44.95,269.7,1.77,0.0,One Time Buy,O,False,False,False
2026-08-01,13837B,99901383775,FORTALEZA TEQUILA REPOSADO 2025 WINTER BLEND,TEQUILA,750 ML,750,92.0,,,Mexico,Bottle,1,6,181.3,1087.8,7.14,0.0,Seasonal,B,False,False,False
2026-08-01,13839B,99901383975,ROSE CITY DISTILLING HUCKLEBERRY VODKA,VODKA,750 ML,750,80.0,,,United States,Bottle,1,12,9.95,119.4,0.39,0.0,Trial Listing,T,True,False,False
2026-08-01,13859B,99901385975,RITTENHOUSE RYE WHYSKY 250TH COMMEMORATIVE ED.,DOMESTIC WHISKEY,750 ML,750,100.0,,,United States,Bottle,1,3,99.95,299.85,3.94,0.0,One Time Buy,O,False,False,False
2026-08-01,13867B,99901386775,JAGERMEISTER ORANGE LIQUEUR,CORDIALS,750 ML,750,66.0,,,Germany,Bottle,1,6,23.95,143.7,0.94,0.0,One Time Buy,O,False,False,False
2026-08-01,13871A,99901387110,WHISTLEPIG PIGGYBANK DECANTER RWB,DOMESTIC WHISKEY,LITER,1000,110.0,,,United States,Bottle,1,3,249.95,749.85,7.39,0.0,One Time Buy,O,False,False,False
2026-08-01,13872B,99901387275,WHISTLEPIG DECLARATION WHEAT,DOMESTIC WHISKEY,750 ML,750,86.0,,,United States,Bottle,1,6,69.95,419.7,2.75,0.0,One Time Buy,O,False,False,False
2026-08-01,13873B,99901387375,WILD ROOTS GRAPEFRUIT VODKA,VODKA,750 ML,750,70.0,,,United States,Bottle,1,12,29.95,359.4,1.18,3.0,Trial Listing,T,True,False,False
2026-08-01,13874B,99901387475,YELLOWSTONE 250TH ANNIVERSARY CELEBRATION S/B,DOMESTIC WHISKEY,750 ML,750,100.0,,,United States,Bottle,1,6,69.95,419.7,2.75,0.0,Seasonal,B,False,False,False
2026-08-01,13875B,99901387575,PENELOPE PROJECT X ARMAGINAC PRIVATE BARREL,DOMESTIC WHISKEY,750 ML,750,110.0,,,United States,Bottle,1,6,69.95,419.7,2.75,0.0,Seasonal,B,False,False,False
2026-08-01,13876B,99901387675,PENELOPE PROJECT X 1964 COGNAC PRIVATE BARREL,DOMESTIC WHISKEY,750 ML,750,111.0,,,United States,Bottle,1,6,69.95,419.7,2.75,0.0,Seasonal,B,False,False,False
2026-08-01,13877B,99901387775,PENELOPE PROJECT X CHERRYWOOD PRIVATE BARREL,DOMESTIC WHISKEY,750 ML,750,112.0,,,United States,Bottle,1,6,69.95,419.7,2.75,0.0,Seasonal,B,False,False,False
2026-08-01,13878B,99901387875,PENELOPE PROJECT X ST. CROIX DU MONT PRIVATE BARRE,DOMESTIC WHISKEY,750 ML,750,108.0,,,United States,Bottle,1,6,69.95,419.7,2.75,0.0,Seasonal,B,False,False,False
2026-08-01,13882B,99901388275,HARDER DAY DISTILLING FOUNDER'S RESERVE BLEND,DOMESTIC WHISKEY,750 ML,750,115.0,,,United States,Bottle,1,12,45.95,551.4,1.81,0.0,Trial Listing,T,True,False,False
2026-08-01,13892D,99901389220,APEROL SPRITZ RTS,CORDIALS,200 ML,200,9.0,,,Italy,Multi-Pack Bottle,4,6,14.95,89.7,2.2,0.0,Trial Listing,T,False,False,False
2026-08-01,13893E,99901389337,JOSE CUERVO AUTHENTIC MARGARITA DOUBLE STRENGTH,COCKTAILS,375 ML,375,20.0,,,Mexico,Bottle,1,12,7.95,95.4,0.63,0.0,Trial Listing,T,False,False,False
2026-08-01,13894E,99901389437,CRATER DOUBLE CRAN-BLOOD ORANGE RTD 6-4PKS,COCKTAILS,355 ML,355,20.0,,,United States,Multi-Pack Can,4,6,16.95,101.7,1.33,0.0,Trial Listing,T,True,False,False
2026-08-01,13895E,99901389537,CRATER DOUBLE NORTHWEST BERRY SPARKLE RTD 6-4PKS,COCKTAILS,355 ML,355,20.0,,,United States,Multi-Pack Can,4,6,16.95,101.7,1.33,0.0,Trial Listing,T,True,False,False
2026-08-01,13896E,99901389637,CRATER DOUBLE SPICY MARGARITA RTD 6-4PKS,COCKTAILS,355 ML,355,20.0,,,United States,Multi-Pack Can,4,6,16.95,101.7,1.33,0.0,Trial Listing,T,True,False,False
2026-08-01,13910B,99901391075,WOODINVILLE APPLEWOOD FINISHED STRAIGHT BOURBON 26,DOMESTIC WHISKEY,750 ML,750,100.0,,,United States,Bottle,1,6,39.95,239.7,1.57,0.0,Trial Listing,T,False,False,False
2026-08-01,13919E,99901391937,SUNBREAK APPLE BOURBON MULE,COCKTAILS,355 ML,355,16.0,,,United States,Multi-Pack Can,4,6,14.95,89.7,1.18,0.0,Trial Listing,T,True,False,False
2026-08-01,13920E,99901392037,SUNBREAK MARIONBERRY GIN FIZ,COCKTAILS,355 ML,355,20.0,,,United States,Multi-Pack Can,4,6,12.95,77.7,1.02,0.0,Trial Listing,T,True,False,False
2026-08-01,13921E,99901392137,SUNBREAK MOSCOW MULE,COCKTAILS,355 ML,355,20.0,,,United States,Multi-Pack Can,4,6,12.95,77.7,1.02,0.0,Trial Listing,T,True,False,False
2026-08-01,13923B,99901392375,GLENFIDDICH 14YR FATHER'S DAY VAP,SCOTCH,750 ML,750,86.0,,,Scotland,Bottle,1,6,69.95,419.7,2.75,10.0,Holiday,H,False,False,False
2026-08-01,13924B,99901392475,BALVENIE 12YR FATHER'S DAY VAP,SCOTCH,750 ML,750,86.0,,,Scotland,Bottle,1,6,74.95,449.7,2.95,10.0,One Time Buy,O,False,False,False
2026-08-01,13929E,99901392937,SALTY SIPS WATERMELON 6-4PKS,COCKTAILS,355 ML,355,10.0,,,United States,Multi-Pack Can,4,6,11.95,71.7,0.94,0.0,Trial Listing,T,True,False,False
2026-08-01,13930E,99901393037,CASAMIGOS FIFA VARIETY PACK,TEQUILA,375 ML,375,80.0,,,Mexico,Multi-Pack Bottle,3,6,42.95,257.7,3.38,0.0,One Time Buy,O,False,False,False
2026-08-01,13931E,99901393137,SVEDKA VODKA WATER VARIETY 3-8PK,COCKTAILS,355 ML,355,9.0,,,Sweden,Multi-Pack Can,8,3,17.95,53.85,1.41,0.0,Trial Listing,T,False,False,False
2026-08-01,13932A,99901393210,SAZERAC RYE 100 PROOF,DOMESTIC WHISKEY,LITER,1000,100.0,,,United States,Bottle,1,6,36.95,221.7,1.09,0.0,Trial Listing,T,False,False,False
2026-08-01,13934E,99901393437,SVEDKA VODKA WATER PINEAPPLE,COCKTAILS,355 ML,355,9.0,,,Sweden,Can,1,24,2.95,70.8,0.23,0.0,Trial Listing,T,False,False,False
2026-08-01,13935E,99901393537,SVEDKA VODKA WATER LIME,COCKTAILS,355 ML,355,9.0,,,Sweden,Can,1,24,2.95,70.8,0.23,0.0,Trial Listing,T,False,False,False
2026-08-01,13936E,99901393637,SVEDKA VODKA WATER STRAWBERRY,COCKTAILS,355 ML,355,9.0,,,Sweden,Can,1,24,2.95,70.8,0.23,0.0,Trial Listing,T,False,False,False
2026-08-01,13937E,99901393737,SVEDKA VODKA WATER PEACH,COCKTAILS,355 ML,355,9.0,,,Sweden,Can,1,24,2.95,70.8,0.23,0.0,Trial Listing,T,False,False,False
2026-08-01,13938E,99901393837,TITO'S HANDMADE VODKA 4-100ML PK,VODKA,375 ML,375,80.0,,,United States,Bottle,1,12,14.95,179.4,1.18,0.0,Trial Listing,T,False,False,False
2026-08-01,13940D,99901394020,THE BARKER COMPANY ESPRESSO MARTINI,COCKTAILS,200 ML,200,40.0,,,United States,Bottle,1,6,21.95,131.7,3.23,0.0,Trial Listing,T,False,False,False
2026-08-01,13941D,99901394120,THE BARKER COMPANY CAPPUCCINO MARTINI,COCKTAILS,200 ML,200,32.0,,,United States,Bottle,1,6,21.95,131.7,3.23,0.0,Trial Listing,T,False,False,False
2026-08-01,13957B,99901395775,EMPRESS 1908 ORIGINAL GIN,GIN,750 ML,750,85.0,,,Canada,Bottle,1,6,32.95,197.7,1.3,0.0,Trial Listing,T,False,False,False
2026-08-01,13958B,99901395875,JURA 12 YEAR,SCOTCH,750 ML,750,86.0,,,Scotland,Bottle,1,6,44.95,269.7,1.77,0.0,Trial Listing,T,False,False,False
2026-08-01,1395B,99900139575,FERRAND ORIGINAL 1840 FORMULA,BRANDY / COGNAC,750 ML,750,80.0,,,,Bottle,1,6,41.95,251.7,1.65,0.0,Regular,R,False,False,False
2026-08-01,1395I,99900139570,FERRAND ORIGINAL 1840 FORMULA,BRANDY / COGNAC,700 ML,700,80.0,,,France,Bottle,1,6,41.95,251.7,1.77,0.0,Regular,R,False,False,False
2026-08-01,13970B,99901397075,BELVEDERE ORGANIC F1,VODKA,750 ML,750,80.0,,,Poland,Bottle,1,6,29.95,179.7,1.18,0.0,One Time Buy,O,False,False,False
2026-08-01,13972B,99901397275,TRUMP VODKA THE GREAT AMERICAN SPIRIT,VODKA,750 ML,750,80.0,,,United States,Bottle,1,6,29.95,179.7,1.18,0.0,One Time Buy,O,False,False,False
2026-08-01,13973B,99901397375,LICOR 43 CARAMEL COOKIE,CORDIALS,750 ML,750,32.0,,,Spain,Bottle,1,6,29.95,179.7,1.18,0.0,Trial Listing,T,False,False,False
2026-08-01,13974E,99901397437,BETTY BOOZE EXTRA BOOZY VODKA ICED TEA & LEMONADE,COCKTAILS,355 ML,355,14.0,,,United States,Multi-Pack Can,1,3,19.95,59.85,1.57,0.0,Trial Listing,T,False,False,False
2026-08-01,13975E,99901397537,NUTRL FRUIT VARIETY 2-12PK,COCKTAILS,355 ML,355,12.5,,,United States,Multi-Pack Can,2,2,24.95,49.9,1.96,0.0,Trial Listing,T,False,False,False
2026-08-01,13976E,99901397637,NUTRL STRAWBERRY 6-4PK,COCKTAILS,355 ML,355,9.0,,,United States,Multi-Pack Can,4,6,12.95,77.7,1.02,0.0,Trial Listing,T,False,False,False
2026-08-01,13977E,99901397737,NUTRL PEACH 6-4PK,COCKTAILS,355 ML,355,9.0,,,United States,Multi-Pack Can,4,6,12.95,77.7,1.02,0.0,Trial Listing,T,False,False,False
2026-08-01,13978E,99901397837,SURFSIDE BLUEBERRY LEMONADE RTD 6-4PK,COCKTAILS,355 ML,355,9.0,,,United States,Multi-Pack Can,4,6,10.95,65.7,0.86,0.0,Trial Listing,T,False,False,False
2026-08-01,13979E,99901397937,SURFSIDE HALF & HALF VARIETY 3-8PK,COCKTAILS,355 ML,355,9.0,,,United States,Multi-Pack Can,8,3,19.95,59.85,1.57,0.0,Trial Listing,T,False,False,False
2026-08-01,13980B,99901398075,PENELOPE BARREL STRENGTH 7YR BOURBON,DOMESTIC WHISKEY,750 ML,750,115.2,7 YRS,84,United States,Bottle,1,6,49.95,299.7,1.97,-10.0,Regular,R,False,False,False
2026-08-01,13986E,99901398637,HENNESSY HENNY BERRY,COCKTAILS,375 ML,375,40.0,,,France,Bottle,1,12,15.95,191.4,1.26,0.0,Trial Listing,T,False,False,False
2026-08-01,13987E,99901398737,HENNESSY HENNY RITA,COCKTAILS,375 ML,375,36.0,,,France,Bottle,1,12,15.95,191.4,1.26,0.0,Trial Listing,T,False,False,False
2026-08-01,13988E,99901398837,HENNESSY HENNY TEA,COCKTAILS,375 ML,375,36.0,,,France,Bottle,1,12,15.95,191.4,1.26,0.0,Trial Listing,T,False,False,False
2026-08-01,13991B,99901399175,PATTY GREEN WHISKEY DISTILER PURPLE KARMA BAR,DOMESTIC WHISKEY,750 ML,750,100.0,,,United States,Bottle,1,12,125.0,1500.0,4.92,0.0,Trial Listing,T,True,False,False
2026-08-01,13992B,99901399275,PATTY GREEN WHISKEY DISTILLER LIGHTNING BARLEY,DOMESTIC WHISKEY,750 ML,750,100.0,,,United States,Bottle,1,12,75.0,900.0,2.95,0.0,Trial Listing,T,True,False,False
2026-08-01,13993B,99901399375,ADICTIVO REPOSADO TEQUILA GLOBE CERAMIC ED,TEQUILA,750 ML,750,40.0,,,Mexico,Bottle,1,6,79.95,479.7,3.15,0.0,One Time Buy,O,False,False,False
2026-08-01,14002B,99901400275,WOODFORD RESERVE DISTLLER SELECT WITH SPIRE CUP,DOMESTIC WHISKEY,750 ML,750,90.4,,,United States,VAP,1,6,39.95,239.7,1.57,5.0,One Time Buy,O,False,False,False
2026-08-01,14009B,99901400975,BRUICHLADDICH CLASSIC LADDIE 10YR,WHISKEY,750 ML,750,100.0,10 YRS,120,Scotland,Bottle,1,6,49.95,299.7,1.97,0.0,Seasonal,B,False,False,False
2026-08-01,1400B,99900140075,MONTEZUMA BLUE TEQUILA BLEND,CORDIALS,750 ML,750,80.0,,,,Bottle,1,12,8.95,107.4,0.35,0.0,Regular,R,False,False,False
2026-08-01,1400H,99900140017,MONTEZUMA BLUE TEQUILA BLEND,CORDIALS,1.75 L,1750,80.0,,,,Bottle,1,6,17.95,107.7,0.3,0.0,Regular,R,False,False,False
2026-08-01,1401H,99900140117,BAJA TEQUILA LIQUEUR,TEQUILA,1.75 L,1750,80.0,,,Mexico,Bottle,1,6,17.95,107.7,0.3,0.0,Regular,R,False,False,False
2026-08-01,14023B,99901402375,TRAVELLER FULL PROOF WHISKEY,DOMESTIC WHISKEY,750 ML,750,121.0,,,United States,Bottle,1,12,34.95,419.4,1.38,0.0,One Time Buy,O,False,False,False
2026-08-01,1402B,99900140275,TORTILLA GOLD DSS,TEQUILA,750 ML,750,80.0,,,Mexico,Bottle,1,12,8.95,107.4,0.35,0.0,Regular,R,False,False,False
2026-08-01,1402H,99900140217,TORTILLA GOLD DSS,TEQUILA,1.75 L,1750,80.0,,,Mexico,Bottle,1,6,17.95,107.7,0.3,0.0,Regular,R,False,False,False
2026-08-01,14032I,99901403270,HEAVEN HILL GRAIN TO GLASS 3RD ED. WHEATED BOURBON,DOMESTIC WHISKEY,700 ML,700,107.8,,,United States,Bottle,1,6,99.95,599.7,4.22,0.0,One Time Buy,O,False,False,False
2026-08-01,14044B,99901404475,PATRON SILVER W/REPLICA VESSELS VAP,TEQUILA,750 ML,750,80.0,,,Mexico,VAP,1,6,49.95,299.7,1.97,5.0,Seasonal,B,False,False,False
2026-08-01,14045B,99901404575,PATRON 100PF SILVER,TEQUILA,750 ML,750,100.0,,,Mexico,Bottle,1,6,54.95,329.7,2.16,0.0,Trial Listing,T,False,False,False
2026-08-01,14046B,99901404675,CORZO TEQUILA BLANCO,TEQUILA,750 ML,750,80.0,,,Mexico,Bottle,1,6,29.95,179.7,1.18,0.0,Trial Listing,T,False,False,False
2026-08-01,14050A,99901405010,CLONTARF CLASSIC BLEND IRISH WHISKEY,IRISH,LITER,1000,80.0,,,Republic of Ireland,Bottle,1,6,24.95,149.7,0.74,0.0,Trial Listing,T,False,False,False
2026-08-01,14066B,99901406675,PENELOPE STRAIGHT RYE WHISKEY CLASSIC,DOMESTIC WHISKEY,750 ML,750,92.0,6 YRS,72,United States,Bottle,1,6,34.95,209.7,1.38,0.0,Trial Listing,T,False,False,False
2026-08-01,14067B,99901406775,PENELOPE STRAIGHT BOURBON WHISKEY CLASSIC,DOMESTIC WHISKEY,750 ML,750,92.0,6 YRS,72,United States,Bottle,1,6,44.95,269.7,1.77,0.0,Trial Listing,T,False,False,False
2026-08-01,14068B,99901406875,PENELOPE RIVIERA CASK FINISH,DOMESTIC WHISKEY,750 ML,750,94.0,,,United States,Bottle,1,6,79.95,479.7,3.15,0.0,One Time Buy,O,False,False,False
2026-08-01,14069B,99901406975,HORNITOS ANEJO RESERVE,TEQUILA,750 ML,750,80.0,,,Mexico,Bottle,1,12,44.95,539.4,1.77,0.0,Trial Listing,T,False,False,False
2026-08-01,14089B,99901408975,SEAGRAM'S 7 CROWN APPLE PIE,DOMESTIC WHISKEY,750 ML,750,70.0,,,United States,Bottle,1,12,9.95,119.4,0.39,0.0,One Time Buy,O,False,False,False
2026-08-01,14090B,99901409075,ELMER T. LEE SBS,DOMESTIC WHISKEY,750 ML,750,90.0,,,United States,Bottle,1,12,94.95,1139.4,3.74,0.0,Seasonal,B,False,False,False
2026-08-01,14097A,99901409710,STRAIGHTAWAY BEE 4-10PKS,COCKTAILS,LITER,1000,50.0,,,United States,Bottle,10,4,42.0,168.0,1.24,0.0,Trial Listing,T,True,False,False
2026-08-01,14101A,99901410110,STRAIGHTAWAY BMG 4-10PKS,COCKTAILS,100 ML,100,40.0,,,United States,Multi-Pack Can,10,4,42.0,168.0,1.24,0.0,Trial Listing,T,True,False,False
2026-08-01,14102A,99901410210,STRAIGHTAWAY OOF 4-10PK,COCKTAILS,100 ML,100,80.0,,,United States,Multi-Pack Can,10,4,42.0,168.0,1.24,0.0,Trial Listing,T,True,False,False
2026-08-01,14108B,99901410875,OREGON BRAMBLEBERRY WHISKEY,DOMESTIC WHISKEY,750 ML,750,35.0,,,United States,Bottle,1,12,34.95,419.4,1.38,0.0,Trial Listing,T,True,False,False
2026-08-01,14109B,99901410975,LA CASA ESCAPAR BLANCO SISTERS RODEO,TEQUILA,750 ML,750,80.0,,,United States,Bottle,1,6,35.95,215.7,1.42,0.0,One Time Buy,O,False,False,False
2026-08-01,14114B,99901411475,PENELOPE BLACKBERRY OLD FASHIONED RTP,COCKTAILS,750 ML,750,76.0,,,United States,Bottle,1,6,29.95,179.7,1.18,0.0,Trial Listing,T,False,False,False
2026-08-01,14115B,99901411575,PEG LEG PORKER SPIRIT OF AMERICA BIB 2026,DOMESTIC WHISKEY,750 ML,750,100.0,,,United States,Bottle,1,6,59.95,359.7,2.36,0.0,One Time Buy,O,False,False,False
2026-08-01,14128A,99901412810,STRAIGHTAWAY MAI X 10 (4-10 PACKS),COCKTAILS,100 ML,100,50.0,,,United States,Multi-Pack Can,10,4,42.0,168.0,1.24,0.0,Trial Listing,T,True,False,False
2026-08-01,14129A,99901412910,STRAIGHTAWAY ESM X 10 (4-10 PACKS),COCKTAILS,100 ML,100,40.0,,,United States,Multi-Pack Can,10,4,42.0,168.0,1.24,0.0,Trial Listing,T,True,False,False
2026-08-01,1412B,99900141275,ARIA CLASSIC DRY GIN,GIN,750 ML,750,90.0,,,United States,Bottle,1,12,24.95,299.4,0.98,0.0,Regular,R,True,False,False
2026-08-01,1412H,99900141217,ARIA CLASSIC DRY GIN,GIN,1.75 L,1750,90.0,,,United States,Bottle,1,6,44.95,269.7,0.76,0.0,Regular,R,True,False,False
2026-08-01,14148B,99901414875,FIREFIGHTER'S RESERVE 343,DOMESTIC WHISKEY,750 ML,750,96.0,,,United States,Bottle,1,6,87.95,527.7,3.46,0.0,One Time Buy,O,True,False,False
2026-08-01,14149B,99901414975,EL TEQUILENO REPOSADO,TEQUILA,750 ML,750,80.0,,,Mexico,Bottle,1,12,22.95,275.4,0.9,-2.0,Trial Listing,T,False,False,False
2026-08-01,14150B,99901415075,EL TEQUILENO BLANCO,TEQUILA,750 ML,750,80.0,,,Mexico,Bottle,1,12,19.95,239.4,0.79,-2.0,Trial Listing,T,False,False,False
2026-08-01,14151I,99901415170,BLADNOCH 8YR SINGLE MALT SCOTCH,WHISKEY,700 ML,700,93.4,8 YRS,96,Scotland,Bottle,1,6,54.95,329.7,2.32,0.0,Trial Listing,T,False,False,False
2026-08-01,14168A,99901416810,BUZZBOX VODKA CRANBERRY 6-4PK,COCKTAILS,250 ML,250,24.0,,,United States,Multi-Pack Can,4,6,16.95,101.7,0.5,0.0,Trial Listing,T,False,False,False
2026-08-01,14169A,99901416910,BUZZBOX PERFECT MARGARITA 6-4PK,COCKTAILS,250 ML,250,24.0,,,United States,Multi-Pack Can,4,6,16.95,101.7,0.5,0.0,Trial Listing,T,False,False,False
2026-08-01,14170A,99901417010,BUZZBOX MARDI GRAS HURRICAN 6-4PK,COCKTAILS,250 ML,250,28.0,,,United States,Multi-Pack Can,4,6,16.95,101.7,0.5,0.0,Trial Listing,T,False,False,False
2026-08-01,14174E,99901417437,SUNBREAK PINEAPPLE PUNCH 6-4PK,COCKTAILS,355 ML,355,20.0,,,United States,Multi-Pack Can,4,6,12.95,77.7,1.02,0.0,Trial Listing,T,True,False,False
2026-08-01,14176B,99901417675,OREGON SPIRIT WHEAT BIB 5YR,DOMESTIC WHISKEY,750 ML,750,100.0,,,United States,Bottle,1,6,64.95,389.7,2.56,0.0,Trial Listing,T,True,False,False
2026-08-01,14177B,99901417775,OREGON SPIRIT BOURBON BIB 5YR,DOMESTIC WHISKEY,750 ML,750,100.0,5 YRS,60,United States,Bottle,1,6,64.95,389.7,2.56,0.0,Trial Listing,T,True,False,False
2026-08-01,14178B,99901417875,OREGON SPIRIT RYE BIB 5YR,DOMESTIC WHISKEY,750 ML,750,100.0,5 YRS,60,United States,Bottle,1,6,64.95,389.7,2.56,0.0,Trial Listing,T,True,False,False
2026-08-01,14179B,99901417975,OREGON SPIRIT WHEAT 5YR,DOMESTIC WHISKEY,750 ML,750,94.0,5 YRS,60,United States,Bottle,1,6,54.95,329.7,2.16,0.0,Trial Listing,T,True,False,False
2026-08-01,1417B,99900141775,HUE HUE COFFEE FLAVORED RUM,RUM,750 ML,750,70.0,,,United States,Bottle,1,12,29.95,359.4,1.18,5.0,Limited Listing,L,True,False,False
2026-08-01,14180B,99901418075,OREGON SPIRIT BOURBON 5YR,DOMESTIC WHISKEY,750 ML,750,94.0,5 YRS,60,United States,Bottle,1,6,54.95,329.7,2.16,0.0,Trial Listing,T,True,False,False
2026-08-01,14181B,99901418175,OREGON SPIRIT RYE 5YR,DOMESTIC WHISKEY,750 ML,750,90.0,5 YRS,60,United States,Bottle,1,6,54.95,329.7,2.16,0.0,Trial Listing,T,True,False,False
2026-08-01,14182B,99901418275,A. SMITH BOWMAN CASK STRENGTH 2026,DOMESTIC WHISKEY,750 ML,750,137.6,,,United States,Bottle,1,6,99.95,599.7,3.94,0.0,Seasonal,B,False,False,False
2026-08-01,14183I,99901418370,SARTI ROSA,CORDIALS,700 ML,700,22.0,,,Italy,Bottle,1,6,29.95,179.7,1.26,0.0,Trial Listing,T,False,False,False
2026-08-01,14188B,99901418875,CROWN ROYAL SALTED CARAMEL OLD FASHIONED,COCKTAILS,750 ML,750,60.0,,,Canada,Bottle,1,12,22.95,275.4,0.9,0.0,Holiday,H,False,False,False
2026-08-01,14189B,99901418975,FOUR ROSES S/B 2026 GIFT,DOMESTIC WHISKEY,750 ML,750,90.0,,,United States,VAP,1,6,36.95,221.7,1.45,0.0,Holiday,H,False,False,False
2026-08-01,1418B,99900141875,E.H. TAYLOR STRAIGHT RYE WHISKEY,DOMESTIC WHISKEY,750 ML,750,100.0,,,United States,Bottle,1,6,79.95,479.7,3.15,0.0,Seasonal,B,False,False,False
2026-08-01,14190B,99901419075,FREY RANCH W/TAPE MEASURE,DOMESTIC WHISKEY,750 ML,750,90.0,,,United States,VAP,1,6,44.95,269.7,1.77,-2.0,Holiday,H,False,False,False
2026-08-01,14191I,99901419170,NATTERJACK THE MISTAKE W/TOAD MUG,IRISH,700 ML,700,92.0,,,Republic of Ireland,VAP,1,6,39.95,239.7,1.69,0.0,Holiday,H,False,False,False
2026-08-01,14192B,99901419275,BROKEN TOP COFFEE BOURBON W/COFFEE & MUG,DOMESTIC WHISKEY,750 ML,750,80.0,,,United States,VAP,1,6,34.95,209.7,1.38,5.0,Holiday,H,True,False,False
2026-08-01,14193D,99901419320,OLE SMOKY CANDY CANE MOONSHINE,CORDIALS,200 ML,200,70.0,,,United States,VAP,1,9,14.95,134.55,2.2,0.0,Holiday,H,False,False,False
2026-08-01,14196B,99901419675,JUST RUM LENGA,RUM,750 ML,750,100.0,,,United States,Bottle,1,6,95.0,570.0,3.74,0.0,Trial Listing,T,True,True,False
2026-08-01,14197B,99901419775,JUST RUM SIMPLE WHITE 80 PROOF,RUM,750 ML,750,80.0,,,United States,Bottle,1,6,42.0,252.0,1.65,0.0,Trial Listing,T,True,True,False
2026-08-01,14200E,99901420037,CRYSTAL LIGHT VODKA REFERSHER VARIETY 3-8PK,COCKTAILS,355ml,355,7.6,,,United States,Multi-Pack Can,24,3,19.95,59.85,1.57,0.0,Trial Listing,T,False,True,False
2026-08-01,14201E,99901420137,-196 GREEN TEA VARIETY PACK 3-8PK,COCKTAILS,355ml,355,8.0,,,United States,Multi-Pack Can,24,3,19.95,59.85,1.57,0.0,Trial Listing,T,False,True,False
2026-08-01,14203B,99901420375,ARROW GIN,GIN,750 ML,750,80.0,,,United States,Bottle,1,12,8.95,107.4,0.35,0.0,Trial Listing,T,False,True,False
2026-08-01,14203H,99901420317,ARROW GIN,GIN,1.75 L,1750,80.0,,,United States,Bottle,1,6,17.95,107.7,0.3,0.0,Trial Listing,T,False,True,False
2026-08-01,14208D,99901420820,PATRON 4-50ML QUAD PACK,TEQUILA,50 ML,50,80.0,,,Mexico,Multi-Pack Bottle,4,6,19.95,119.7,2.93,0.0,Holiday,H,False,True,False
2026-08-01,14216B,99901421675,HERRADURA RESPOSADO W/MUG VAP,TEQUILA,750 ML,750,80.0,,,Mexico,VAP,1,6,56.95,341.7,2.24,4.0,Holiday,H,False,True,False
2026-08-01,14217B,99901421775,BAILEY'S CHOCOLATE ESPRESSO MARTINI,COCKTAILS,750ml,750,34.0,,,United States,Bottle,1,12,22.95,275.4,0.9,0.0,One Time Buy,O,False,True,False
2026-08-01,14218B,99901421875,INDRI TRINI GIFT PACK,WHISKEY,750 ML,750,92.0,,,India,VAP,1,6,64.95,389.7,2.56,0.0,Holiday,H,False,True,False
2026-08-01,14219B,99901421975,ST. BRENDAN'S HOLIDAY GIFT VAP,CORDIALS,750 ML,750,34.0,,,Republic of Ireland,VAP,1,6,14.95,89.7,0.59,-2.0,Holiday,H,False,True,False
2026-08-01,14220I,99901422070,SHANKY'S WHIP THE GOLDEN OSTRICH,IRISH,700 ML,700,66.0,,,Republic of Ireland,Bottle,1,6,39.95,239.7,1.69,0.0,Holiday,H,False,True,False
2026-08-01,14221D,99901422120,SKREWBALL PB&J 100MLX2 VAP,DOMESTIC WHISKEY,200 ML,200,70.0,,,United States,VAP,1,12,7.95,95.4,1.17,0.0,Holiday,H,False,True,False
2026-08-01,14225B,99901422575,RYAN'S IRISH CREAM W/COFFEE MUG,CORDIALS,750 ML,750,34.0,,,United States,VAP,1,6,11.95,71.7,0.47,2.0,Holiday,H,False,True,False
2026-08-01,14226B,99901422675,RYAN'S CREAM S'MORES,CORDIALS,750 ML,750,34.0,,,United States,Bottle,1,12,9.95,119.4,0.39,0.0,Holiday,H,False,True,False
2026-08-01,14226F,99901422605,RYAN'S CREAM S'MORES,CORDIALS,50 ML,50,34.0,,,United States,Bottle,1,120,1.5,180.0,0.88,0.0,Holiday,H,False,True,False
2026-08-01,14227B,99901422775,SVEDKA PEPPERMINT VODKA,VODKA,750 ML,750,70.0,,,Sweden,Bottle,1,12,10.95,131.4,0.43,0.0,Holiday,H,False,True,False
2026-08-01,14229B,99901422975,BALLOTIN CHOCOLATE TURTLE,CORDIALS,750 ML,750,60.0,,,United States,Bottle,1,6,27.95,167.7,1.1,0.0,Holiday,H,False,True,False
2026-08-01,14231B,99901423175,CALUMET FARM S/B VAP,DOMESTIC WHISKEY,750 ML,750,86.0,,,United States,VAP,1,3,64.95,194.85,2.56,-5.0,Holiday,H,False,True,False
2026-08-01,14232B,99901423275,CALUMET FARM BIB VAP,DOMESTIC WHISKEY,750 ML,750,100.0,,,United States,VAP,1,3,99.95,299.85,3.94,0.0,Holiday,H,False,True,False
2026-08-01,14233B,99901423375,CALUMET FARM 10YR VAP,DOMESTIC WHISKEY,750 ML,750,100.0,,,United States,VAP,1,3,79.95,239.85,3.15,0.0,Holiday,H,False,True,False
2026-08-01,14258E,99901425837,JACK DANIEL'S TENNESSEE BLACKBERRY LEMONADE 6-4PK,COCKTAILS,355ml,355,9.6,,,United States,Multi-Pack Can,20,6,12.95,77.7,1.02,0.0,Trial Listing,T,False,True,False
2026-08-01,1425B,99900142575,CAZADORES EXTRA ANEJO GOLD TEQUILA,TEQUILA,750 ML,750,80.0,,,Mexico,Bottle,1,6,62.95,377.7,2.48,0.0,Limited Listing,L,False,False,False
2026-08-01,14262B,99901426275,SUNSTONE BRANDY,BRANDY / COGNAC,750 ML,750,80.0,2 YRS,24,United States,Bottle,1,6,45.0,270.0,1.77,0.0,Trial Listing,T,True,True,False
2026-08-01,14269B,99901426975,AMARO MONTENEGRO VAP,CORDIALS,750 ML,750,46.0,,,Italy,VAP,1,6,44.95,269.7,1.77,0.0,Holiday,H,False,True,False
2026-08-01,14274B,99901427475,YAMHILL RYE,DOMESTIC WHISKEY,750 ML,750,90.0,,,United States,Bottle,1,12,39.5,474.0,1.56,0.0,Trial Listing,T,True,True,False
2026-08-01,14274F,99901427405,YAMHILL RYE,DOMESTIC WHISKEY,50 ML,50,90.0,,,United States,Bottle,1,96,5.0,480.0,2.94,0.0,Trial Listing,T,True,True,False
2026-08-01,14277B,99901427775,FIREBALL TORCH'D VANILLA,CANADIAN,750 ML,750,66.0,,,Canada,Bottle,1,12,15.95,191.4,0.63,0.0,One Time Buy,O,False,True,False
2026-08-01,14277D,99901427720,FIREBALL TORCH'D VANILLA,CANADIAN,200 ML,200,66.0,,,Canada,Bottle,1,48,3.95,189.6,0.58,0.0,One Time Buy,O,False,True,False
2026-08-01,14278E,99901427837,FIREBALL TORCH'D VANILLA 10-50ML PK,CANADIAN,50 ML,50,66.0,,,Canada,Multi-Pack Bottle,10,12,8.95,107.4,0.7,0.0,One Time Buy,O,False,True,False
2026-08-01,14283A,99901428310,ROSE CITY BLANCO TEQUILA,TEQUILA,LITER,1000,80.0,,,United States,Bottle,1,12,10.95,131.4,0.32,0.0,Trial Listing,T,True,True,False
2026-08-01,14283E,99901428337,ROSE CITY BLANCO TEQUILA,TEQUILA,375 ML,375,80.0,,,United States,Bottle,1,24,4.95,118.8,0.39,0.0,Trial Listing,T,True,True,False
2026-08-01,14283H,99901428317,ROSE CITY BLANCO TEQUILA,TEQUILA,1.75 L,1750,80.0,,,United States,Bottle,1,6,17.95,107.7,0.3,0.0,Trial Listing,T,True,True,False
2026-08-01,14289B,99901428975,PENELOPE ARCHITECTS OF GOLF #2 (HOLE 4-6),DOMESTIC WHISKEY,750 ML,750,94.0,,,United States,Bottle,1,6,59.95,359.7,2.36,0.0,One Time Buy,O,False,True,False
2026-08-01,1428B,99900142875,ION VODKA,VODKA,750 ML,750,80.0,,,United States,Bottle,1,6,27.9,167.4,1.1,0.0,Limited Listing,L,True,False,False
2026-08-01,14290B,99901429075,PENELOPE REPEAL RESERVE BOURBON X,DOMESTIC WHISKEY,750 ML,750,107.0,,,United States,Bottle,1,6,99.95,599.7,3.94,0.0,One Time Buy,O,False,True,False
2026-08-01,14291B,99901429175,PENELOPE CIGAR SESSIONS CHAPTER 2,DOMESTIC WHISKEY,750 ML,750,117.4,,,United States,Bottle,1,6,79.95,479.7,3.15,0.0,One Time Buy,O,False,True,False
2026-08-01,14296B,99901429675,BIG BOTTOM AMERICAN STRAIGHT BOURBON,DOMESTIC WHISKEY,750 ML,750,91.0,,,United States,Bottle,1,12,49.95,599.4,1.97,0.0,Trial Listing,T,True,True,False
2026-08-01,14301B,99901430175,DEKUYPER TRIPLE SEC LIGHT,CORDIALS,750 ML,750,30.0,,,Netherlands,Bottle,1,12,5.95,71.4,0.23,0.0,Trial Listing,T,False,True,False
2026-08-01,14322E,99901432237,SUN CRUISER BLUEBERRY LEMONADE 3-8 PACK CANS,COCKTAILS,375 ML,375,9.0,,,,Multi-Pack Can,0,3,19.95,59.85,1.57,0.0,Trial Listing,T,False,False,False
2026-08-01,14323E,99901432337,SUN CRUISER CLASSIC VODKA ICED TEA 3-8 PACK CANS,COCKTAILS,375 ML,375,9.0,,,,Multi-Pack Can,0,3,19.95,59.85,1.57,0.0,Trial Listing,T,False,False,False
2026-08-01,14324E,99901432437,SUN CRUISER CLASSIC VODKA ICED TEA 6-4 PACK CANS,COCKTAILS,375 ML,375,9.0,,,,Multi-Pack Can,0,6,10.95,65.7,0.86,0.0,Trial Listing,T,False,False,False
2026-08-01,14325E,99901432537,SUN CRUISER LEMONADE VARIETY 3-8 PACK CANS,COCKTAILS,375 ML,375,9.0,,,,Multi-Pack Can,0,3,19.95,59.85,1.57,0.0,Trial Listing,T,False,False,False
2026-08-01,14326E,99901432637,SUN CRUISER PINK LEMONADE 3-8 PACK CANS,COCKTAILS,375 ML,375,9.0,,,,Multi-Pack Can,0,3,19.95,59.85,1.57,0.0,Trial Listing,T,False,False,False
2026-08-01,14340B,99901434075,FOUR ROSES BOURBON 100 PROOF,DOMESTIC WHISKEY,750 ML,750,100.0,,,,Bottle,0,12,29.95,359.4,1.18,0.0,Trial Listing,T,False,False,False
2026-08-01,14345B,99901434575,PENELOPE ESTATE COLLECTION 10YR S/B SELECT,DOMESTIC WHISKEY,750 ML,750,112.0,,,,Bottle,0,3,79.95,239.85,3.15,0.0,Seasonal,B,False,False,False
2026-08-01,14351B,99901435175,YELLOWSTONE LIMITED EDITION 2026,DOMESTIC WHISKEY,750 ML,750,101.0,,,,Bottle,0,3,99.95,299.85,3.94,0.0,One Time Buy,O,False,False,False
2026-08-01,14352A,99901435210,KENTUCKY GENTLEMAN,DOMESTIC WHISKEY,LITER,1000,80.0,,,,Bottle,0,12,10.95,131.4,0.32,0.0,Trial Listing,T,False,False,False
2026-08-01,14353B,99901435375,SVEDKA PINEAPPLE,VODKA,750 ML,750,70.0,,,,Bottle,0,12,10.95,131.4,0.43,0.0,Trial Listing,T,False,False,False
2026-08-01,14354B,99901435475,SVEDKA BLUEBERRY VODKA,VODKA,750 ML,750,70.0,,,,Bottle,0,12,10.95,131.4,0.43,0.0,Trial Listing,T,False,False,False
2026-08-01,14355A,99901435510,SVEDKA HUCKLEBERRY,VODKA,LITER,1000,70.0,,,,Bottle,0,12,13.95,167.4,0.41,0.0,Trial Listing,T,False,False,False
2026-08-01,14356A,99901435610,SVEDKA CUCUMBER CODKA,VODKA,LITER,1000,70.0,,,,Bottle,0,12,13.95,167.4,0.41,0.0,Trial Listing,T,False,False,False
2026-08-01,14357E,99901435737,DIRTY SHIRLY VARIETY 3-8PKS,COCKTAILS,375 ML,375,11.8,,,,Multi-Pack Can,0,3,17.95,53.85,1.41,0.0,Trial Listing,T,False,False,False
2026-08-01,14358E,99901435837,MINUTE MAID SPIKED ICED TEA LEMONADE,COCKTAILS,375 ML,375,10.0,,,,Multi-Pack Can,0,3,17.95,53.85,1.41,0.0,Trial Listing,T,False,False,False
2026-08-01,14359D,99901435920,99 SOUR VARIETY PACK 12-10PK,COCKTAILS,200 ML,200,66.0,,,,Multi-Pack Bottle,0,12,9.95,119.4,1.46,0.0,Trial Listing,T,False,False,False
2026-08-01,14360E,99901436037,SIPMARGS VARIETY 3-8PK,COCKTAILS,375 ML,375,10.0,,,,Multi-Pack Can,0,3,17.95,53.85,1.41,0.0,Trial Listing,T,False,False,False
2026-08-01,14361B,99901436175,GLENMORE BOURBON 100PF,DOMESTIC WHISKEY,750 ML,750,100.0,,,,Bottle,0,12,19.95,239.4,0.79,0.0,Trial Listing,T,False,False,False
2026-08-01,14362B,99901436275,GLENMORE RYE 100PF,DOMESTIC WHISKEY,750 ML,750,100.0,,,,Bottle,0,12,19.95,239.4,0.79,0.0,Trial Listing,T,False,False,False
2026-08-01,14372E,99901437237,SIPMARGS CLASSIC 6-4PKS,COCKTAILS,375 ML,375,10.0,,,,Multi-Pack Can,0,6,8.95,53.7,0.7,0.0,Trial Listing,T,False,False,False
2026-08-01,14373A,99901437310,SVEDKA PEPPERMINTZ VODKA,VODKA,LITER,1000,100.0,,,,Bottle,0,12,13.95,167.4,0.41,0.0,Trial Listing,T,False,False,False
2026-08-01,14374D,99901437420,FIREBALL BLAZIN APPLE 4-50ML,CANADIAN,200 ML,200,66.0,,,,Multi-Pack Bottle,0,30,3.95,118.5,0.58,0.0,Trial Listing,T,False,False,False
2026-08-01,14376I,99901437670,GRANDMA GOLEC AND THE FORBIDDEN GIN,GIN,700 ML,700,90.0,,,,Bottle,0,6,33.0,198.0,1.39,0.0,Trial Listing,T,True,False,False
2026-08-01,14380B,99901438075,503 DISTILLING 3 SIRENS,DOMESTIC WHISKEY,750 ML,750,90.0,,,,Bottle,0,12,29.95,359.4,1.18,0.0,Trial Listing,T,True,False,False
2026-08-01,14387B,99901438775,CAZADORES PINEAPPLE,TEQUILA,750 ML,750,70.0,,,,Bottle,0,12,24.95,299.4,0.98,0.0,Trial Listing,T,False,False,False
2026-08-01,14388B,99901438875,TORABHAIG ALLT GLEANN S/M,SCOTCH,750 ML,750,92.0,,,,Bottle,0,6,44.95,269.7,1.77,0.0,Trial Listing,T,False,False,False
2026-08-01,14389E,99901438937,SUPER LYTE LEMON LIME (SINGLE CAN),COCKTAILS,375 ML,375,9.0,,,,Can,0,24,2.75,66.0,0.22,0.0,Trial Listing,T,False,False,False
2026-08-01,14390E,99901439037,SUPER LYTE VARIETY 3-8PK,COCKTAILS,375 ML,375,9.0,,,,Multi-Pack Can,0,3,19.95,59.85,1.57,0.0,Trial Listing,T,False,False,False
2026-08-01,1444B,99900144475,BULL RUN BARREL STRENGTH BRBN,DOMESTIC WHISKEY,750 ML,750,110.0,,,United States,Bottle,1,6,59.95,359.7,2.36,0.0,Limited Listing,L,True,False,False
2026-08-01,1450I,99900145070,MIDLETON BARRY CROCKETT LEGACY IRISH WHK,IRISH,700 ML,700,92.0,,,Republic of Ireland,Bottle,1,3,284.95,854.85,12.02,0.0,Seasonal,B,False,False,False
2026-08-01,1460B,99900146075,JOHN J BOWMAN VIRGINIA STRAIGHT BOURBON,DOMESTIC WHISKEY,750 ML,750,100.0,,,United States,Bottle,1,6,59.95,359.7,2.36,0.0,Seasonal,B,False,False,False
2026-08-01,1468B,99900146875,WESTWARD WHISKEY ORIGINAL,DOMESTIC WHISKEY,750 ML,750,90.0,,,United States,Bottle,1,6,59.95,359.7,2.36,0.0,Regular,R,True,False,False
2026-08-01,1470B,99900147075,UNION GIN,GIN,750 ML,750,88.0,,,United States,Bottle,1,12,23.95,287.4,0.94,0.0,Regular,R,True,False,False
2026-08-01,1470F,99900147005,UNION GIN,GIN,50 ML,50,88.0,,,United States,Bottle,1,49,4.0,196.0,2.35,0.0,One Time Buy,O,True,False,False
2026-08-01,1482B,99900148275,KINKY PINK LIQUEUR (VODKA BASE),CORDIALS,750 ML,750,34.0,,,,Bottle,1,6,13.95,83.7,0.55,-6.0,Regular,R,False,False,True
2026-08-01,1496H,99900149617,HIGH WEST BOURBON WHISKEY (AMERICAN PRAIRIE),DOMESTIC WHISKEY,1.75 L,1750,92.0,,,United States,Bottle,1,6,54.95,329.7,0.93,-5.0,Limited Listing,L,False,False,False
2026-08-01,1497B,99900149775,PINNACLE WHIPPED HOLIDAY VAP,VODKA,750 ML,750,70.0,,,France,VAP,1,6,12.95,77.7,0.51,0.0,Holiday,H,False,False,False
2026-08-01,1498B,99900149875,NEW AMSTERDAM PEACH VODKA,VODKA,750 ML,750,70.0,,,United States,Bottle,1,12,11.95,143.4,0.47,0.0,Regular,R,False,False,False
2026-08-01,1498H,99900149817,NEW AMSTERDAM PEACH VODKA,VODKA,1.75 L,1750,70.0,,,United States,Bottle,1,6,20.95,125.7,0.35,0.0,Regular,R,False,False,False
2026-08-01,1499B,99900149975,NEW AMSTERDAM RED BERRY VODKA,VODKA,750 ML,750,70.0,,,United States,Bottle,1,12,11.95,143.4,0.47,0.0,Regular,R,False,False,False
2026-08-01,1499H,99900149917,NEW AMSTERDAM RED BERRY VODKA,VODKA,1.75 L,1750,70.0,,,United States,Bottle,1,6,20.95,125.7,0.35,0.0,Regular,R,False,False,False
2026-08-01,1516B,99900151675,AMARO DI MONTENEGRO,CORDIALS,750 ML,750,46.0,,,,Bottle,1,6,44.95,269.7,1.77,0.0,Regular,R,False,False,False
2026-08-01,1517B,99900151775,CRATER LAKE SWEET GINGER VODKA,VODKA,750 ML,750,70.0,,,United States,Bottle,1,12,24.95,299.4,0.98,5.0,Regular,R,True,False,False
2026-08-01,1517E,99900151737,CRATER LAKE SWEET GINGER VODKA,VODKA,375 ML,375,70.0,,,United States,Bottle,1,12,6.95,83.4,0.55,0.0,Limited Listing,L,True,False,False
2026-08-01,1529B,99900152975,DRY FLY WASHINGTON BOURBON 101 WHISKEY,DOMESTIC WHISKEY,750 ML,750,101.0,,,United States,Bottle,1,6,39.95,239.7,1.57,0.0,One Time Buy,O,False,False,False
2026-08-01,1545B,99900154575,MIDNIGHT MOON BLACKBERRY,DOMESTIC WHISKEY,750 ML,750,70.0,,,United States,Bottle,1,6,19.95,119.7,0.79,0.0,Regular,R,False,False,False
2026-08-01,1559B,99900155975,MONTELOBOS MEZCAL TEQUILA WHITE,TEQUILA,750 ML,750,80.0,,,Mexico,Bottle,1,6,39.95,239.7,1.57,3.0,Regular,R,False,False,False
2026-08-01,1561B,99900156175,KOLOA SPICE RUM,RUM,750 ML,750,88.0,,,United States,Bottle,1,6,38.95,233.7,1.53,0.0,Limited Listing,L,False,False,False
2026-08-01,1562B,99900156275,W.L. WELLER 12YR KENTUCKY STRAIGHT BRBN,DOMESTIC WHISKEY,750 ML,750,90.0,12 YRS,144,United States,Bottle,1,12,49.95,599.4,1.97,0.0,Seasonal,B,False,False,False
2026-08-01,1573B,99900157375,HORNITOS LIME SHOT TEQUILA (WHITE),TEQUILA,750 ML,750,70.0,,,Mexico,Bottle,1,12,24.95,299.4,0.98,0.0,Regular,R,False,False,False
2026-08-01,1600B,99900160075,RUSSELLS RESERVE SINGLE BARREL BOURBON,DOMESTIC WHISKEY,750 ML,750,110.0,,,United States,Bottle,1,6,69.95,419.7,2.75,0.0,Regular,R,False,False,False
2026-08-01,1609B,99900160975,STONE BARN NOCINO,CORDIALS,750 ML,750,60.0,,,United States,Bottle,1,12,40.0,480.0,1.57,0.0,Limited Listing,L,True,False,False
2026-08-01,1609E,99900160937,STONE BARN NOCINO,CORDIALS,375 ML,375,60.0,,,United States,Bottle,1,12,25.0,300.0,1.97,0.0,Limited Listing,L,True,False,False
2026-08-01,1615B,99900161575,BIRD DOG PEACH FLAV WHISKEY,DOMESTIC WHISKEY,750 ML,750,80.0,,,United States,Bottle,1,6,18.95,113.7,0.75,-3.0,Regular,R,False,False,False
2026-08-01,1630B,99900163075,BULLEIT 10 YEAR KENTUCKY STRAIGHT BOURBN,DOMESTIC WHISKEY,750 ML,750,91.2,10 YRS,120,United States,Bottle,1,12,44.95,539.4,1.77,0.0,Regular,R,False,False,False
2026-08-01,1635B,99900163575,GEORGE DICKEL RYE WHISKY,DOMESTIC WHISKEY,750 ML,750,90.0,,,United States,Bottle,1,12,24.95,299.4,0.98,3.0,Regular,R,False,False,False
2026-08-01,1635H,99900163517,GEORGE DICKEL RYE WHISKY,DOMESTIC WHISKEY,1.75 L,1750,90.0,,,United States,Bottle,1,6,42.95,257.7,0.73,-3.0,Regular,R,False,False,False
2026-08-01,1657B,99900165775,HOCHSTADTER'S SLOW AND LOW,DOMESTIC WHISKEY,750 ML,750,84.0,,,United States,Bottle,1,6,24.95,149.7,0.98,0.0,Regular,R,False,False,False
2026-08-01,1663I,99900166370,IRIS LIQUEUR (RICETTA ORIGINALE),CORDIALS,700 ML,700,70.0,,,United States,Bottle,1,12,39.95,479.4,1.69,0.0,Trial Listing,T,True,False,False
2026-08-01,1664B,99900166475,SPARKLE DONKEY TEQUILA REPOSADO,TEQUILA,750 ML,750,80.0,,,Mexico,Bottle,1,6,42.95,257.7,1.69,0.0,Limited Listing,L,False,False,False
2026-08-01,1665B,99900166575,SPARKLE DONKEY TEQUILA SILVER,TEQUILA,750 ML,750,80.0,,,Mexico,Bottle,1,6,39.95,239.7,1.57,0.0,Limited Listing,L,False,False,False
2026-08-01,1669B,99900166975,PLANTERAY 3 STAR JAMAICA/BARBADOS/TRNDD,RUM,750 ML,750,82.4,,,Barbados,Bottle,1,6,23.95,143.7,0.94,0.0,Regular,R,False,False,False
2026-08-01,1669H,99900166917,PLANTERAY 3 STAR JAMAICA/BARBADOS/TRNDD,RUM,1.75 L,1750,82.4,,,Barbados,Bottle,1,6,44.95,269.7,0.76,0.0,Limited Listing,L,False,False,False
2026-08-01,1672B,99900167275,JAMES E PEPPER 1776 RYE,DOMESTIC WHISKEY,750 ML,750,100.0,,,United States,Bottle,1,6,34.95,209.7,1.38,0.0,Regular,R,False,False,False
2026-08-01,1687B,99900168775,MELETTI AMARO LIQUEUR (ITALY),CORDIALS,750 ML,750,64.0,,,Italy,Bottle,1,12,31.95,383.4,1.26,0.0,Limited Listing,L,False,False,False
2026-08-01,1696B,99900169675,ELIJAH CRAIG SMALL BATCH BARREL PROOF,DOMESTIC WHISKEY,750 ML,750,90.0,12 YRS,144,United States,Bottle,1,6,74.95,449.7,2.95,0.0,Seasonal,B,False,False,False
2026-08-01,1703B,99900170375,REDEMPTION BOURBON,DOMESTIC WHISKEY,750 ML,750,88.0,,,United States,Bottle,1,12,29.95,359.4,1.18,3.0,Regular,R,False,False,False
2026-08-01,1704B,99900170475,REDEMPTION RYE WHISKEY,DOMESTIC WHISKEY,750 ML,750,92.0,,,United States,Bottle,1,12,29.95,359.4,1.18,3.0,Regular,R,False,False,False
2026-08-01,1706H,99900170617,1800 ULTIMATE PINEAPPLE MARGARITA R-T-D,COCKTAILS,1.75 L,1750,19.9,,,Mexico,Bottle,1,6,20.95,125.7,0.35,2.0,Regular,R,False,False,False
2026-08-01,1708B,99900170875,PIKE CREEK CANADIAN WHISKEY,CANADIAN,750 ML,750,80.0,,,Canada,Bottle,1,6,29.95,179.7,1.18,0.0,Regular,R,False,False,False
2026-08-01,1713B,99900171375,BACARDI PINEAPPLE FUSION,RUM,750 ML,750,70.0,,,Puerto Rico,Bottle,1,12,14.95,179.4,0.59,-2.0,Regular,R,False,False,False
2026-08-01,1732B,99900173275,GHOST OWL SMALL BATCH WHISKY,DOMESTIC WHISKEY,750 ML,750,90.0,,,United States,Bottle,1,12,29.95,359.4,1.18,0.0,Regular,R,True,False,False
2026-08-01,1740B,99900174075,KIRK & SWEENEY RESERVA,RUM,750 ML,750,80.0,,,,Bottle,1,6,35.95,215.7,1.42,0.0,Limited Listing,L,False,False,False
2026-08-01,1745B,99900174575,DIPLOMATICO RESERVA EXCLUSIVA RUM,RUM,750 ML,750,80.0,,,,Bottle,1,6,39.95,239.7,1.57,0.0,Regular,R,False,False,False
2026-08-01,1764B,99900176475,BALVENIE 12YR SINGLE BARREL SINGLE MALT,SCOTCH,750 ML,750,86.0,12 YRS,144,Scotland,Bottle,1,6,99.95,599.7,3.94,10.0,Seasonal,B,False,False,False
2026-08-01,1776B,99900177675,TWENTY GRAND VODKA INFUSED WITH COGNAC,VODKA,750 ML,750,80.0,,,France,Bottle,1,6,19.95,119.7,0.79,-5.0,Regular,R,False,False,False
2026-08-01,1785B,99900178575,ANGEL'S ENVY RYE WHISKEY,DOMESTIC WHISKEY,750 ML,750,100.0,,,United States,Bottle,1,6,84.95,509.7,3.34,10.0,Seasonal,B,False,False,False
2026-08-01,1791B,99900179175,PELIGROSO REPOSADO,TEQUILA,750 ML,750,80.0,,,Mexico,Bottle,1,6,19.95,119.7,0.79,2.0,Regular,R,False,False,False
2026-08-01,1792B,99900179275,PELIGROSO BLANCO,TEQUILA,750 ML,750,84.0,,,Mexico,Bottle,1,6,19.95,119.7,0.79,2.0,Regular,R,False,False,False
2026-08-01,1798B,99900179875,4 SPIRITS NORTHWEST PREMIUM VODKA-OREGON,VODKA,750 ML,750,80.0,,,United States,Bottle,1,6,24.95,149.7,0.98,0.0,Limited Listing,L,True,False,False
2026-08-01,1812B,99900181275,OLE SMOKY MOONSHINE CHERRIES,DOMESTIC WHISKEY,750 ML,750,100.0,,,United States,Bottle,1,6,24.95,149.7,0.98,0.0,Trial Listing,T,False,False,False
2026-08-01,1813B,99900181375,CHILA ORCHATA CINNAMON CREAM RUM(RUM BS),CORDIALS,750 ML,750,27.5,,,,Bottle,1,12,16.95,203.4,0.67,2.0,Regular,R,False,False,False
2026-08-01,1884B,99900188475,2 GINGERS IRISH WHISKEY,IRISH,750 ML,750,80.0,,,Republic of Ireland,Bottle,1,12,19.95,239.4,0.79,0.0,Regular,R,False,False,False
2026-08-01,1889B,99900188975,JIM BEAM HONEY,DOMESTIC WHISKEY,750 ML,750,65.0,,,United States,Bottle,1,12,16.95,203.4,0.67,-1.0,Regular,R,False,False,False
2026-08-01,1891B,99900189175,EASTSIDE MARIONBERRY WHISKEY,DOMESTIC WHISKEY,750 ML,750,60.0,,,United States,Bottle,1,6,29.95,179.7,1.18,5.0,Regular,R,True,False,False
2026-08-01,1897B,99900189775,LAGAVULIN MALT SCOTCH 12 YR,SCOTCH,750 ML,750,112.2,12 YRS,144,Scotland,Bottle,1,6,144.95,869.7,5.71,0.0,Seasonal,B,False,False,False
2026-08-01,1902B,99900190275,E.H. TAYLOR SMALL BATCH STRAIGHT KENTCKY,DOMESTIC WHISKEY,750 ML,750,100.0,,,United States,Bottle,1,6,54.95,329.7,2.16,0.0,Seasonal,B,False,False,False
2026-08-01,1907B,99900190775,VIVACITY TURKISH COFFEE LIQUEUR (OREGON),CORDIALS,750 ML,750,50.0,,,United States,Bottle,1,12,36.0,432.0,1.42,0.0,Limited Listing,L,True,False,False
2026-08-01,1908B,99900190875,FORDS LONDON DRY DISTILLED GIN,GIN,750 ML,750,90.0,,,,Bottle,1,6,27.95,167.7,1.1,2.0,Regular,R,False,False,False
2026-08-01,1913B,99900191375,EL DORADO CASK AGED 8 YEAR DARK RUM,RUM,750 ML,750,80.0,8 YRS,96,,Bottle,1,12,37.95,455.4,1.49,0.0,Trial Listing,T,False,False,False
2026-08-01,1932B,99900193275,NEW AMSTERDAM COCONUT VODKA,VODKA,750 ML,750,70.0,,,United States,Bottle,1,12,11.95,143.4,0.47,0.0,Regular,R,False,False,False
2026-08-01,1935B,99900193575,JAMESON SELECT RESERVE IRISH WHISKEY,IRISH,750 ML,750,80.0,,,Republic of Ireland,Bottle,1,12,39.95,479.4,1.57,0.0,Regular,R,False,False,False
2026-08-01,1935E,99900193537,JAMESON SELECT RESERVE IRISH WHISKEY,IRISH,375 ML,375,80.0,,,Republic of Ireland,Bottle,1,12,19.95,239.4,1.57,0.0,Regular,R,False,False,False
2026-08-01,1960B,99900196075,FLEISCHMANN'S VODKA TRAVELER,VODKA,750 ML,750,80.0,,,United States,Bottle,1,12,8.95,107.4,0.35,0.0,Regular,R,False,False,False
2026-08-01,1961B,99900196175,WILD ROOTS RASPBERRY VODKA,VODKA,750 ML,750,70.0,,,United States,Bottle,1,12,29.95,359.4,1.18,3.0,Regular,R,True,False,False
2026-08-01,1976B,99900197675,CRATER LAKE RYE WHISKEY,DOMESTIC WHISKEY,750 ML,750,80.0,,,United States,Bottle,1,6,24.95,149.7,0.98,-3.0,Regular,R,True,False,False
2026-08-01,1976E,99900197637,CRATER LAKE RYE WHISKEY,DOMESTIC WHISKEY,375 ML,375,80.0,,,United States,Bottle,1,12,6.95,83.4,0.55,0.0,Limited Listing,L,True,False,False
2026-08-01,1981B,99900198175,PINNACLE VODKA W/3 50ML'S,VODKA,750 ML,750,80.0,,,France,VAP,1,6,9.95,59.7,0.39,0.0,Holiday,H,False,False,False
2026-08-01,2001B,99900200175,HENNESSY VSOP,BRANDY / COGNAC,750 ML,750,80.0,,,France,Bottle,1,12,59.95,719.4,2.36,5.0,Regular,R,False,False,False
2026-08-01,2001E,99900200137,HENNESSY VSOP,BRANDY / COGNAC,375 ML,375,80.0,,,France,Bottle,1,12,34.95,419.4,2.75,0.0,Limited Listing,L,False,False,False
2026-08-01,2003B,99900200375,MOUNT GAY ECLIPSE DARK,RUM,750 ML,750,80.0,,,,Bottle,1,12,19.95,239.4,0.79,0.0,Regular,R,False,False,False
2026-08-01,2004I,99900200470,METAXA SEVEN STAR GREEK SPECIALTY LIQUER,BRANDY / COGNAC,700 ML,700,80.0,,,,Bottle,1,12,28.95,347.4,1.22,0.0,Limited Listing,L,False,False,False
2026-08-01,2005B,99900200575,WILD TURKEY AMERICAN HONEY,DOMESTIC WHISKEY,750 ML,750,60.0,,,United States,Bottle,1,12,23.95,287.4,0.94,0.0,Regular,R,False,False,False
2026-08-01,2005H,99900200517,WILD TURKEY AMERICAN HONEY,DOMESTIC WHISKEY,1.75 L,1750,60.0,,,United States,Bottle,1,6,42.95,257.7,0.73,0.0,Limited Listing,L,False,False,False
2026-08-01,2008B,99900200875,RUMPLE MINZE PEPPERMINT SCHNAPPS,CORDIALS,750 ML,750,100.0,,,,Bottle,1,12,24.95,299.4,0.98,0.0,Regular,R,False,False,False
2026-08-01,2008E,99900200837,RUMPLE MINZE PEPPERMINT SCHNAPPS,CORDIALS,375 ML,375,100.0,,,,Bottle,1,12,13.95,167.4,1.1,0.0,Regular,R,False,False,False
2026-08-01,2008F,99900200805,RUMPLE MINZE PEPPERMINT SCHNAPPS,CORDIALS,50 ML,50,100.0,,,,Bottle,1,120,3.0,360.0,1.76,0.0,Regular,R,False,False,False
2026-08-01,2017B,99900201775,BOLS ORANGE,CORDIALS,750 ML,750,60.0,,,Netherlands,Bottle,1,12,10.95,131.4,0.43,0.0,Regular,R,False,False,False
2026-08-01,2018B,99900201875,COURVOISIER VSOP,BRANDY / COGNAC,750 ML,750,80.0,,,France,Bottle,1,12,44.95,539.4,1.77,0.0,Regular,R,False,False,False
2026-08-01,2019F,99900201905,CHAMBORD LIQUEUR ROYALE,CORDIALS,50 ML,50,33.0,,,,Bottle,1,72,3.0,216.0,1.76,0.0,Limited Listing,L,False,False,False
2026-08-01,2019I,99900201970,CHAMBORD LIQUEUR ROYALE,CORDIALS,700 ML,700,33.0,,,,Bottle,1,12,34.95,419.4,1.47,0.0,Regular,R,False,False,False
2026-08-01,2020B,99900202075,MONKEY SHOULDER BLENDED MALT SCOTCH WHSK,SCOTCH,750 ML,750,86.0,,,Scotland,Bottle,1,6,35.95,215.7,1.42,6.0,Regular,R,False,False,False
2026-08-01,2020H,99900202017,MONKEY SHOULDER BLENDED MALT SCOTCH WHSK,SCOTCH,1.75 L,1750,86.0,,,Scotland,Bottle,1,6,64.95,389.7,1.1,0.0,Regular,R,False,False,False
2026-08-01,2021A,99900202110,JAGERMEISTER,CORDIALS,LITER,1000,70.0,,,Germany,Bottle,1,12,33.95,407.4,1.0,0.0,Regular,R,False,False,False
2026-08-01,2021B,99900202175,JAGERMEISTER,CORDIALS,750 ML,750,70.0,,,Germany,Bottle,1,12,28.95,347.4,1.14,5.0,Regular,R,False,False,False
2026-08-01,2021D,99900202120,JAGERMEISTER,CORDIALS,200 ML,200,70.0,,,Germany,Bottle,1,48,9.95,477.6,1.46,0.0,Regular,R,False,False,False
2026-08-01,2021E,99900202137,JAGERMEISTER,CORDIALS,375 ML,375,70.0,,,Germany,Bottle,1,12,14.95,179.4,1.18,2.0,Regular,R,False,False,False
2026-08-01,2021F,99900202105,JAGERMEISTER,CORDIALS,50 ML,50,70.0,,,Germany,Bottle,1,120,3.0,360.0,1.76,0.0,Regular,R,False,False,False
2026-08-01,2021H,99900202117,JAGERMEISTER,CORDIALS,1.75 L,1750,70.0,,,Germany,Bottle,1,6,44.95,269.7,0.76,-4.0,Regular,R,False,False,False
2026-08-01,2026B,99900202675,ROMANA SAMBUCA,CORDIALS,750 ML,750,84.0,,,,Bottle,1,12,25.95,311.4,1.02,2.0,Regular,R,False,False,False
2026-08-01,2027B,99900202775,BRITISH NAVY PUSSER'S 84 PROOF RUM,RUM,750 ML,750,84.0,,,,Bottle,1,6,33.95,203.7,1.34,0.0,Regular,R,False,False,False
2026-08-01,2028B,99900202875,BOULARD CALVADOS GRAND SOLAGE (GR FINE),BRANDY / COGNAC,750 ML,750,80.0,,,,Bottle,1,6,44.95,269.7,1.77,0.0,Regular,R,False,False,False
2026-08-01,2029B,99900202975,CHERRY HEERING,CORDIALS,750 ML,750,48.0,,,,Bottle,1,6,31.95,191.7,1.26,4.0,Regular,R,False,False,False
2026-08-01,2031B,99900203175,SUNTORY MIDORI MELON,CORDIALS,750 ML,750,40.0,,,,Bottle,1,12,24.95,299.4,0.98,0.0,Regular,R,False,False,False
2026-08-01,2039B,99900203975,LAIRDS APPLEJACK,BRANDY / COGNAC,750 ML,750,80.0,4 YRS,48,,Bottle,1,12,22.95,275.4,0.9,0.0,Regular,R,False,False,False
2026-08-01,2041E,99900204137,CLEAR CREEK GRAPPA GRAPE BRANDY,BRANDY / COGNAC,375 ML,375,80.0,,,United States,Bottle,1,12,29.95,359.4,2.36,0.0,Limited Listing,L,True,False,False
2026-08-01,2043B,99900204375,KACHKA HORSERADISH VODKA,VODKA,750 ML,750,76.0,,,United States,Bottle,1,12,29.95,359.4,1.18,0.0,Limited Listing,L,True,False,False
2026-08-01,2044A,99900204410,KETEL ONE DUTCH VODKA,VODKA,LITER,1000,80.0,,,Netherlands,Bottle,1,12,29.95,359.4,0.89,0.0,Regular,R,False,False,False
2026-08-01,2044B,99900204475,KETEL ONE DUTCH VODKA,VODKA,750 ML,750,80.0,,,Netherlands,Bottle,1,12,26.95,323.4,1.06,4.0,Regular,R,False,False,False
2026-08-01,2044E,99900204437,KETEL ONE DUTCH VODKA,VODKA,375 ML,375,80.0,,,Netherlands,Bottle,1,12,12.45,149.4,0.98,0.0,Regular,R,False,False,False
2026-08-01,2044F,99900204405,KETEL ONE DUTCH VODKA,VODKA,50 ML,50,80.0,,,Netherlands,Bottle,1,120,2.75,330.0,1.62,0.0,Limited Listing,L,False,False,False
2026-08-01,2044H,99900204417,KETEL ONE DUTCH VODKA,VODKA,1.75 L,1750,80.0,,,Netherlands,Bottle,1,6,42.95,257.7,0.73,-6.0,Regular,R,False,False,False
2026-08-01,2046B,99900204675,THE GLENLIVET FRENCH OAK RESERVE 15 YEAR,SCOTCH,750 ML,750,80.0,15 YRS,180,Scotland,Bottle,1,6,89.95,539.7,3.54,10.0,Regular,R,False,False,False
2026-08-01,2048B,99900204875,MACALLAN SHERRY OAK 12 YEAR,SCOTCH,750 ML,750,86.0,12 YRS,144,Scotland,Bottle,1,12,99.95,1199.4,3.94,0.0,Regular,R,False,False,False
2026-08-01,2050B,99900205075,HENNESSY X O,BRANDY / COGNAC,750 ML,750,80.0,,,France,Bottle,1,12,189.95,2279.4,7.48,-10.0,Regular,R,False,False,False
2026-08-01,2050E,99900205037,HENNESSY X O,BRANDY / COGNAC,375 ML,375,80.0,,,France,Bottle,1,12,94.95,1139.4,7.48,-25.0,Limited Listing,L,False,False,False
2026-08-01,2050F,99900205005,HENNESSY X O,BRANDY / COGNAC,50 ML,50,80.0,,,France,Bottle,1,40,20.0,800.0,11.76,0.0,Seasonal,B,False,False,False
2026-08-01,2051B,99900205175,REMY MARTIN XO EXCELLENCE,BRANDY / COGNAC,750 ML,750,80.0,,,France,Bottle,1,12,199.95,2399.4,7.87,-15.0,Limited Listing,L,False,False,False
2026-08-01,2054B,99900205475,RHUM BARBANCOURT 3 STAR 4 YEAR OAK AGED,RUM,750 ML,750,86.0,,,,Bottle,1,12,25.85,310.2,1.02,0.0,Regular,R,False,False,False
2026-08-01,2066B,99900206675,BUSHMILLS BLACK,IRISH,750 ML,750,80.0,,,Republic of Ireland,Bottle,1,12,37.95,455.4,1.49,3.0,Regular,R,False,False,False
2026-08-01,2067B,99900206775,TULLAMORE DEW 12 YEAR IRISH WHISKEY,IRISH,750 ML,750,80.0,12 YRS,144,Republic of Ireland,Bottle,1,6,48.95,293.7,1.93,-6.0,Regular,R,False,False,False
2026-08-01,2068B,99900206875,BOLS ELDER FLOWER,CORDIALS,750 ML,750,48.0,,,Netherlands,Bottle,1,12,14.95,179.4,0.59,0.0,Limited Listing,L,False,False,False
2026-08-01,2069B,99900206975,HUSSONGS 100% REPOSADO TEQUILA,TEQUILA,750 ML,750,80.0,,,Mexico,Bottle,1,6,48.95,293.7,1.93,0.0,Regular,R,False,False,False
2026-08-01,2071B,99900207175,WHALERS RARE RESERVE FLAVORED RUM,RUM,750 ML,750,80.0,,,,Bottle,1,12,9.95,119.4,0.39,-1.0,Regular,R,False,False,False
2026-08-01,2076B,99900207675,ABSOLUT CITRON,VODKA,750 ML,750,80.0,,,Sweden,Bottle,1,12,24.95,299.4,0.98,5.0,Regular,R,False,False,False
2026-08-01,2076E,99900207637,ABSOLUT CITRON,VODKA,375 ML,375,80.0,,,Sweden,Bottle,1,24,12.95,310.8,1.02,0.0,Regular,R,False,False,False
2026-08-01,2076F,99900207605,ABSOLUT CITRON,VODKA,50 ML,50,80.0,,,Sweden,Bottle,1,120,2.5,300.0,1.47,0.0,Limited Listing,L,False,False,False
2026-08-01,2076H,99900207617,ABSOLUT CITRON,VODKA,1.75 L,1750,80.0,,,Sweden,Bottle,1,6,41.95,251.7,0.71,-5.0,Regular,R,False,False,False
2026-08-01,2078B,99900207875,ABSOLUT PEPPER,VODKA,750 ML,750,80.0,,,Sweden,Bottle,1,12,24.95,299.4,0.98,5.0,Regular,R,False,False,False
2026-08-01,2079B,99900207975,STOLICHNAYA CITROS,VODKA,750 ML,750,70.0,,,Latvia,Bottle,1,12,14.95,179.4,0.59,0.0,Regular,R,False,False,False
2026-08-01,2096B,99900209675,WHITE CHRISTMAS RUM & BRANDY LIQUEUR,CORDIALS,750 ML,750,60.0,,,,Bottle,1,12,16.95,203.4,0.67,0.0,Regular,R,False,False,False
2026-08-01,2098B,99900209875,SAUZA TRES GENERACIONES ANEJO GOLD TEQ,TEQUILA,750 ML,750,80.0,,,Mexico,Bottle,1,6,45.95,275.7,1.81,-4.0,Regular,R,False,False,False
2026-08-01,2099B,99900209975,SAUZA COMMEMORATIVO,TEQUILA,750 ML,750,80.0,,,Mexico,Bottle,1,12,19.95,239.4,0.79,-2.0,Regular,R,False,False,True
2026-08-01,2100B,99900210075,SAUZA TRES GENERACIONES PLATA WHITE,TEQUILA,750 ML,750,80.0,,,Mexico,Bottle,1,6,38.95,233.7,1.53,-4.0,Regular,R,False,False,False
2026-08-01,2101B,99900210175,SAUZA TRES GENERACIONES REPOSADO GLD TEQ,TEQUILA,750 ML,750,80.0,,,Mexico,Bottle,1,6,41.95,251.7,1.65,-5.0,Regular,R,False,False,False
2026-08-01,2108B,99900210875,MARASKA SLIVOVITZ PLUM,BRANDY / COGNAC,750 ML,750,80.0,8 YRS,96,,Bottle,1,6,26.95,161.7,1.06,0.0,Limited Listing,L,False,False,False
2026-08-01,2114A,99900211410,MAKER'S MARK,DOMESTIC WHISKEY,LITER,1000,90.0,,,United States,Bottle,1,12,34.95,419.4,1.03,3.0,Regular,R,False,False,False
2026-08-01,2114B,99900211475,MAKER'S MARK,DOMESTIC WHISKEY,750 ML,750,90.0,,,United States,Bottle,1,12,32.95,395.4,1.3,5.0,Regular,R,False,False,False
2026-08-01,2114D,99900211420,MAKER'S MARK,DOMESTIC WHISKEY,200 ML,200,90.0,,,United States,Bottle,1,24,9.95,238.8,1.46,0.0,Regular,R,False,False,False
2026-08-01,2114E,99900211437,MAKER'S MARK,DOMESTIC WHISKEY,375 ML,375,90.0,,,United States,Bottle,1,12,14.95,179.4,1.18,0.0,Regular,R,False,False,False
2026-08-01,2114H,99900211417,MAKER'S MARK,DOMESTIC WHISKEY,1.75 L,1750,90.0,,,United States,Bottle,1,6,54.95,329.7,0.93,-5.0,Regular,R,False,False,False
2026-08-01,2115B,99900211575,BOOKERS,DOMESTIC WHISKEY,750 ML,750,124.6,8 YRS,96,United States,Bottle,1,6,99.95,599.7,3.94,10.0,Seasonal,B,False,False,False
2026-08-01,2116B,99900211675,CALUMET FARM BOURBON WHISKEY,DOMESTIC WHISKEY,750 ML,750,86.0,,,United States,Bottle,1,6,64.95,389.7,2.56,-5.0,Regular,R,False,False,False
2026-08-01,2123B,99900212375,CASAMIGOS REPOSADO TEQUILA,TEQUILA,750 ML,750,80.0,,,Mexico,Bottle,1,6,44.95,269.7,1.77,0.0,Regular,R,False,False,False
2026-08-01,2123E,99900212337,CASAMIGOS REPOSADO TEQUILA,TEQUILA,375 ML,375,80.0,,,Mexico,Bottle,1,12,24.95,299.4,1.96,0.0,Limited Listing,L,False,False,False
2026-08-01,2123F,99900212305,CASAMIGOS REPOSADO TEQUILA,TEQUILA,50 ML,50,80.0,,,Mexico,Bottle,1,60,5.5,330.0,3.24,0.0,Regular,R,False,False,False
2026-08-01,2123H,99900212317,CASAMIGOS REPOSADO TEQUILA,TEQUILA,1.75 L,1750,80.0,,,Mexico,Bottle,1,3,94.95,284.85,1.6,-5.0,Regular,R,False,False,False
2026-08-01,2125B,99900212575,HERRADURA REPOSADO,TEQUILA,750 ML,750,80.0,,,Mexico,Bottle,1,6,56.95,341.7,2.24,4.0,Regular,R,False,False,False
2026-08-01,2126B,99900212675,HERRADURA SILVER,TEQUILA,750 ML,750,80.0,,,Mexico,Bottle,1,6,51.95,311.7,2.05,4.0,Regular,R,False,False,False
2026-08-01,2126H,99900212617,HERRADURA SILVER,TEQUILA,1.75 L,1750,80.0,,,Mexico,Bottle,1,3,99.95,299.85,1.69,0.0,Limited Listing,L,False,False,False
2026-08-01,2132B,99900213275,LAPHROAIG 10 YR SINGLE MALT,SCOTCH,750 ML,750,86.0,10 YRS,120,Scotland,Bottle,1,12,61.95,743.4,2.44,0.0,Regular,R,False,False,False
2026-08-01,2134B,99900213475,BOLS BLUE,CORDIALS,750 ML,750,60.0,,,Netherlands,Bottle,1,12,10.95,131.4,0.43,0.0,Regular,R,False,False,False
2026-08-01,2147B,99900214775,DALMORE SINGLE MALT SCOTCH 12 YEAR,SCOTCH,750 ML,750,86.0,12 YRS,144,Scotland,Bottle,1,6,79.95,479.7,3.15,5.0,Regular,R,False,False,False
2026-08-01,2155B,99900215575,WILD ROOTS MARIONBERRY VODKA,VODKA,750 ML,750,70.0,,,United States,Bottle,1,12,29.95,359.4,1.18,3.0,Regular,R,True,False,False
2026-08-01,2156B,99900215675,BARENJAGER HONEY LIQUEUR,CORDIALS,750 ML,750,70.0,,,Germany,Bottle,1,6,29.95,179.7,1.18,0.0,Regular,R,False,False,False
2026-08-01,2157B,99900215775,WILD TURKEY RARE BREED,DOMESTIC WHISKEY,750 ML,750,116.8,,,United States,Bottle,1,6,49.95,299.7,1.97,-3.0,Regular,R,False,False,False
2026-08-01,2160B,99900216075,EAGLE RARE SINGLE BARREL 10 YEAR BOURBON,DOMESTIC WHISKEY,750 ML,750,90.0,10 YRS,120,United States,Bottle,1,6,44.95,269.7,1.77,0.0,Regular,R,False,False,False
2026-08-01,2160H,99900216017,EAGLE RARE SINGLE BARREL 10 YEAR BOURBON,DOMESTIC WHISKEY,1.75 L,1750,90.0,10 YRS,120,United States,Bottle,1,3,84.95,254.85,1.43,0.0,Seasonal,B,False,False,False
2026-08-01,2162B,99900216275,BAKER'S STRAIGHT 7 YEAR BOURBON,DOMESTIC WHISKEY,750 ML,750,107.0,7 YRS,84,United States,Bottle,1,6,64.95,389.7,2.56,5.0,Regular,R,False,False,False
2026-08-01,2163B,99900216375,KNOB CREEK STRAIGHT BOURBON,DOMESTIC WHISKEY,750 ML,750,100.0,9 YRS,108,United States,Bottle,1,6,38.95,233.7,1.53,0.0,Regular,R,False,False,False
2026-08-01,2163E,99900216337,KNOB CREEK STRAIGHT BOURBON,DOMESTIC WHISKEY,375 ML,375,100.0,9 YRS,108,United States,Bottle,1,12,21.95,263.4,1.73,0.0,Regular,R,False,False,False
2026-08-01,2163H,99900216317,KNOB CREEK STRAIGHT BOURBON,DOMESTIC WHISKEY,1.75 L,1750,100.0,9 YRS,108,United States,Bottle,1,6,61.95,371.7,1.05,-6.0,Regular,R,False,False,False
2026-08-01,2164B,99900216475,BASIL HAYDEN'S STRAIGHT BOURBON,DOMESTIC WHISKEY,750 ML,750,80.0,,,United States,Bottle,1,12,39.95,479.4,1.57,-3.0,Regular,R,False,False,False
2026-08-01,2164E,99900216437,BASIL HAYDEN'S STRAIGHT BOURBON,DOMESTIC WHISKEY,375 ML,375,80.0,,,United States,Bottle,1,12,26.95,323.4,2.12,3.0,Regular,R,False,False,False
2026-08-01,2164H,99900216417,BASIL HAYDEN'S STRAIGHT BOURBON,DOMESTIC WHISKEY,1.75 L,1750,80.0,,,United States,Bottle,1,6,89.95,539.7,1.52,10.0,Regular,R,False,False,False
2026-08-01,2165B,99900216575,WILD TURKEY KENTUCKY SPIRIT SINGLE BARRL,DOMESTIC WHISKEY,750 ML,750,101.0,,,United States,Bottle,1,6,59.95,359.7,2.36,0.0,Limited Listing,L,False,False,False
2026-08-01,2169B,99900216975,JACK DANIEL'S SINGLE BARREL,DOMESTIC WHISKEY,750 ML,750,94.0,,,United States,Bottle,1,6,46.95,281.7,1.85,-6.0,Regular,R,False,False,False
2026-08-01,2170B,99900217075,BLANTON'S KENTUCKY SINGLE BARREL BOURBON,DOMESTIC WHISKEY,750 ML,750,93.0,,,United States,Bottle,1,6,82.95,497.7,3.27,1.0,Regular,R,False,False,False
2026-08-01,2182B,99900218275,CANADIAN HUNTER RYE,CANADIAN,750 ML,750,90.0,,,Canada,Bottle,1,12,10.95,131.4,0.43,1.0,Regular,R,False,False,False
2026-08-01,2185B,99900218575,TALISKER STORM SINGLE MALT SCOTCH WHISKY,SCOTCH,750 ML,750,91.6,,,Scotland,Bottle,1,6,63.95,383.7,2.52,0.0,Regular,R,False,False,False
2026-08-01,2186B,99900218675,CROWN ROYAL XO,CANADIAN,750 ML,750,80.0,,,Canada,Bottle,1,12,49.95,599.4,1.97,0.0,Limited Listing,L,False,False,False
2026-08-01,2187B,99900218775,JOHNNIE WALKER GOLD RES. LTD,SCOTCH,750 ML,750,80.0,,,Scotland,Bottle,1,6,69.95,419.7,2.75,0.0,Regular,R,False,False,False
2026-08-01,2193B,99900219375,BARBAROSSA SILVER RUM,RUM,750 ML,750,80.0,,,,Bottle,1,12,8.95,107.4,0.35,0.0,Regular,R,False,False,False
2026-08-01,2193H,99900219317,BARBAROSSA SILVER RUM,RUM,1.75 L,1750,80.0,,,,Bottle,1,6,17.95,107.7,0.3,0.0,Regular,R,False,False,False
2026-08-01,2203B,99900220375,BOWMAN BROTHERS WHISKEY,DOMESTIC WHISKEY,750 ML,750,90.0,,,United States,Bottle,1,6,35.95,215.7,1.42,0.0,Seasonal,B,False,False,False
2026-08-01,2204B,99900220475,BUCHANAN DELUXE  SCOTCH,SCOTCH,750 ML,750,80.0,12 YRS,144,Scotland,Bottle,1,12,41.95,503.4,1.65,5.0,Regular,R,False,False,False
2026-08-01,2204H,99900220417,BUCHANAN DELUXE  SCOTCH,SCOTCH,1.75 L,1750,80.0,12 YRS,144,Scotland,Bottle,1,6,69.95,419.7,1.18,0.0,Regular,R,False,False,False
2026-08-01,2209B,99900220975,JOHNNIE WALKER BLUE,SCOTCH,750 ML,750,80.0,,,Scotland,Bottle,1,6,219.95,1319.7,8.66,0.0,Regular,R,False,False,False
2026-08-01,2209F,99900220905,JOHNNIE WALKER BLUE,SCOTCH,50 ML,50,80.0,,,Scotland,Bottle,1,36,15.0,540.0,8.82,0.0,Seasonal,B,False,False,False
2026-08-01,2210B,99900221075,GLENKINCHIE 12 YEAR,SCOTCH,750 ML,750,86.0,12 YRS,144,Scotland,Bottle,1,12,71.95,863.4,2.83,0.0,Seasonal,B,False,False,False
2026-08-01,2211B,99900221175,HIGHLAND PARK 12YR VIKING HONOUR,SCOTCH,750 ML,750,86.0,12 YRS,144,Scotland,Bottle,1,6,59.95,359.7,2.36,0.0,Regular,R,False,False,False
2026-08-01,2212B,99900221275,LAPHROAIG 15 YEAR,SCOTCH,750 ML,750,86.0,15 YRS,180,Scotland,Bottle,1,6,112.95,677.7,4.45,0.0,Seasonal,B,False,False,False
2026-08-01,2213B,99900221375,APPLETON ESTATE RARE BLEND 12 YEAR,RUM,750 ML,750,86.0,12 YRS,144,,Bottle,1,6,44.95,269.7,1.77,0.0,Regular,R,False,False,False
2026-08-01,2215B,99900221575,ASBACH URALT GERMAN,BRANDY / COGNAC,750 ML,750,80.0,,,,Bottle,1,6,32.45,194.7,1.28,0.0,Limited Listing,L,False,False,False
2026-08-01,2217B,99900221775,GOSLING BLACK SEAL 80 PROOF,RUM,750 ML,750,80.0,,,,Bottle,1,12,18.95,227.4,0.75,-3.0,Regular,R,False,False,True
2026-08-01,2217H,99900221717,GOSLING BLACK SEAL 80 PROOF,RUM,1.75 L,1750,80.0,,,,Bottle,1,6,34.95,209.7,0.59,-3.0,Limited Listing,L,False,False,False
2026-08-01,2218B,99900221875,GRAN GALA ORANGE LIQUEUR,CORDIALS,750 ML,750,80.0,,,,Bottle,1,12,17.95,215.4,0.71,0.0,Regular,R,False,False,False
2026-08-01,2218H,99900221817,GRAN GALA ORANGE LIQUEUR,CORDIALS,1.75 L,1750,80.0,,,,Bottle,1,6,38.95,233.7,0.66,0.0,Regular,R,False,False,False
2026-08-01,2219B,99900221975,CORRALEJO ANEJO GOLD TEQUILA,TEQUILA,750 ML,750,80.0,,,Mexico,Bottle,1,6,42.95,257.7,1.69,-5.0,Regular,R,False,False,False
2026-08-01,2228B,99900222875,CRUZAN ESTATE DIAMOND DARK,RUM,750 ML,750,80.0,,,U.S Virgin Islands,Bottle,1,6,19.95,119.7,0.79,3.0,Regular,R,False,False,False
2026-08-01,2261B,99900226175,BLUE CHAIR BAY COCONUT RUM,RUM,750 ML,750,53.0,,,,Bottle,1,12,17.95,215.4,0.71,-2.0,Regular,R,False,False,True
2026-08-01,2282B,99900228275,CAPTAIN MORGAN WHITE RUM,RUM,750 ML,750,80.0,,,Puerto Rico,Bottle,1,12,14.95,179.4,0.59,2.0,Regular,R,False,False,False
2026-08-01,2296B,99900229675,ROLLING RIVER SPIRITS VODKA,VODKA,750 ML,750,80.0,,,United States,Bottle,1,12,21.95,263.4,0.86,0.0,Limited Listing,L,True,False,False
2026-08-01,2300B,99900230075,LUNAZUL CRISTALINO TEQUILA,TEQUILA,750 ML,750,80.0,,,Mexico,Bottle,1,6,29.95,179.7,1.18,0.0,Regular,R,False,False,True
2026-08-01,2301B,99900230175,CASAMIGOS BLANCO TEQUILA,TEQUILA,750 ML,750,80.0,,,Mexico,Bottle,1,6,39.95,239.7,1.57,0.0,Regular,R,False,False,False
2026-08-01,2301E,99900230137,CASAMIGOS BLANCO TEQUILA,TEQUILA,375 ML,375,80.0,,,Mexico,Bottle,1,12,21.95,263.4,1.73,0.0,Limited Listing,L,False,False,False
2026-08-01,2301F,99900230105,CASAMIGOS BLANCO TEQUILA,TEQUILA,50 ML,50,80.0,,,Mexico,Bottle,1,60,5.0,300.0,2.94,0.0,Regular,R,False,False,False
2026-08-01,2301H,99900230117,CASAMIGOS BLANCO TEQUILA,TEQUILA,1.75 L,1750,80.0,,,Mexico,Bottle,1,3,84.95,254.85,1.43,-5.0,Regular,R,False,False,False
2026-08-01,2302B,99900230275,SVEDKA STRAWBERRY LEMONADE,VODKA,750 ML,750,70.0,,,Sweden,Bottle,1,12,10.95,131.4,0.43,0.0,Regular,R,False,False,False
2026-08-01,2302H,99900230217,SVEDKA STRAWBERRY LEMONADE,VODKA,1.75 L,1750,70.0,,,Sweden,Bottle,1,6,19.95,119.7,0.34,0.0,Regular,R,False,False,False
2026-08-01,2303B,99900230375,SVEDKA MANGO PINEAPPLE,VODKA,750 ML,750,70.0,,,Sweden,Bottle,1,12,10.95,131.4,0.43,0.0,Regular,R,False,False,False
2026-08-01,2303H,99900230317,SVEDKA MANGO PINEAPPLE,VODKA,1.75 L,1750,70.0,,,Sweden,Bottle,1,6,19.95,119.7,0.34,0.0,Regular,R,False,False,False
2026-08-01,2305E,99900230537,TWISTED SHOTZ PARTY PACK,CORDIALS,375 ML,375,40.0,,,,Other,1,6,19.95,119.7,1.57,0.0,Regular,R,False,False,False
2026-08-01,2315B,99900231575,SIPSMITH DRY LONDON GIN,GIN,750 ML,750,83.2,,,,Bottle,1,6,38.95,233.7,1.53,5.0,Regular,R,False,False,False
2026-08-01,2317B,99900231775,DEEP EDDY VODKA,VODKA,750 ML,750,80.0,,,United States,Bottle,1,12,19.95,239.4,0.79,5.0,Regular,R,False,False,False
2026-08-01,2317H,99900231717,DEEP EDDY VODKA,VODKA,1.75 L,1750,80.0,,,United States,Bottle,1,6,24.95,149.7,0.42,0.0,Regular,R,False,False,False
2026-08-01,2318B,99900231875,DEEP EDDY RUBY RED GRAPEFRUIT,VODKA,750 ML,750,70.0,,,United States,Bottle,1,12,19.95,239.4,0.79,3.0,Regular,R,False,False,False
2026-08-01,2318H,99900231817,DEEP EDDY RUBY RED GRAPEFRUIT,VODKA,1.75 L,1750,70.0,,,United States,Bottle,1,6,32.95,197.7,0.56,-4.0,Regular,R,False,False,False
2026-08-01,2320H,99900232017,JOSE CUERVO WHITE PEACH LITE MARGARITA,COCKTAILS,1.75 L,1750,19.9,,,Mexico,Bottle,1,6,17.95,107.7,0.3,2.0,Regular,R,False,False,False
2026-08-01,2332B,99900233275,ST ELDER ELDERFLOWER LIQUEUR,CORDIALS,750 ML,750,40.0,,,,Bottle,1,12,21.95,263.4,0.86,0.0,Regular,R,False,False,False
2026-08-01,2336B,99900233675,JACK DANIEL'S TENN. FIRE,DOMESTIC WHISKEY,750 ML,750,70.0,,,United States,Bottle,1,12,19.95,239.4,0.79,0.0,Regular,R,False,False,True
2026-08-01,2336E,99900233637,JACK DANIEL'S TENN. FIRE,DOMESTIC WHISKEY,375 ML,375,70.0,,,United States,Bottle,1,24,14.95,358.8,1.18,0.0,Limited Listing,L,False,False,False
2026-08-01,2336F,99900233605,JACK DANIEL'S TENN. FIRE,DOMESTIC WHISKEY,50 ML,50,70.0,,,United States,Bottle,1,120,1.75,210.0,1.03,0.0,Regular,R,False,False,False
2026-08-01,2336H,99900233617,JACK DANIEL'S TENN. FIRE,DOMESTIC WHISKEY,1.75 L,1750,70.0,,,United States,Bottle,1,6,49.95,299.7,0.84,0.0,Regular,R,False,False,False
2026-08-01,2338A,99900233810,JACK DANIEL'S SINATRA,DOMESTIC WHISKEY,LITER,1000,90.0,,,United States,Bottle,1,6,174.95,1049.7,5.18,0.0,Limited Listing,L,False,False,False
2026-08-01,2339B,99900233975,ROLLING RIVER SPIRITS GIN,GIN,750 ML,750,84.0,,,United States,Bottle,1,12,26.5,318.0,1.04,0.0,Trial Listing,T,True,False,False
2026-08-01,2341B,99900234175,BIG GIN,GIN,750 ML,750,94.0,,,United States,Bottle,1,12,21.95,263.4,0.86,-3.0,Regular,R,True,False,False
2026-08-01,2342B,99900234275,STILLWAGON DEVILS OWN WICKED RUM,RUM,750 ML,750,155.0,,,United States,Bottle,1,12,49.95,599.4,1.97,0.0,Limited Listing,L,True,False,False
2026-08-01,2343B,99900234375,STILLWAGON DEVILS OWN RUM,RUM,750 ML,750,110.0,,,United States,Bottle,1,12,34.95,419.4,1.38,0.0,Limited Listing,L,True,False,False
2026-08-01,2344B,99900234475,MICHTER'S US1 SOUR MASH WHISKEY,DOMESTIC WHISKEY,750 ML,750,86.0,,,United States,Bottle,1,6,49.95,299.7,1.97,0.0,Regular,R,False,False,False
2026-08-01,2345B,99900234575,MICHTER'S SMALL BATCH BOURBON,DOMESTIC WHISKEY,750 ML,750,91.4,,,United States,Bottle,1,6,49.95,299.7,1.97,0.0,Regular,R,False,False,False
2026-08-01,2347B,99900234775,44 NORTH IDAHO POTATO VODKA,VODKA,750 ML,750,80.0,,,United States,Bottle,1,12,26.95,323.4,1.06,0.0,Limited Listing,L,True,False,False
2026-08-01,2348B,99900234875,44 NORTH SUNNYSLOPE NECTARINE VODKA,VODKA,750 ML,750,80.0,,,United States,Bottle,1,12,26.95,323.4,1.06,0.0,Regular,R,True,False,False
2026-08-01,2353B,99900235375,ANCHO REYES LIQUEUR,CORDIALS,750 ML,750,80.0,,,,Bottle,1,6,32.95,197.7,1.3,0.0,Regular,R,False,False,False
2026-08-01,2361B,99900236175,GREEN SPOT IRISH WHISKEY,IRISH,750 ML,750,80.0,,,Republic of Ireland,Bottle,1,6,64.95,389.7,2.56,0.0,Regular,R,False,False,False
2026-08-01,2363B,99900236375,CRESCENDO ORANGE,CORDIALS,750 ML,750,56.0,,,United States,Bottle,1,12,23.95,287.4,0.94,0.0,Limited Listing,L,True,False,False
2026-08-01,2364B,99900236475,CRESCENDO LIME,CORDIALS,750 ML,750,56.0,,,United States,Bottle,1,6,23.95,143.7,0.94,0.0,Limited Listing,L,True,False,False
2026-08-01,2365B,99900236575,CRESCENDO LIMONCELLO,CORDIALS,750 ML,750,56.0,,,United States,Bottle,1,12,23.95,287.4,0.94,0.0,Limited Listing,L,True,False,False
2026-08-01,2366B,99900236675,CANADIAN RICH & RARE CARAMEL,CANADIAN,750 ML,750,80.0,,,Canada,Bottle,1,12,9.95,119.4,0.39,0.0,Regular,R,False,False,False
2026-08-01,2367B,99900236775,TEELING IRISH WHISKEY SMALL BATCH,IRISH,750 ML,750,92.0,,,Republic of Ireland,Bottle,1,6,34.95,209.7,1.38,0.0,Regular,R,False,False,False
2026-08-01,2372B,99900237275,JEFFERSON'S OCEAN AGED AT SEA,DOMESTIC WHISKEY,750 ML,750,90.0,,,United States,Bottle,1,6,79.95,479.7,3.15,0.0,Regular,R,False,False,False
2026-08-01,2373B,99900237375,REDBREAST 21 YR IRISH WHI,IRISH,750 ML,750,92.0,21 YRS,252,Republic of Ireland,Bottle,1,3,399.95,1199.85,15.75,0.0,Limited Listing,L,False,False,False
2026-08-01,2375B,99900237575,BLACK SADDLE 12 YR BOURBON,DOMESTIC WHISKEY,750 ML,750,90.0,12 YRS,144,United States,Bottle,1,6,44.95,269.7,1.77,0.0,Limited Listing,L,False,False,False
2026-08-01,2387B,99900238775,GEORGE DICKEL 9 YR HAND SELECTED BARREL,DOMESTIC WHISKEY,750 ML,750,103.0,9 YRS,108,United States,Bottle,1,12,54.95,659.4,2.16,0.0,Seasonal,B,False,False,False
2026-08-01,2393B,99900239375,BAR PILOT VODKA,VODKA,750 ML,750,80.0,,,United States,Bottle,1,12,19.95,239.4,0.79,0.0,Limited Listing,L,True,False,False
2026-08-01,2394B,99900239475,PAINTED LADY GIN,GIN,750 ML,750,90.0,,,United States,Bottle,1,12,27.95,335.4,1.1,0.0,Regular,R,True,False,False
2026-08-01,2403B,99900240375,PORT CHARLOTTE 10 YEAR,SCOTCH,750 ML,750,100.0,,,Scotland,Bottle,1,6,59.95,359.7,2.36,0.0,Regular,R,False,False,False
2026-08-01,2405B,99900240575,CINERATOR,DOMESTIC WHISKEY,750 ML,750,91.1,,,United States,Bottle,1,12,12.95,155.4,0.51,-2.0,Limited Listing,L,False,False,False
2026-08-01,2445B,99900244575,TIN CUP WHISKEY,DOMESTIC WHISKEY,750 ML,750,84.0,,,United States,Bottle,1,12,28.95,347.4,1.14,2.0,Regular,R,False,False,False
2026-08-01,2445H,99900244517,TIN CUP WHISKEY,DOMESTIC WHISKEY,1.75 L,1750,84.0,,,United States,Bottle,1,6,54.95,329.7,0.93,-4.0,Limited Listing,L,False,False,False
2026-08-01,2458B,99900245875,DEEP EDDY SWEET TEA VODKA,VODKA,750 ML,750,70.0,,,United States,Bottle,1,12,19.95,239.4,0.79,3.0,Limited Listing,L,False,False,False
2026-08-01,2459B,99900245975,DEEP EDDY CRANBERRY VODKA,VODKA,750 ML,750,70.0,,,United States,Bottle,1,12,19.95,239.4,0.79,3.0,Regular,R,False,False,False
2026-08-01,2477B,99900247775,BURNETT'S MANGO PINEAPPLE VODKA,VODKA,750 ML,750,70.0,,,United States,Bottle,1,12,8.95,107.4,0.35,1.0,Regular,R,False,False,False
2026-08-01,2479A,99900247910,WILD TURKEY 101 RYE,DOMESTIC WHISKEY,LITER,1000,101.0,,,United States,Bottle,1,6,29.95,179.7,0.89,0.0,Regular,R,False,False,False
2026-08-01,2482B,99900248275,JIM BEAM KENTUCKY FIRE,DOMESTIC WHISKEY,750 ML,750,65.0,,,United States,Bottle,1,12,16.95,203.4,0.67,-1.0,Regular,R,False,False,False
2026-08-01,2485B,99900248575,HORNITOS PLATA W/SHOT GLASSES,TEQUILA,750 ML,750,80.0,,,Mexico,VAP,1,6,24.95,149.7,0.98,0.0,Holiday,H,False,False,False
2026-08-01,2486B,99900248675,HORNITOS REPOSADO W/ SHOT GLASSES,TEQUILA,750 ML,750,80.0,,,Mexico,VAP,1,6,24.95,149.7,0.98,0.0,Holiday,H,False,False,False
2026-08-01,2490B,99900249075,NEW AMSTERDAM PINEAPPLE VODKA,VODKA,750 ML,750,70.0,,,United States,Bottle,1,12,11.95,143.4,0.47,0.0,Regular,R,False,False,False
2026-08-01,2490H,99900249017,NEW AMSTERDAM PINEAPPLE VODKA,VODKA,1.75 L,1750,70.0,,,United States,Bottle,1,6,20.95,125.7,0.35,0.0,Regular,R,False,False,False
2026-08-01,2502B,99900250275,PAU MAUI VODKA,VODKA,750 ML,750,80.0,,,,Bottle,1,12,19.95,239.4,0.79,0.0,Regular,R,False,False,False
2026-08-01,2525B,99900252575,SAN MATIAS GRAN RESERVA TEQUILA,TEQUILA,750 ML,750,80.0,,,Mexico,Bottle,1,6,58.95,353.7,2.32,0.0,Limited Listing,L,False,False,False
2026-08-01,2535B,99900253575,REVEL STOKE ROASTED PECAN WHISKEY,CANADIAN,750 ML,750,60.0,,,Canada,Bottle,1,12,16.95,203.4,0.67,2.0,Regular,R,False,False,False
2026-08-01,2538B,99900253875,STILLWAGON DEVILS OWN GOLD,RUM,750 ML,750,110.0,,,United States,Bottle,1,12,49.95,599.4,1.97,0.0,Trial Listing,T,True,False,False
2026-08-01,2543B,99900254375,CRATER LAKE HATCH GREEN CHILE VODKA,VODKA,750 ML,750,80.0,,,United States,Bottle,1,12,19.95,239.4,0.79,-5.0,Limited Listing,L,True,False,False
2026-08-01,2543E,99900254337,CRATER LAKE HATCH GREEN CHILE VODKA,VODKA,375 ML,375,80.0,,,United States,Bottle,1,12,4.95,59.4,0.39,0.0,Trial Listing,T,True,False,False
2026-08-01,2552B,99900255275,BAR PILOT GIN,GIN,750 ML,750,90.0,,,United States,Bottle,1,12,24.95,299.4,0.98,0.0,Limited Listing,L,True,False,False
2026-08-01,2557B,99900255775,PATRON ANEJO COCKTAIL GIFT SET,TEQUILA,750 ML,750,80.0,,,Mexico,VAP,1,6,59.95,359.7,2.36,5.0,Holiday,H,False,False,False
2026-08-01,2558B,99900255875,SPEYBURN 10YR GIFT PACK,SCOTCH,750 ML,750,83.6,,,Scotland,VAP,1,6,29.95,179.7,1.18,0.0,Holiday,H,False,False,False
2026-08-01,2560B,99900256075,DEWAR'S 12YR W/ 15Y & 18YR 50ML,SCOTCH,750 ML,750,80.0,,,Scotland,VAP,1,6,39.95,239.7,1.57,0.0,Holiday,H,False,False,False
2026-08-01,2563B,99900256375,PINNACLE WHIPPED W/3-50MLS,VODKA,750 ML,750,70.0,,,France,VAP,1,6,12.95,77.7,0.51,0.0,Holiday,H,False,False,False
2026-08-01,2581B,99900258175,BACKBONE RUM,RUM,750 ML,750,80.0,,,United States,Bottle,1,12,25.95,311.4,1.02,0.0,Limited Listing,L,True,False,False
2026-08-01,2582B,99900258275,MT. HOOD VODKA,VODKA,750 ML,750,80.0,,,United States,Bottle,1,12,23.95,287.4,0.94,0.0,Limited Listing,L,True,False,False
2026-08-01,2587B,99900258775,GIFFARD BANANE DU BRESIL,CORDIALS,750 ML,750,50.0,,,,Bottle,1,6,35.95,215.7,1.42,-3.0,Regular,R,False,False,False
2026-08-01,2589B,99900258975,BUCHANAN'S MASTER,SCOTCH,750 ML,750,80.0,,,Scotland,Bottle,1,12,45.95,551.4,1.81,0.0,Regular,R,False,False,False
2026-08-01,2602B,99900260275,ESPOLON ANEJO TEQUILA,TEQUILA,750 ML,750,80.0,,,Mexico,Bottle,1,6,39.95,239.7,1.57,0.0,Regular,R,False,False,False
2026-08-01,2604E,99900260437,JOSE CUERVO STBRY LIME 4 PK CANS,COCKTAILS,355 ML,355,16.0,,,Mexico,Multi-Pack Can,4,6,9.95,59.7,0.78,0.0,Regular,R,False,False,False
2026-08-01,2606E,99900260637,JOSE CUERVO LIME MARG 4 PK CANS,COCKTAILS,355 ML,355,16.0,,,Mexico,Multi-Pack Can,4,6,9.95,59.7,0.78,0.0,Regular,R,False,False,False
2026-08-01,2616B,99900261675,GIFFARD CREME DE PAMPLEMOUSSE ROSE,CORDIALS,750 ML,750,32.0,,,,Bottle,1,6,30.95,185.7,1.22,-3.0,Limited Listing,L,False,False,False
2026-08-01,2619B,99900261975,NIKKA COFFEY GRAIN WHISKY,OTHER IMPORTED WHISKY,750 ML,750,90.0,,,,Bottle,1,6,64.95,389.7,2.56,0.0,Seasonal,B,False,False,False
2026-08-01,2623B,99900262375,STILLWAGON DEVILS OWN SPICED RUM,RUM,750 ML,750,110.0,,,United States,Bottle,1,12,49.95,599.4,1.97,0.0,Limited Listing,L,True,False,False
2026-08-01,2639B,99900263975,DUSSE VSOP,BRANDY / COGNAC,750 ML,750,80.0,,,,Bottle,1,6,54.95,329.7,2.16,5.0,Regular,R,False,False,False
2026-08-01,2639E,99900263937,DUSSE VSOP,BRANDY / COGNAC,375 ML,375,80.0,,,,Bottle,1,12,29.95,359.4,2.36,0.0,Regular,R,False,False,False
2026-08-01,2657B,99900265775,MICHTER'S TOASTED BARREL FINISH,DOMESTIC WHISKEY,750 ML,750,91.4,,,United States,Bottle,1,3,109.95,329.85,4.33,0.0,Seasonal,B,False,False,False
2026-08-01,2675B,99900267575,PINNACLE PEACH,VODKA,750 ML,750,60.0,,,France,Bottle,1,12,9.95,119.4,0.39,-3.0,Regular,R,False,False,False
2026-08-01,2677B,99900267775,CIROC PINEAPPLE VODKA,VODKA,750 ML,750,70.0,,,France,Bottle,1,12,35.95,431.4,1.42,6.0,Regular,R,False,False,False
2026-08-01,2690B,99900269075,BRUGAL 1888,RUM,750 ML,750,80.0,,,,Bottle,1,6,44.95,269.7,1.77,5.0,Trial Listing,T,False,False,False
2026-08-01,2707B,99900270775,THE MACALLAN RARE CASK,SCOTCH,750 ML,750,86.0,,,Scotland,Bottle,1,3,359.95,1079.85,14.17,40.0,Seasonal,B,False,False,False
2026-08-01,2722B,99900272275,STATE OF JEFFERSON RUM,RUM,750 ML,750,92.0,,,United States,Bottle,1,12,24.4,292.8,0.96,0.0,Limited Listing,L,True,False,False
2026-08-01,2723B,99900272375,BAR PILOT CUCUMBER VODKA,VODKA,750 ML,750,80.0,,,United States,Bottle,1,12,29.95,359.4,1.18,0.0,Limited Listing,L,True,False,False
2026-08-01,2724B,99900272475,BAR PILOT JALAPENO LIME VODKA,VODKA,750 ML,750,80.0,,,United States,Bottle,1,12,24.95,299.4,0.98,0.0,Limited Listing,L,True,False,False
2026-08-01,2725B,99900272575,4 SPIRITS SILVER RUM,RUM,750 ML,750,80.0,,,United States,Bottle,1,6,27.95,167.7,1.1,0.0,Limited Listing,L,True,False,False
2026-08-01,2734B,99900273475,VIVACITY SPIRITS TRADITIONAL RUM,RUM,750 ML,750,85.0,,,United States,Bottle,1,12,36.0,432.0,1.42,0.0,Limited Listing,L,True,False,False
2026-08-01,2735B,99900273575,PINNACLE PINEAPPLE,VODKA,750 ML,750,70.0,,,France,Bottle,1,12,9.95,119.4,0.39,0.0,Regular,R,False,False,False
2026-08-01,2738B,99900273875,LAPHROAIG SELECT,SCOTCH,750 ML,750,80.0,,,Scotland,Bottle,1,6,55.95,335.7,2.2,6.0,Regular,R,False,False,False
2026-08-01,2744B,99900274475,STILLWAGON DEVILS OWN BLACK,RUM,750 ML,750,85.0,,,United States,Bottle,1,12,49.95,599.4,1.97,0.0,Limited Listing,L,True,False,False
2026-08-01,2756B,99900275675,GIFFARD CREME DE MURE,CORDIALS,750 ML,750,32.0,,,,Bottle,1,6,31.95,191.7,1.26,3.0,Trial Listing,T,False,False,False
2026-08-01,2761B,99900276175,MONKEY 47,GIN,750 ML,750,94.0,,,,Bottle,1,6,59.95,359.7,2.36,0.0,Regular,R,False,False,False
2026-08-01,2784A,99900278410,CROWN ROYAL REGAL APPLE,CANADIAN,LITER,1000,70.0,,,Canada,Bottle,1,12,31.95,383.4,0.95,0.0,Regular,R,False,False,False
2026-08-01,2784B,99900278475,CROWN ROYAL REGAL APPLE,CANADIAN,750 ML,750,70.0,,,Canada,Bottle,1,12,29.95,359.4,1.18,4.0,Regular,R,False,False,False
2026-08-01,2784D,99900278420,CROWN ROYAL REGAL APPLE,CANADIAN,200 ML,200,70.0,,,Canada,Bottle,1,44,8.95,393.8,1.32,0.0,Regular,R,False,False,False
2026-08-01,2784E,99900278437,CROWN ROYAL REGAL APPLE,CANADIAN,375 ML,375,70.0,,,Canada,Bottle,1,24,14.95,358.8,1.18,0.0,Regular,R,False,False,False
2026-08-01,2784F,99900278405,CROWN ROYAL REGAL APPLE,CANADIAN,50 ML,50,70.0,,,Canada,Bottle,1,60,2.75,165.0,1.62,0.0,Regular,R,False,False,False
2026-08-01,2784H,99900278417,CROWN ROYAL REGAL APPLE,CANADIAN,1.75 L,1750,70.0,,,Canada,Bottle,1,6,49.95,299.7,0.84,-6.0,Regular,R,False,False,False
2026-08-01,2799B,99900279975,MAKER'S MARK CASK STRENGTH,DOMESTIC WHISKEY,750 ML,750,110.0,,,United States,Bottle,1,6,54.95,329.7,2.16,0.0,Regular,R,False,False,False
2026-08-01,2799E,99900279937,MAKER'S MARK CASK STRENGTH,DOMESTIC WHISKEY,375 ML,375,110.0,,,United States,Bottle,1,12,34.95,419.4,2.75,0.0,Seasonal,B,False,False,False
2026-08-01,2807B,99900280775,BIB & TUCKER 6 YR BOURBON,DOMESTIC WHISKEY,750 ML,750,92.0,,,United States,Bottle,1,6,49.95,299.7,1.97,5.0,Regular,R,False,False,False
2026-08-01,2811B,99900281175,CASAMIGOS ANEJO TEQUILA,TEQUILA,750 ML,750,80.0,,,Mexico,Bottle,1,6,49.95,299.7,1.97,0.0,Regular,R,False,False,False
2026-08-01,2815D,99900281520,"99 ASSORTED 4-50MLS  APPLE,BLUBERRY,BANANA & CINNA",CORDIALS,50 ML,50,99.0,,,United States,Multi-Pack Bottle,4,30,4.95,148.5,0.73,0.0,Regular,R,False,False,False
2026-08-01,2817B,99900281775,ROGUE OREGON RYE WHISKEY,DOMESTIC WHISKEY,750 ML,750,85.0,,,United States,Bottle,1,6,54.95,329.7,2.16,0.0,Limited Listing,L,True,False,False
2026-08-01,2819B,99900281975,SVEDKA PEACH VODKA,VODKA,750 ML,750,70.0,,,Sweden,Bottle,1,12,10.95,131.4,0.43,0.0,Limited Listing,L,False,False,False
2026-08-01,2828B,99900282875,BRIDGE CITY VODKA,VODKA,750 ML,750,80.0,,,United States,Bottle,1,12,18.95,227.4,0.75,-3.0,Regular,R,True,False,True
2026-08-01,2828H,99900282817,BRIDGE CITY VODKA,VODKA,1.75 L,1750,80.0,,,United States,Bottle,1,6,39.95,239.7,0.67,2.0,Regular,R,True,False,False
2026-08-01,2853B,99900285375,OBAN LITTLE BAY,SCOTCH,750 ML,750,86.0,,,Scotland,Bottle,1,12,71.95,863.4,2.83,0.0,Regular,R,False,False,False
2026-08-01,2865B,99900286575,WILD ROOTS VODKA APPLE CINNAMON,VODKA,750 ML,750,80.0,,,United States,Bottle,1,12,29.95,359.4,1.18,3.0,Regular,R,True,False,False
2026-08-01,2876B,99900287675,BAR PILOT LEMON GINGER VODKA,VODKA,750 ML,750,80.0,,,United States,Bottle,1,12,29.95,359.4,1.18,0.0,Limited Listing,L,True,False,False
2026-08-01,2877E,99900287737,HAINT ABSINTHE,CORDIALS,375 ML,375,125.0,,,United States,Bottle,1,12,28.1,337.2,2.21,0.0,Limited Listing,L,True,False,False
2026-08-01,2880B,99900288075,SURVEYORS RUM,RUM,750 ML,750,93.0,,,United States,Bottle,1,12,39.95,479.4,1.57,0.0,Limited Listing,L,True,False,False
2026-08-01,2885B,99900288575,NEW DEAL OLD TOM GIN,GIN,750 ML,750,80.0,,,United States,Bottle,1,12,34.95,419.4,1.38,0.0,Limited Listing,L,True,False,False
2026-08-01,2897B,99900289775,SWALLOWTAIL VODKA,VODKA,750 ML,750,80.0,,,United States,Bottle,1,12,23.95,287.4,0.94,0.0,Regular,R,True,False,False
2026-08-01,2898B,99900289875,4 SPIRITS SPICED RUM,RUM,750 ML,750,80.0,,,United States,Bottle,1,6,31.95,191.7,1.26,0.0,Limited Listing,L,True,False,False
2026-08-01,2902H,99900290217,JOSE CUERVO COCONUT PINEAPPLE,COCKTAILS,1.75 L,1750,19.9,,,Mexico,Bottle,1,6,17.95,107.7,0.3,3.0,Limited Listing,L,False,False,False
2026-08-01,2905H,99900290517,1800 PEACH RTD,COCKTAILS,1.75 L,1750,19.9,,,Mexico,Bottle,1,6,20.95,125.7,0.35,2.0,Regular,R,False,False,False
2026-08-01,2909B,99900290975,CAPTAIN MORGAN COCONUT RUM,RUM,750 ML,750,70.0,,,Puerto Rico,Bottle,1,12,14.95,179.4,0.59,2.0,Regular,R,False,False,False
2026-08-01,2912B,99900291275,CAPTAIN MORGAN PINEAPPLE RUM,RUM,750 ML,750,70.0,,,Puerto Rico,Bottle,1,12,14.95,179.4,0.59,2.0,Regular,R,False,False,False
2026-08-01,2927B,99900292775,DON Q 151,RUM,750 ML,750,151.0,,,,Bottle,1,12,21.95,263.4,0.86,0.0,Regular,R,False,False,False
2026-08-01,2936B,99900293675,MAESTRO DOBEL SILVER,TEQUILA,750 ML,750,80.0,,,Mexico,Bottle,1,6,43.95,263.7,1.73,4.0,Trial Listing,T,False,False,False
2026-08-01,2937B,99900293775,MAESTRO DOBEL REPOSADO,TEQUILA,750 ML,750,80.0,,,Mexico,Bottle,1,6,54.95,329.7,2.16,6.0,Limited Listing,L,False,False,False
2026-08-01,2938B,99900293875,MAESTRO DOBEL ANEJO,TEQUILA,750 ML,750,80.0,,,Mexico,Bottle,1,6,58.95,353.7,2.32,5.0,Limited Listing,L,False,False,False
2026-08-01,2946B,99900294675,ROLLING RIVER AQUAVIT OLE BJORKEVOLL,CORDIALS,750 ML,750,84.0,,,United States,Bottle,1,12,32.0,384.0,1.26,0.0,Limited Listing,L,True,False,False
2026-08-01,2946E,99900294637,ROLLING RIVER AQUAVIT OLE BJORKEVOLL,CORDIALS,375 ML,375,84.0,,,United States,Bottle,1,12,17.0,204.0,1.34,0.0,Seasonal,B,True,False,False
2026-08-01,2947B,99900294775,ROLLING RIVER AQUAVIT BJORKEVOLL'S HOLIDAY,CORDIALS,750 ML,750,84.0,,,United States,Bottle,1,12,32.0,384.0,1.26,0.0,Trial Listing,T,True,False,False
2026-08-01,2951B,99900295175,DELEON PLATINUM,TEQUILA,750 ML,750,80.0,,,Mexico,Bottle,1,12,29.95,359.4,1.18,0.0,Limited Listing,L,False,False,False
2026-08-01,2967B,99900296775,BIRD DOG APPLE WHISKEY,DOMESTIC WHISKEY,750 ML,750,80.0,,,United States,Bottle,1,6,18.95,113.7,0.75,-3.0,Regular,R,False,False,False
2026-08-01,2980B,99900298075,DEEP EDDY LEMON VODKA,VODKA,750 ML,750,70.0,,,United States,Bottle,1,12,19.95,239.4,0.79,3.0,Regular,R,False,False,False
2026-08-01,2980H,99900298017,DEEP EDDY LEMON VODKA,VODKA,1.75 L,1750,70.0,,,United States,Bottle,1,6,32.95,197.7,0.56,0.0,Regular,R,False,False,False
2026-08-01,2998B,99900299875,SVEDKA VODKA 100 PROOF,VODKA,750 ML,750,100.0,,,Sweden,Bottle,1,12,10.95,131.4,0.43,0.0,Regular,R,False,False,False
2026-08-01,2998H,99900299817,SVEDKA VODKA 100 PROOF,VODKA,1.75 L,1750,100.0,,,Sweden,Bottle,1,6,22.95,137.7,0.39,0.0,Regular,R,False,False,False
2026-08-01,3000B,99900300075,CROWN ROYAL BLACK W/ GLS & 4 ICE MOLD,CANADIAN,750 ML,750,90.0,,,Canada,VAP,1,6,31.95,191.7,1.26,0.0,Holiday,H,False,False,False
2026-08-01,3002B,99900300275,CAROLANS IRISH CREAM W/ROCK GLASSES,CORDIALS,750 ML,750,34.0,,,Republic of Ireland,VAP,1,6,17.95,107.7,0.71,-1.0,Holiday,H,False,False,False
2026-08-01,3004B,99900300475,THREE OLIVES W/BLOODY MARY,VODKA,750 ML,750,70.0,,,England,VAP,1,6,14.95,89.7,0.59,2.0,Holiday,H,False,False,False
2026-08-01,3005B,99900300575,REMY MARTIN VSOP W/1738 50ML,BRANDY / COGNAC,750 ML,750,80.0,,,France,VAP,1,6,49.95,299.7,1.97,0.0,Holiday,H,False,False,False
2026-08-01,3006B,99900300675,STOLICHNAYA MIXOLOGY VAP,VODKA,750 ML,750,80.0,,,Latvia,VAP,1,6,16.95,101.7,0.67,0.0,Holiday,H,False,False,False
2026-08-01,3012B,99900301275,GRAND MARNIER W/GIFT,CORDIALS,750 ML,750,80.0,,,Italy,VAP,1,6,39.95,239.7,1.57,0.0,Holiday,H,False,False,False
2026-08-01,3024B,99900302475,WILD TURKEY 101 W/ AGED COCKTAIL KIT,DOMESTIC WHISKEY,750 ML,750,101.0,,,United States,VAP,1,6,26.95,161.7,1.06,2.0,Holiday,H,False,False,False
2026-08-01,3025B,99900302575,CHIVAS REGAL W/2-50ML 13 YR AND 18 YR,SCOTCH,750 ML,750,80.0,12 YRS,144,Scotland,VAP,1,6,34.95,209.7,1.38,0.0,Holiday,H,False,False,False
2026-08-01,3025H,99900302517,CHIVAS REGAL W/2-50ML 13 YR AND 18 YR,SCOTCH,1.75 L,1750,80.0,12 YRS,144,Scotland,VAP,1,3,69.95,209.85,1.18,0.0,Holiday,H,False,False,False
2026-08-01,3026B,99900302675,THE GLENLIVET W/2 50MLS- 14 AND 15YR,SCOTCH,750 ML,750,80.0,,,Scotland,VAP,1,6,54.95,329.7,2.16,0.0,Holiday,H,False,False,False
2026-08-01,3027B,99900302775,DI SARONNO GIFT SET,CORDIALS,750 ML,750,56.0,,,Italy,VAP,1,6,32.45,194.7,1.28,0.0,Holiday,H,False,False,False
2026-08-01,3028B,99900302875,BOMBAY SAPPHIRE GIFT BOX,GIN,750 ML,750,94.0,,,England,VAP,1,6,22.95,137.7,0.9,-2.0,Holiday,H,False,False,False
2026-08-01,3035B,99900303575,MAKERS MARK W/GIFT,DOMESTIC WHISKEY,750 ML,750,90.0,,,United States,VAP,1,6,32.95,197.7,1.3,5.0,Holiday,H,False,False,False
2026-08-01,3039B,99900303975,COURVOISIER VS WITH GLASSES,BRANDY / COGNAC,750 ML,750,80.0,2 YRS,24,France,VAP,1,6,29.95,179.7,1.18,0.0,Holiday,H,False,False,False
2026-08-01,3042B,99900304275,BAILEYS IRISH CREAM W/GIFT,CORDIALS,750 ML,750,34.0,,,Republic of Ireland,VAP,1,6,29.95,179.7,1.18,0.0,Holiday,H,False,False,False
2026-08-01,3045B,99900304575,JOHNNIE WALKER BLACK W/ GIFT VAP,SCOTCH,750 ML,750,80.0,,,Scotland,VAP,1,6,39.95,239.7,1.57,5.0,Holiday,H,False,False,False
2026-08-01,3046B,99900304675,PALLINI LIMONCELLO LIQ W/2 SHOT GLASSES,CORDIALS,750 ML,750,52.0,,,Italy,VAP,1,6,24.95,149.7,0.98,0.0,Holiday,H,False,False,False
2026-08-01,3053B,99900305375,PATRON REPOSADO TIKI VAP,TEQUILA,750 ML,750,80.0,,,Mexico,VAP,1,6,54.95,329.7,2.16,5.0,Holiday,H,False,False,False
2026-08-01,3056B,99900305675,TEQUILA ROSE GIFT,CORDIALS,750 ML,750,30.0,,,United States,VAP,1,6,24.95,149.7,0.98,0.0,Holiday,H,False,False,False
2026-08-01,3060B,99900306075,FRANGELICO W/GIFT,CORDIALS,750 ML,750,40.0,,,Italy,VAP,1,6,29.95,179.7,1.18,-3.0,Holiday,H,False,False,False
2026-08-01,3064B,99900306475,COURVOISIER VSOP W/DECANTER,BRANDY / COGNAC,750 ML,750,80.0,,,France,VAP,1,6,44.95,269.7,1.77,0.0,Holiday,H,False,False,False
2026-08-01,3068B,99900306875,CUERVO ESPECIAL W/MARGARITA MIX,TEQUILA,750 ML,750,80.0,,,Mexico,VAP,1,6,16.95,101.7,0.67,-3.0,Seasonal,B,False,False,False
2026-08-01,3071B,99900307175,CAZADORES REPOSADO VAP,TEQUILA,750 ML,750,80.0,,,Mexico,VAP,1,6,24.95,149.7,0.98,0.0,Holiday,H,False,False,False
2026-08-01,3073B,99900307375,GREY GOOSE VODKA W/GLASSES,VODKA,750 ML,750,80.0,,,France,VAP,1,6,29.95,179.7,1.18,5.0,Holiday,H,False,False,False
2026-08-01,3073H,99900307317,GREY GOOSE VODKA W/GLASSES,VODKA,1.75 L,1750,80.0,,,France,VAP,1,3,54.95,164.85,0.93,5.0,Holiday,H,False,False,False
2026-08-01,3075B,99900307575,GENTLEMAN JACK W/GIFT,DOMESTIC WHISKEY,750 ML,750,80.0,,,United States,VAP,1,6,29.95,179.7,1.18,2.0,Holiday,H,False,False,False
2026-08-01,3081B,99900308175,DRAMBUIE W/ COCKTAIL GLASS,CORDIALS,750 ML,750,80.0,,,Scotland,VAP,1,6,45.95,275.7,1.81,0.0,Holiday,H,False,False,False
2026-08-01,3083B,99900308375,MEDOYEFF STARKA VODKA,VODKA,750 ML,750,86.0,,,United States,Bottle,1,6,24.95,149.7,0.98,0.0,Seasonal,B,True,False,False
2026-08-01,3084B,99900308475,HERRADURA SILVER TEQUILA W/ GLASSES,TEQUILA,750 ML,750,80.0,,,Mexico,VAP,1,6,51.95,311.7,2.05,4.0,Holiday,H,False,False,False
2026-08-01,3085E,99900308537,CHAMBORD W/2 GLASSES,CORDIALS,375 ML,375,33.0,,,France,VAP,1,6,17.95,107.7,1.41,0.0,Holiday,H,False,False,False
2026-08-01,3090B,99900309075,CANADIAN CLUB RESERVE W/GLASS,CANADIAN,750 ML,750,80.0,,,Canada,VAP,1,6,11.95,71.7,0.47,0.0,Holiday,H,False,False,False
2026-08-01,3092B,99900309275,WOODFORD RESERVE W/GLASS,DOMESTIC WHISKEY,750 ML,750,90.4,,,United States,VAP,1,6,39.95,239.7,1.57,5.0,Holiday,H,False,False,False
2026-08-01,3102B,99900310275,CHUTE EIGHT WHISKEY,DOMESTIC WHISKEY,750 ML,750,80.0,,,United States,Bottle,1,6,36.95,221.7,1.45,0.0,Limited Listing,L,True,False,False
2026-08-01,3104B,99900310475,SNAKE RIVER STAMPEDE 100 YR,CANADIAN,750 ML,750,80.0,,,Canada,Bottle,1,12,34.95,419.4,1.38,0.0,Limited Listing,L,True,False,False
2026-08-01,3105B,99900310575,WOODFORD RESERVE RYE,DOMESTIC WHISKEY,750 ML,750,90.4,,,United States,Bottle,1,6,39.95,239.7,1.57,5.0,Regular,R,False,False,False
2026-08-01,3106B,99900310675,OLD FORESTER 1870 CRAFT,DOMESTIC WHISKEY,750 ML,750,90.0,,,United States,Bottle,1,6,44.95,269.7,1.77,0.0,Regular,R,False,False,False
2026-08-01,3112B,99900311275,CASCADE STREET NORTH SISTER VODKA,VODKA,750 ML,750,80.0,,,United States,Bottle,1,12,24.95,299.4,0.98,5.0,Regular,R,True,False,False
2026-08-01,3119B,99900311975,HAMILTON DEMERARA OVERPROOF 151 RUM,RUM,750 ML,750,151.0,,,,Bottle,1,12,34.95,419.4,1.38,0.0,Limited Listing,L,False,False,False
2026-08-01,3125B,99900312575,STEIN STRAIGHT RAM RYE WHISKEY,DOMESTIC WHISKEY,750 ML,750,80.0,5 YRS,60,United States,Bottle,1,6,52.95,317.7,2.08,0.0,Limited Listing,L,True,False,False
2026-08-01,3126B,99900312675,STEIN STRAIGHT BULL BOURBON WHISKEY,DOMESTIC WHISKEY,750 ML,750,80.0,5 YRS,60,United States,Bottle,1,6,52.95,317.7,2.08,0.0,Limited Listing,L,True,False,False
2026-08-01,3135B,99900313575,AMARO DI ANGOSTURA,CORDIALS,750 ML,750,80.0,,,,Bottle,1,6,39.95,239.7,1.57,0.0,Trial Listing,T,False,False,False
2026-08-01,3139B,99900313975,NEW AMSTERDAM MANGO VODKA,VODKA,750 ML,750,70.0,,,United States,Bottle,1,12,10.95,131.4,0.43,0.0,Regular,R,False,False,False
2026-08-01,3145B,99900314575,PENDLETON MIDNIGHT,CANADIAN,750 ML,750,90.0,,,Canada,Bottle,1,12,31.95,383.4,1.26,-3.0,Regular,R,False,False,True
2026-08-01,3145F,99900314505,PENDLETON MIDNIGHT,CANADIAN,50 ML,50,90.0,,,Canada,Bottle,1,120,2.5,300.0,1.47,0.0,Regular,R,False,False,False
2026-08-01,3145H,99900314517,PENDLETON MIDNIGHT,CANADIAN,1.75 L,1750,90.0,,,Canada,Bottle,1,6,57.95,347.7,0.98,5.0,Limited Listing,L,False,False,False
2026-08-01,3146B,99900314675,BACKDROP WHEAT VODKA,VODKA,750 ML,750,80.0,,,United States,Bottle,1,12,24.95,299.4,0.98,0.0,Limited Listing,L,True,False,False
2026-08-01,3179A,99900317910,CIMARRON TEQUILA REPOSADO,TEQUILA,LITER,1000,80.0,6 MOS,6,Mexico,Bottle,1,12,37.95,455.4,1.12,0.0,Limited Listing,L,False,False,False
2026-08-01,3185B,99900318575,NIKKA TAKETSURU PURE MALT,OTHER IMPORTED WHISKY,750 ML,750,86.0,,,,Bottle,1,6,79.95,479.7,3.15,0.0,Limited Listing,L,False,False,False
2026-08-01,3189B,99900318975,YELLOW SPOT,IRISH,750 ML,750,92.0,,,Republic of Ireland,Bottle,1,6,99.95,599.7,3.94,-10.0,Limited Listing,L,False,False,False
2026-08-01,3191B,99900319175,JIM BEAM APPLE,DOMESTIC WHISKEY,750 ML,750,65.0,,,United States,Bottle,1,12,16.95,203.4,0.67,-1.0,Regular,R,False,False,False
2026-08-01,3191H,99900319117,JIM BEAM APPLE,DOMESTIC WHISKEY,1.75 L,1750,65.0,,,United States,Bottle,1,6,39.95,239.7,0.67,5.0,Regular,R,False,False,False
2026-08-01,3196B,99900319675,JACK DANIEL'S GIFT,DOMESTIC WHISKEY,750 ML,750,80.0,,,United States,VAP,1,6,22.95,137.7,0.9,0.0,Holiday,H,False,False,False
2026-08-01,3205B,99900320575,STOLI VODKA GIFT,VODKA,750 ML,750,80.0,,,Latvia,VAP,1,6,16.95,101.7,0.67,0.0,Holiday,H,False,False,False
2026-08-01,3218B,99900321875,I. W. HARPER 15 YEAR,DOMESTIC WHISKEY,750 ML,750,86.0,15 YRS,180,United States,Bottle,1,6,99.95,599.7,3.94,0.0,Seasonal,B,False,False,False
2026-08-01,3237B,99900323775,HIGH WEST WHISKEY BOURYE,DOMESTIC WHISKEY,750 ML,750,101.0,,,United States,Bottle,1,6,122.95,737.7,4.84,0.0,One Time Buy,O,False,False,False
2026-08-01,3238B,99900323875,COUTURE COCKTAILS MANHATTAN,COCKTAILS,750 ML,750,70.0,,,United States,Bottle,1,12,29.95,359.4,1.18,0.0,Trial Listing,T,True,False,False
2026-08-01,3251A,99900325110,CIMARRON TEQUILA BLANCO,TEQUILA,LITER,1000,80.0,,,Mexico,Bottle,1,12,31.95,383.4,0.95,0.0,Regular,R,False,False,False
2026-08-01,3252B,99900325275,SINFIRE PET,DOMESTIC WHISKEY,750 ML,750,70.0,,,United States,Bottle,1,12,12.95,155.4,0.51,-1.0,Regular,R,True,False,False
2026-08-01,3277B,99900327775,4 SPIRITS DARK RUM,RUM,750 ML,750,80.0,,,United States,Bottle,1,6,34.95,209.7,1.38,0.0,Limited Listing,L,True,False,False
2026-08-01,3283B,99900328375,TABLE ROCK DISTILLERY WHISKEY,DOMESTIC WHISKEY,750 ML,750,80.0,,,United States,Bottle,1,12,32.45,389.4,1.28,0.0,Limited Listing,L,True,False,False
2026-08-01,3302B,99900330275,1800 SILVER W/ GIFT VAP,TEQUILA,750 ML,750,80.0,,,Mexico,VAP,1,6,28.95,173.7,1.14,4.0,Holiday,H,False,False,False
2026-08-01,3304B,99900330475,BIG BOTTOM NAVY GIN,GIN,750 ML,750,114.0,,,United States,Bottle,1,12,41.95,503.4,1.65,0.0,Trial Listing,T,True,False,False
2026-08-01,3308B,99900330875,WILD TURKEY AM. HON W/PITCHER,DOMESTIC WHISKEY,750 ML,750,71.0,,,United States,VAP,1,6,23.95,143.7,0.94,0.0,Holiday,H,False,False,False
2026-08-01,3309B,99900330975,JIM BEAM DEVIL'S CUT W/GLS,DOMESTIC WHISKEY,750 ML,750,90.0,,,United States,VAP,1,6,21.95,131.7,0.86,-3.0,Holiday,H,False,False,False
2026-08-01,3312B,99900331275,KAHLUA W/COFFEE MUG,CORDIALS,750 ML,750,40.0,,,Mexico,VAP,1,6,27.95,167.7,1.1,0.0,Holiday,H,False,False,False
2026-08-01,3314B,99900331475,JACK DANIEL'S TN HONEY W/GIFT,DOMESTIC WHISKEY,750 ML,750,70.0,,,United States,VAP,1,6,19.95,119.7,0.79,0.0,Holiday,H,False,False,False
2026-08-01,3334B,99900333475,TEELING SINGLE GRAIN IRISH WHISKEY,IRISH,750 ML,750,92.0,,,Republic of Ireland,Bottle,1,6,49.95,299.7,1.97,0.0,Limited Listing,L,False,False,False
2026-08-01,3335B,99900333575,STILLWAGON DEVILS OWN MOCHA RUM,RUM,750 ML,750,85.0,,,United States,Bottle,1,12,49.95,599.4,1.97,0.0,Trial Listing,T,True,False,False
2026-08-01,3336B,99900333675,STILLWAGON DEVILS OWN FEIJOA RUM,RUM,750 ML,750,85.0,,,United States,Bottle,1,12,44.95,539.4,1.77,0.0,Seasonal,B,True,False,False
2026-08-01,3337B,99900333775,STILLWAGON DEVILS OWN PINEAPPLE RUM,RUM,750 ML,750,100.0,,,United States,Bottle,1,12,49.95,599.4,1.97,0.0,Trial Listing,T,True,False,False
2026-08-01,3338B,99900333875,STILLWAGON DEVILS OWN FALERNUM RUM,RUM,750 ML,750,85.0,,,United States,Bottle,1,12,49.95,599.4,1.97,0.0,Limited Listing,L,True,False,False
2026-08-01,3351B,99900335175,KOLOA COCONUT RUM,RUM,750 ML,750,80.0,,,,Bottle,1,6,38.95,233.7,1.53,0.0,Limited Listing,L,False,False,False
2026-08-01,3353B,99900335375,HIGH WEST BOURBON,DOMESTIC WHISKEY,750 ML,750,92.0,,,United States,Bottle,1,6,32.95,197.7,1.3,-2.0,Regular,R,False,False,False
2026-08-01,3357B,99900335775,GRIND ESPRESSO SHOT RUM,RUM,750 ML,750,60.0,,,,Bottle,1,12,16.95,203.4,0.67,2.0,Regular,R,False,False,False
2026-08-01,3358B,99900335875,TRAILS END 8 YEAR BOURBON,DOMESTIC WHISKEY,750 ML,750,90.0,8 YRS,96,United States,Bottle,1,12,37.95,455.4,1.49,3.0,Regular,R,True,False,False
2026-08-01,3359B,99900335975,ROLLING RIVER COFFEE SPIRIT,VODKA,750 ML,750,80.0,,,United States,Bottle,1,12,12.0,144.0,0.47,0.0,Seasonal,B,True,False,False
2026-08-01,3361B,99900336175,OLD FORESTER 1897 CRAFT,DOMESTIC WHISKEY,750 ML,750,100.0,,,United States,Bottle,1,6,49.95,299.7,1.97,0.0,Seasonal,B,False,False,False
2026-08-01,3364B,99900336475,AUCHENTOSHAN AMERICAN OAK,SCOTCH,750 ML,750,80.0,,,Scotland,Bottle,1,6,54.95,329.7,2.16,0.0,Regular,R,False,False,False
2026-08-01,3368B,99900336875,PIKESVILLE RYE 110 WHISKEY,DOMESTIC WHISKEY,750 ML,750,110.0,6 YRS,72,United States,Bottle,1,6,49.95,299.7,1.97,-5.0,Seasonal,B,False,False,False
2026-08-01,3372B,99900337275,GLENFIDDICH 14YR,SCOTCH,750 ML,750,86.0,,,Scotland,Bottle,1,6,69.95,419.7,2.75,10.0,Regular,R,False,False,False
2026-08-01,3372E,99900337237,GLENFIDDICH 14YR,SCOTCH,375 ML,375,86.0,,,Scotland,Bottle,1,24,24.95,598.8,1.96,0.0,One Time Buy,O,False,False,False
2026-08-01,3394B,99900339475,WHISTLEPIG 12 YR OLD WORLD MARRIAGE,DOMESTIC WHISKEY,750 ML,750,86.0,12 YRS,144,United States,Bottle,1,6,129.95,779.7,5.12,0.0,Seasonal,B,False,False,False
2026-08-01,3399B,99900339975,STILLWAGON PERSIAN REED VODKA,VODKA,750 ML,750,80.0,,,United States,Bottle,1,12,34.95,419.4,1.38,0.0,Trial Listing,T,True,False,False
2026-08-01,3400B,99900340075,BLADE & BOW,DOMESTIC WHISKEY,750 ML,750,91.0,,,United States,Bottle,1,6,44.95,269.7,1.77,-5.0,Seasonal,B,False,False,False
2026-08-01,3402B,99900340275,COLUMBIA ABSINTHE VERTE,CORDIALS,750 ML,750,80.0,,,United States,Bottle,1,12,50.0,600.0,1.97,0.0,Limited Listing,L,True,False,False
2026-08-01,3405B,99900340575,J SEEDS APPLE CIDER WHISKEY,DOMESTIC WHISKEY,750 ML,750,70.0,,,United States,Bottle,1,6,16.05,96.3,0.63,0.0,Regular,R,False,False,False
2026-08-01,3413B,99900341375,4 SPIRITS AMERICAN WHISKEY,DOMESTIC WHISKEY,750 ML,750,80.0,,,United States,Bottle,1,12,31.95,383.4,1.26,0.0,Limited Listing,L,True,False,False
2026-08-01,3419B,99900341975,THE WALTER COLLECTIVE GIN,GIN,750 ML,750,90.0,,,United States,Bottle,1,12,34.95,419.4,1.38,0.0,Limited Listing,L,True,False,False
2026-08-01,3421B,99900342175,SMIRNOFF PEPPERMINT TWIST,VODKA,750 ML,750,60.0,,,United States,Bottle,1,12,12.95,155.4,0.51,0.0,Seasonal,B,False,False,False
2026-08-01,3421F,99900342105,SMIRNOFF PEPPERMINT TWIST,VODKA,50 ML,50,60.0,,,United States,Bottle,1,120,1.5,180.0,0.88,0.0,Seasonal,B,False,False,False
2026-08-01,3424B,99900342475,BAILEYS ESPRESSO CREME,CORDIALS,750 ML,750,34.0,,,Republic of Ireland,Bottle,1,12,29.95,359.4,1.18,0.0,Regular,R,False,False,False
2026-08-01,3428B,99900342875,SUNTORY HIBIKI HARMONY,OTHER IMPORTED WHISKY,750 ML,750,86.0,,,,Bottle,1,6,99.95,599.7,3.94,0.0,Seasonal,B,False,False,False
2026-08-01,3444B,99900344475,PARLAE VODKA,VODKA,750 ML,750,80.0,,,United States,Bottle,1,12,24.95,299.4,0.98,0.0,Trial Listing,T,True,False,False
2026-08-01,3448B,99900344875,NEW BASIN STAGGER GIN,GIN,750 ML,750,80.0,,,United States,Bottle,1,12,24.95,299.4,0.98,0.0,Limited Listing,L,True,False,False
2026-08-01,3453B,99900345375,PLANTERAY STIGGINS PINEAPPLE RUM,RUM,750 ML,750,80.0,,,Barbados,Bottle,1,6,42.95,257.7,1.69,0.0,Regular,R,False,False,False
2026-08-01,3456B,99900345675,JACK DANIEL'S S/B BARREL PROOF,DOMESTIC WHISKEY,750 ML,750,125.0,,,United States,Bottle,1,6,65.95,395.7,2.6,0.0,Regular,R,False,False,False
2026-08-01,3457B,99900345775,HELL CAT MAGGIE IRISH WHISKEY,IRISH,750 ML,750,80.0,,,Republic of Ireland,Bottle,1,12,19.95,239.4,0.79,-5.0,Regular,R,False,False,False
2026-08-01,3467B,99900346775,NEW BASIN FIRST CUT VODKA,VODKA,750 ML,750,80.0,,,United States,Bottle,1,12,21.95,263.4,0.86,0.0,Limited Listing,L,True,False,False
2026-08-01,3468B,99900346875,NEW BASIN STRONG WHISKEY,DOMESTIC WHISKEY,750 ML,750,80.0,,,United States,Bottle,1,6,39.95,239.7,1.57,0.0,Limited Listing,L,True,False,False
2026-08-01,3489B,99900348975,SMIRNOFF SOURS BERRY LEMON,VODKA,750 ML,750,60.0,,,United States,Bottle,1,12,12.95,155.4,0.51,0.0,Regular,R,False,False,False
2026-08-01,3492B,99900349275,CRAIGELLACHIE 13 YR S/M WHISKEY,SCOTCH,750 ML,750,92.0,,,Scotland,Bottle,1,6,59.95,359.7,2.36,0.0,Seasonal,B,False,False,False
2026-08-01,3495B,99900349575,DOUBLE CIRCLE VODKA,VODKA,750 ML,750,80.0,,,United States,Bottle,1,12,24.95,299.4,0.98,0.0,Limited Listing,L,True,False,False
2026-08-01,3521H,99900352117,CAPTAIN MORGAN WHITE RUM PET,RUM,1.75 L,1750,80.0,,,Puerto Rico,Bottle,1,6,27.95,167.7,0.47,5.0,Regular,R,False,False,False
2026-08-01,3522D,99900352220,FIREBALL PET 4-50ML'S GIFT PACK,CANADIAN,50 ML,50,66.0,,,Canada,Multi-Pack Bottle,4,30,3.95,118.5,0.58,0.0,Regular,R,False,False,False
2026-08-01,3523A,99900352310,ROSE CITY DISTILLING VODKA,VODKA,LITER,1000,80.0,,,United States,Bottle,1,12,10.95,131.4,0.32,0.0,Regular,R,True,False,False
2026-08-01,3523E,99900352337,ROSE CITY DISTILLING VODKA,VODKA,375 ML,375,80.0,,,United States,Bottle,1,24,4.95,118.8,0.39,0.0,Regular,R,True,False,False
2026-08-01,3523H,99900352317,ROSE CITY DISTILLING VODKA,VODKA,1.75 L,1750,80.0,,,United States,Bottle,1,6,17.95,107.7,0.3,0.0,Regular,R,True,False,False
2026-08-01,3531B,99900353175,CIROC APPLE,VODKA,750 ML,750,70.0,,,France,Bottle,1,12,35.95,431.4,1.42,6.0,Regular,R,False,False,False
2026-08-01,3540B,99900354075,PILOT HOUSE COFFEE LIQUEUR,CORDIALS,750 ML,750,80.0,,,United States,Bottle,1,12,30.0,360.0,1.18,0.0,Limited Listing,L,True,False,False
2026-08-01,3557B,99900355775,E & J APPLE BRANDY,BRANDY / COGNAC,750 ML,750,60.0,,,United States,Bottle,1,12,11.95,143.4,0.47,0.0,Regular,R,False,False,False
2026-08-01,3597B,99900359775,BURNETT'S VODKA CARRY PACK,VODKA,750 ML,750,80.0,,,United States,VAP,1,12,8.95,107.4,0.35,0.0,Regular,R,False,False,False
2026-08-01,3604B,99900360475,ROLLING RIVER AQUAVIT GAMLE HOLIDAY,CORDIALS,750 ML,750,84.0,,,United States,Bottle,1,12,32.0,384.0,1.26,0.0,Seasonal,B,True,False,False
2026-08-01,3604E,99900360437,ROLLING RIVER AQUAVIT GAMLE HOLIDAY,CORDIALS,375 ML,375,84.0,,,United States,Bottle,1,12,24.0,288.0,1.89,0.0,Seasonal,B,True,False,False
2026-08-01,3605E,99900360537,ROLLING RIVER AQUAVIT OLD OLE BJORK,CORDIALS,375 ML,375,84.0,,,United States,Bottle,1,12,20.0,240.0,1.57,0.0,Seasonal,B,True,False,False
2026-08-01,3646B,99900364675,GIFFARD CREME DE CACAO BLANC,CORDIALS,750 ML,750,50.0,,,,Bottle,1,6,31.95,191.7,1.26,0.0,Limited Listing,L,False,False,False
2026-08-01,3653B,99900365375,WRITERS' TEARS COPPER POT IRISH WHISKEY,IRISH,750 ML,750,80.0,,,Republic of Ireland,Bottle,1,6,39.95,239.7,1.57,0.0,Regular,R,False,False,False
2026-08-01,3655B,99900365575,HUSSONGS 100% PLATINUM ANEJO,TEQUILA,750 ML,750,80.0,,,Mexico,Bottle,1,6,68.95,413.7,2.71,0.0,Regular,R,False,False,False
2026-08-01,3659B,99900365975,JACK DANIEL'S TN FIRE W/WATER BOTTLE,DOMESTIC WHISKEY,750 ML,750,70.0,,,United States,VAP,1,6,19.95,119.7,0.79,0.0,Holiday,H,False,False,False
2026-08-01,3662E,99900366237,CHUM-CHURUM SOJU ORIGINAL 16.5,CORDIALS,375 ML,375,34.0,,,,Bottle,1,20,6.45,129.0,0.51,0.0,Regular,R,False,False,False
2026-08-01,3662H,99900366217,CHUM-CHURUM SOJU ORIGINAL 16.5,CORDIALS,1.75 L,1750,34.0,,,South Korea,Bottle,1,6,24.95,149.7,0.42,0.0,Trial Listing,T,False,False,False
2026-08-01,3678B,99900367875,XICARU SILVER,TEQUILA,750 ML,750,81.0,,,Mexico,Bottle,1,6,33.95,203.7,1.34,-2.0,Trial Listing,T,False,False,False
2026-08-01,3679B,99900367975,DEEP EDDY PEACH,VODKA,750 ML,750,70.0,,,United States,Bottle,1,12,19.95,239.4,0.79,3.0,Regular,R,False,False,False
2026-08-01,3690B,99900369075,THE QUIET MAN IRISH WHISKEY,IRISH,750 ML,750,80.0,,,Republic of Ireland,Bottle,1,6,29.95,179.7,1.18,-5.0,Regular,R,False,False,False
2026-08-01,3709B,99900370975,GIFFARD CASSIS NOIR DE BOURGOGNE,CORDIALS,750 ML,750,40.0,,,,Bottle,1,6,36.95,221.7,1.45,3.0,Trial Listing,T,False,False,False
2026-08-01,3710B,99900371075,GIFFARD ABRICOT DU ROUSSILLON,CORDIALS,750 ML,750,50.0,,,,Bottle,1,6,38.95,233.7,1.53,0.0,Limited Listing,L,False,False,False
2026-08-01,3711B,99900371175,GIFFARD CREME DE PECHE DE VIGNE,CORDIALS,750 ML,750,32.0,,,,Bottle,1,6,30.95,185.7,1.22,-3.0,Limited Listing,L,False,False,False
2026-08-01,3732B,99900373275,WHEATLEY VODKA,VODKA,750 ML,750,82.0,,,,Bottle,1,12,11.95,143.4,0.47,0.0,Limited Listing,L,False,False,False
2026-08-01,3732H,99900373217,WHEATLEY VODKA,VODKA,1.75 L,1750,82.0,,,,Bottle,1,6,19.95,119.7,0.34,0.0,Regular,R,False,False,False
2026-08-01,3734B,99900373475,LARCENY BOURBON,DOMESTIC WHISKEY,750 ML,750,92.0,,,United States,Bottle,1,12,22.95,275.4,0.9,-7.0,Regular,R,False,False,False
2026-08-01,3734H,99900373417,LARCENY BOURBON,DOMESTIC WHISKEY,1.75 L,1750,92.0,,,United States,Bottle,1,6,54.95,329.7,0.93,5.0,Regular,R,False,False,False
2026-08-01,3748B,99900374875,STILLWAGON DEVILS OWN CRANBERRY RUM,RUM,750 ML,750,90.0,,,United States,Bottle,1,12,49.95,599.4,1.97,0.0,Limited Listing,L,True,False,False
2026-08-01,3749B,99900374975,BLOOD OATH PACT IX,DOMESTIC WHISKEY,750 ML,750,98.6,,,United States,Bottle,1,3,129.95,389.85,5.12,0.0,Seasonal,B,False,False,False
2026-08-01,3752B,99900375275,BELLKURVE VODKA,VODKA,750 ML,750,80.0,,,United States,Bottle,1,12,19.95,239.4,0.79,0.0,Trial Listing,T,True,False,False
2026-08-01,3752F,99900375205,BELLKURVE VODKA,VODKA,50 ML,50,80.0,,,United States,Bottle,1,60,2.0,120.0,1.18,0.0,Trial Listing,T,True,False,False
2026-08-01,3756B,99900375675,GHOST OWL RYE WHISKY,DOMESTIC WHISKEY,750 ML,750,84.0,,,United States,Bottle,1,12,29.95,359.4,1.18,0.0,Limited Listing,L,True,False,False
2026-08-01,3757E,99900375737,SOONHARI PEACH SOJU,CORDIALS,375 ML,375,24.0,,,,Bottle,1,20,6.45,129.0,0.51,0.0,Regular,R,False,False,False
2026-08-01,3758B,99900375875,GIFFARD VANILLE DE MADAGASCAR,CORDIALS,750 ML,750,40.0,,,,Bottle,1,6,36.95,221.7,1.45,0.0,Limited Listing,L,False,False,False
2026-08-01,3760B,99900376075,GIFFARD LICHI-LI,CORDIALS,750 ML,750,36.0,,,,Bottle,1,6,33.95,203.7,1.34,0.0,Limited Listing,L,False,False,False
2026-08-01,3772B,99900377275,AVION RESERVA 44 EXTRA ANEJO,TEQUILA,750 ML,750,80.0,,,Mexico,Bottle,1,4,99.95,399.8,3.94,0.0,Regular,R,False,False,False
2026-08-01,3773B,99900377375,BUSHMILLS 80PF W/ BLKBUSH 50ML,IRISH,750 ML,750,80.0,,,Republic of Ireland,VAP,1,6,29.95,179.7,1.18,5.0,Holiday,H,False,False,False
2026-08-01,3779B,99900377975,4 SPIRITS SINGLE MALT WHISKEY,DOMESTIC WHISKEY,750 ML,750,80.0,,,United States,Bottle,1,12,59.95,719.4,2.36,0.0,Limited Listing,L,True,False,False
2026-08-01,3785B,99900378575,CRATER LAKE RESERVE RYE WHISKEY,DOMESTIC WHISKEY,750 ML,750,96.0,,,United States,Bottle,1,6,29.95,179.7,1.18,0.0,Limited Listing,L,True,False,False
2026-08-01,3797B,99900379775,NEW AMSTERDAM VODKA 100 PROOF,VODKA,750 ML,750,100.0,,,United States,Bottle,1,12,13.95,167.4,0.55,0.0,Regular,R,False,False,False
2026-08-01,3798B,99900379875,LAGAVULIN 8 YEAR,SCOTCH,750 ML,750,96.0,8 YRS,96,Scotland,Bottle,1,6,69.95,419.7,2.75,0.0,Regular,R,False,False,False
2026-08-01,3805B,99900380575,"SMIRNOFF RED, WHITE & BERRY",VODKA,750 ML,750,60.0,,,United States,Bottle,1,12,12.95,155.4,0.51,0.0,Seasonal,B,False,False,False
2026-08-01,3805F,99900380505,"SMIRNOFF RED, WHITE & BERRY",VODKA,50 ML,50,60.0,,,United States,Bottle,1,120,1.5,180.0,0.88,0.0,Seasonal,B,False,False,False
2026-08-01,3805H,99900380517,"SMIRNOFF RED, WHITE & BERRY",VODKA,1.75 L,1750,60.0,,,United States,Bottle,1,6,19.95,119.7,0.34,-2.0,Seasonal,B,False,False,False
2026-08-01,3809B,99900380975,OLE SMOKY APPLE PIE 70PROOF,DOMESTIC WHISKEY,750 ML,750,70.0,,,United States,Bottle,1,6,24.95,149.7,0.98,0.0,Trial Listing,T,False,False,False
2026-08-01,3823B,99900382375,LAPHROAIG LORE,SCOTCH,750 ML,750,96.0,,,Scotland,Bottle,1,6,124.95,749.7,4.92,0.0,Limited Listing,L,False,False,False
2026-08-01,3824B,99900382475,SUNTORY TOKI WHISKY,OTHER IMPORTED WHISKY,750 ML,750,86.0,,,,Bottle,1,6,39.95,239.7,1.57,3.0,Regular,R,False,False,False
2026-08-01,3830B,99900383075,RUMHAVEN,RUM,750 ML,750,42.0,,,,Bottle,1,12,18.95,227.4,0.75,0.0,Limited Listing,L,False,False,False
2026-08-01,3834B,99900383475,THE GLENLIVET FOUNDERS RESERVE,SCOTCH,750 ML,750,80.0,,,Scotland,Bottle,1,12,49.95,599.4,1.97,0.0,Regular,R,False,False,False
2026-08-01,3838B,99900383875,EL SILENCIO MEZCAL BLACK (ESPADIN),MEZCAL,750 ML,750,86.0,,,Mexico,Bottle,1,6,39.85,239.1,1.57,0.0,Regular,R,False,False,False
2026-08-01,3842B,99900384275,NEW DEAL HUB BREWER'S WHISKEY,DOMESTIC WHISKEY,750 ML,750,80.0,,,United States,Bottle,1,12,39.95,479.4,1.57,0.0,Trial Listing,T,True,False,False
2026-08-01,3844B,99900384475,MALFY GIN,GIN,750 ML,750,82.0,,,,Bottle,1,6,29.95,179.7,1.18,2.0,Limited Listing,L,False,False,False
2026-08-01,3846B,99900384675,EASY RIDER BOURBON,DOMESTIC WHISKEY,750 ML,750,80.0,,,United States,Bottle,1,12,24.95,299.4,0.98,5.0,Regular,R,False,False,False
2026-08-01,3859B,99900385975,WHISTLEPIG 15 YR STRAIGHT RYE WHISKEY,CANADIAN,750 ML,750,92.0,15 YRS,180,Canada,Bottle,1,3,199.95,599.85,7.87,0.0,Seasonal,B,False,False,False
2026-08-01,3881B,99900388175,CROWN ROYAL VANILLA,CANADIAN,750 ML,750,70.0,,,Canada,Bottle,1,12,29.95,359.4,1.18,4.0,Regular,R,False,False,False
2026-08-01,3881E,99900388137,CROWN ROYAL VANILLA,CANADIAN,375 ML,375,70.0,,,Canada,Bottle,1,24,14.95,358.8,1.18,0.0,Regular,R,False,False,False
2026-08-01,3881F,99900388105,CROWN ROYAL VANILLA,CANADIAN,50 ML,50,70.0,,,Canada,Bottle,1,60,2.75,165.0,1.62,0.0,Regular,R,False,False,False
2026-08-01,3881H,99900388117,CROWN ROYAL VANILLA,CANADIAN,1.75 L,1750,70.0,,,Canada,Bottle,1,6,49.95,299.7,0.84,-6.0,Regular,R,False,False,False
2026-08-01,3884B,99900388475,1792 SINGLE BARREL BOURBON,DOMESTIC WHISKEY,750 ML,750,98.6,8 YRS,96,United States,Bottle,1,6,46.95,281.7,1.85,0.0,Seasonal,B,False,False,False
2026-08-01,3885H,99900388517,FIREBALL BAG IN BOX (3 PK),CANADIAN,1.75 L,1750,66.0,,,Canada,Multi-Pack Bottle,3,3,48.95,146.85,0.83,0.0,Seasonal,B,False,False,False
2026-08-01,3888B,99900388875,1792 FULL PROOF BOURBON,DOMESTIC WHISKEY,750 ML,750,125.0,8 YRS,96,United States,Bottle,1,6,51.95,311.7,2.05,0.0,Seasonal,B,False,False,False
2026-08-01,3893B,99900389375,JACK DANIEL'S TENN. FIRE W/GIFT,DOMESTIC WHISKEY,750 ML,750,70.0,,,United States,VAP,1,6,19.95,119.7,0.79,0.0,Holiday,H,False,False,False
2026-08-01,3896B,99900389675,CAPPELLETTI AMARO SFUMATO RABARBARO,CORDIALS,750 ML,750,40.0,,,,Bottle,1,12,24.95,299.4,0.98,0.0,Limited Listing,L,False,False,False
2026-08-01,3901B,99900390175,YELLOWSTONE SELECT,DOMESTIC WHISKEY,750 ML,750,93.0,,,United States,Bottle,1,6,29.95,179.7,1.18,-5.0,Regular,R,False,False,False
2026-08-01,3902B,99900390275,REBEL ROOT BEER WHISKEY,DOMESTIC WHISKEY,750 ML,750,70.0,,,United States,Bottle,1,6,19.95,119.7,0.79,0.0,Trial Listing,T,False,False,False
2026-08-01,3903B,99900390375,MACALLAN DOUBLE CASK 12 YR,SCOTCH,750 ML,750,86.0,12 YRS,144,Scotland,Bottle,1,12,79.95,959.4,3.15,0.0,Regular,R,False,False,False
2026-08-01,3910B,99900391075,STILLWAGON WHISKEY RUN SINGLE MALT WHISKEY,DOMESTIC WHISKEY,750 ML,750,92.5,,,United States,Bottle,1,12,64.95,779.4,2.56,0.0,Trial Listing,T,True,False,False
2026-08-01,3918B,99900391875,MEZCAL CREYENTE,TEQUILA,750 ML,750,80.0,,,Mexico,Bottle,1,6,43.95,263.7,1.73,0.0,Limited Listing,L,False,False,False
2026-08-01,3921B,99900392175,HDC LAVENDER VODKA,VODKA,750 ML,750,60.0,,,United States,Bottle,1,12,19.95,239.4,0.79,0.0,Regular,R,True,False,False
2026-08-01,3934B,99900393475,TEMPLETON RYE 6 YR,DOMESTIC WHISKEY,750 ML,750,91.5,,,United States,Bottle,1,6,43.95,263.7,1.73,4.0,Regular,R,False,False,False
2026-08-01,3935B,99900393575,EVAN WILLIAMS PEACH,DOMESTIC WHISKEY,750 ML,750,70.0,,,United States,Bottle,1,12,14.95,179.4,0.59,0.0,Regular,R,False,False,False
2026-08-01,3944B,99900394475,WILD ROOTS VODKA,VODKA,750 ML,750,80.0,,,United States,Bottle,1,12,17.95,215.4,0.71,-2.0,Regular,R,True,False,False
2026-08-01,3944H,99900394417,WILD ROOTS VODKA,VODKA,1.75 L,1750,80.0,,,United States,Bottle,1,6,39.95,239.7,0.67,5.0,Regular,R,True,False,False
2026-08-01,3945B,99900394575,WILD ROOTS PEAR VODKA,VODKA,750 ML,750,70.0,,,United States,Bottle,1,12,29.95,359.4,1.18,3.0,Regular,R,True,False,False
2026-08-01,3947B,99900394775,CRATER LAKE NW BERRY VODKA,VODKA,750 ML,750,70.0,,,United States,Bottle,1,12,24.95,299.4,0.98,5.0,Regular,R,True,False,False
2026-08-01,3953B,99900395375,BANHEZ JOVEN ESPADIN & BARRIL MEZCAL,MEZCAL,750 ML,750,80.0,,,Mexico,Bottle,1,12,32.95,395.4,1.3,0.0,Regular,R,False,False,False
2026-08-01,3975B,99900397575,NEW DEAL CASCADIA BITTER LIQUEUR,CORDIALS,750 ML,750,70.0,,,United States,Bottle,1,12,34.95,419.4,1.38,0.0,Limited Listing,L,True,False,False
2026-08-01,3979B,99900397975,EFFEN BLOOD ORANGE VODKA,VODKA,750 ML,750,75.0,,,,Bottle,1,6,24.95,149.7,0.98,5.0,Regular,R,False,False,False
2026-08-01,3982B,99900398275,JIM BEAM DOUBLE OAK,DOMESTIC WHISKEY,750 ML,750,86.0,,,United States,Bottle,1,12,21.95,263.4,0.86,-3.0,Regular,R,False,False,False
2026-08-01,3988B,99900398875,GLACIER45 VODKA,VODKA,750 ML,750,80.0,,,United States,Bottle,1,12,26.95,323.4,1.06,0.0,Limited Listing,L,True,False,False
2026-08-01,3989B,99900398975,GLACIER45 HUCKLEBERRY VODKA,VODKA,750 ML,750,70.0,,,United States,Bottle,1,12,26.95,323.4,1.06,0.0,Regular,R,True,False,False
2026-08-01,3990B,99900399075,GLACIER45 PEPPER VODKA,VODKA,750 ML,750,70.0,,,United States,Bottle,1,6,26.95,161.7,1.06,0.0,Trial Listing,T,True,False,False
2026-08-01,4009B,99900400975,CLYDE MAY'S STRAIGHT BOURBON WHISKEY,DOMESTIC WHISKEY,750 ML,750,92.0,5 YRS,60,United States,Bottle,1,6,27.95,167.7,1.1,0.0,Regular,R,False,False,False
2026-08-01,4019B,99900401975,GREEN SPOT CHATEAU LEOVILLE BARTON,IRISH,750 ML,750,92.0,,,Republic of Ireland,Bottle,1,6,169.95,1019.7,6.69,0.0,Seasonal,B,False,False,False
2026-08-01,4021B,99900402175,PLANTERAY ORIGINAL DARK,RUM,750 ML,750,80.0,,,Barbados,Bottle,1,6,26.95,161.7,1.06,0.0,Regular,R,False,False,False
2026-08-01,4022A,99900402210,PLANTERAY OFTD OVERPROOF RUM,RUM,LITER,1000,138.0,,,Barbados,Bottle,1,6,44.95,269.7,1.33,0.0,Regular,R,False,False,False
2026-08-01,4024E,99900402437,SOONHARI CITRON KOREAN SOJU,CORDIALS,375 ML,375,24.0,,,,Bottle,1,20,6.45,129.0,0.51,0.0,Limited Listing,L,False,False,False
2026-08-01,4041B,99900404175,HDC ELK RIDER CRISP GIN,GIN,750 ML,750,94.0,,,United States,Bottle,1,12,19.95,239.4,0.79,0.0,Limited Listing,L,True,False,False
2026-08-01,4051E,99900405137,CANNON BEACH EASY BUOY,GIN,375 ML,375,42.0,,,United States,Bottle,1,24,20.0,480.0,1.57,0.0,Limited Listing,L,True,False,False
2026-08-01,4052B,99900405275,REBEL 10YR SINGLE BARREL,DOMESTIC WHISKEY,750 ML,750,100.0,,,United States,Bottle,1,6,99.95,599.7,3.94,0.0,One Time Buy,O,False,False,False
2026-08-01,4054B,99900405475,FOUR ROSES BOURBON GIFT,DOMESTIC WHISKEY,750 ML,750,80.0,,,United States,VAP,1,6,26.95,161.7,1.06,0.0,Holiday,H,False,False,False
2026-08-01,4059B,99900405975,THINKING TREE GIFTED GIN,GIN,750 ML,750,80.0,,,United States,VAP,1,6,29.95,179.7,1.18,0.0,Regular,R,True,False,False
2026-08-01,4060B,99900406075,THINKING TREE MAINSTAGE VODKA,VODKA,750 ML,750,80.0,,,United States,Bottle,1,6,24.95,149.7,0.98,0.0,Limited Listing,L,True,False,False
2026-08-01,4061B,99900406175,THINKING TREE WHITEAKER RUM,RUM,750 ML,750,40.0,,,United States,Bottle,1,6,29.95,179.7,1.18,0.0,Limited Listing,L,True,False,False
2026-08-01,4073B,99900407375,WESTLAND GARRYANA S/M WHISKY 5TH EDITION,WHISKEY,750 ML,750,112.0,,,,Bottle,1,6,147.95,887.7,5.82,0.0,Seasonal,B,False,False,False
2026-08-01,4074B,99900407475,KRAKEN RUM W/GIFT VAP,RUM,750 ML,750,94.0,,,United States,VAP,1,6,20.95,125.7,0.82,-2.0,Holiday,H,False,False,False
2026-08-01,4075B,99900407575,RANSOM RYE MASH WHISKEY,DOMESTIC WHISKEY,750 ML,750,93.4,,,United States,Bottle,1,6,34.95,209.7,1.38,0.0,Limited Listing,L,True,False,False
2026-08-01,4087B,99900408775,NIKKA COFFEY MALT,OTHER IMPORTED WHISKY,750 ML,750,90.0,,,,Bottle,1,6,69.95,419.7,2.75,0.0,Limited Listing,L,False,False,False
2026-08-01,4089B,99900408975,TEQUILA OCHO ANEJO,TEQUILA,750 ML,750,80.0,,,Mexico,Bottle,1,6,74.95,449.7,2.95,0.0,Seasonal,B,False,False,False
2026-08-01,4093B,99900409375,NIKKA MIYAGIKYO SINGLE MALT (NAS),OTHER IMPORTED WHISKY,750 ML,750,90.0,,,,Bottle,1,6,84.95,509.7,3.34,0.0,Limited Listing,L,False,False,False
2026-08-01,4094B,99900409475,NIKKA YOICHI SINGLE MALT WHISKEY (NAS),OTHER IMPORTED WHISKY,750 ML,750,90.0,,,,Bottle,1,6,84.95,509.7,3.34,0.0,Limited Listing,L,False,False,False
2026-08-01,4097B,99900409775,SWALLOWTAIL GIN,GIN,750 ML,750,90.0,,,United States,Bottle,1,12,29.95,359.4,1.18,0.0,Trial Listing,T,True,False,False
2026-08-01,4098B,99900409875,SWALLOWTAIL NAVY STRENGTH GIN,GIN,750 ML,750,114.0,,,United States,Bottle,1,12,34.95,419.4,1.38,0.0,Trial Listing,T,True,False,False
2026-08-01,4099B,99900409975,TRILLIUM GIN,GIN,750 ML,750,90.0,,,United States,Bottle,1,12,34.95,419.4,1.38,0.0,Limited Listing,L,True,False,False
2026-08-01,4100B,99900410075,FIRST CITY VODKA,VODKA,750 ML,750,90.0,,,United States,Bottle,1,12,29.95,359.4,1.18,0.0,Limited Listing,L,True,False,False
2026-08-01,4103B,99900410375,OLD FORESTER 1920 CRAFT,DOMESTIC WHISKEY,750 ML,750,115.0,,,United States,Bottle,1,6,59.95,359.7,2.36,0.0,Regular,R,False,False,False
2026-08-01,4105B,99900410575,HAVANA CLUB BLANCO,RUM,750 ML,750,80.0,,,,Bottle,1,12,20.95,251.4,0.82,0.0,Limited Listing,L,False,False,False
2026-08-01,4106B,99900410675,HAVANA CLUB CLASICO,RUM,750 ML,750,80.0,,,,Bottle,1,12,22.95,275.4,0.9,0.0,Limited Listing,L,False,False,False
2026-08-01,4148B,99900414875,WILD ROOTS CRANBERRY,VODKA,750 ML,750,70.0,,,United States,Bottle,1,12,29.95,359.4,1.18,3.0,Regular,R,True,False,False
2026-08-01,4149B,99900414975,ABSOLUT LIME,VODKA,750 ML,750,80.0,,,Sweden,Bottle,1,12,24.95,299.4,0.98,5.0,Regular,R,False,False,False
2026-08-01,4149H,99900414917,ABSOLUT LIME,VODKA,1.75 L,1750,80.0,,,Sweden,Bottle,1,6,41.95,251.7,0.71,-5.0,Limited Listing,L,False,False,False
2026-08-01,4153B,99900415375,ROLLING RIVER AQUA. BRN BEAR,CORDIALS,750 ML,750,84.0,,,United States,Bottle,1,12,32.0,384.0,1.26,0.0,Seasonal,B,True,False,False
2026-08-01,4177I,99900417770,FERNET DEI FRATELLI LORETO,CORDIALS,700 ML,700,80.0,,,United States,Bottle,1,12,39.95,479.4,1.69,0.0,Limited Listing,L,True,False,False
2026-08-01,4206B,99900420675,LUXARDO BITTER BIANCO,CORDIALS,750 ML,750,50.0,,,,Bottle,1,6,29.95,179.7,1.18,0.0,Trial Listing,T,False,False,False
2026-08-01,4222B,99900422275,DROP SHOP ORANGECELLO,CORDIALS,750 ML,750,70.0,,,United States,Bottle,1,6,25.95,155.7,1.02,0.0,Trial Listing,T,True,False,False
2026-08-01,4223B,99900422375,DROP SHOP LIMONCELLO,CORDIALS,750 ML,750,70.0,,,United States,Bottle,1,6,25.95,155.7,1.02,0.0,Limited Listing,L,True,False,False
2026-08-01,4237B,99900423775,HDC STATE VODKA,VODKA,750 ML,750,80.0,,,United States,Bottle,1,12,8.95,107.4,0.35,0.0,Regular,R,True,False,False
2026-08-01,4237H,99900423717,HDC STATE VODKA,VODKA,1.75 L,1750,80.0,,,United States,Bottle,1,6,17.95,107.7,0.3,0.0,Regular,R,True,False,False
2026-08-01,4245B,99900424575,99 WATERMELON,CORDIALS,750 ML,750,99.0,,,United States,Bottle,1,12,13.95,167.4,0.55,3.0,Regular,R,False,False,False
2026-08-01,4245F,99900424505,99 WATERMELON,CORDIALS,50 ML,50,99.0,,,United States,Bottle,1,120,2.0,240.0,1.18,0.0,One Time Buy,O,False,False,False
2026-08-01,4262B,99900426275,DEEP EDDY ORANGE,VODKA,750 ML,750,70.0,,,United States,Bottle,1,12,19.95,239.4,0.79,3.0,Limited Listing,L,False,False,False
2026-08-01,4269B,99900426975,OREGON SPIRIT STRAIGHT BOURBON,DOMESTIC WHISKEY,750 ML,750,94.0,,,United States,Bottle,1,6,39.95,239.7,1.57,0.0,Regular,R,True,False,False
2026-08-01,4270B,99900427075,OREGON SPIRIT STRAIGHT WHEAT,DOMESTIC WHISKEY,750 ML,750,90.0,,,United States,Bottle,1,6,39.95,239.7,1.57,0.0,Limited Listing,L,True,False,False
2026-08-01,4271B,99900427175,OREGON SPIRIT BOURBON BIB,DOMESTIC WHISKEY,750 ML,750,100.0,,,United States,Bottle,1,6,49.95,299.7,1.97,0.0,Limited Listing,L,True,False,False
2026-08-01,4272B,99900427275,OREGON SPIRIT WHEAT BIB,DOMESTIC WHISKEY,750 ML,750,100.0,,,United States,Bottle,1,6,49.95,299.7,1.97,0.0,Limited Listing,L,True,False,False
2026-08-01,4273B,99900427375,BULLEIT BOURBON BARREL STRENGTH,DOMESTIC WHISKEY,750 ML,750,120.0,,,United States,Bottle,1,6,49.95,299.7,1.97,0.0,Limited Listing,L,False,False,False
2026-08-01,4281B,99900428175,JEFFERSON'S RESERVE PRITCHARD HILL CABERNET CASK BARREL,DOMESTIC WHISKEY,750 ML,750,90.2,,,United States,Bottle,1,6,49.95,299.7,1.97,0.0,Seasonal,B,False,False,False
2026-08-01,4282B,99900428275,GLACIER45 BOURBON WHISKEY,DOMESTIC WHISKEY,750 ML,750,117.0,,,United States,Bottle,1,6,39.95,239.7,1.57,0.0,Limited Listing,L,True,False,False
2026-08-01,4282E,99900428237,GLACIER45 BOURBON WHISKEY,DOMESTIC WHISKEY,375 ML,375,117.0,,,United States,Bottle,1,12,24.95,299.4,1.96,0.0,Trial Listing,T,True,False,False
2026-08-01,4284B,99900428475,GLACIER45 CUCUMBER VODKA,VODKA,750 ML,750,70.0,,,United States,Bottle,1,12,26.95,323.4,1.06,0.0,Limited Listing,L,True,False,False
2026-08-01,4289B,99900428975,UNCLE NEAREST PREMIUM WHISKEY,DOMESTIC WHISKEY,750 ML,750,100.0,,,United States,Bottle,1,6,51.95,311.7,2.05,-5.0,Regular,R,False,False,False
2026-08-01,4298B,99900429875,VIVACITY SPIRITS BRANDY,BRANDY / COGNAC,750 ML,750,85.0,,,United States,Bottle,1,12,41.0,492.0,1.61,0.0,Limited Listing,L,True,False,False
2026-08-01,4301A,99900430110,ROSE CITY GIN,GIN,LITER,1000,80.0,,,United States,Bottle,1,12,10.95,131.4,0.32,0.0,One Time Buy,O,True,False,False
2026-08-01,4301E,99900430137,ROSE CITY GIN,GIN,375 ML,375,80.0,,,United States,Bottle,1,24,4.95,118.8,0.39,0.0,Limited Listing,L,True,False,False
2026-08-01,4301H,99900430117,ROSE CITY GIN,GIN,1.75 L,1750,80.0,,,United States,Bottle,1,6,17.95,107.7,0.3,0.0,Regular,R,True,False,False
2026-08-01,4304B,99900430475,REDBREAST LUSTAU,IRISH,750 ML,750,92.0,,,Republic of Ireland,Bottle,1,6,86.95,521.7,3.42,0.0,Seasonal,B,False,False,False
2026-08-01,4305B,99900430575,PELOTON DE LA MUERTA,TEQUILA,750 ML,750,82.0,,,Mexico,Bottle,1,12,32.95,395.4,1.3,0.0,Limited Listing,L,False,False,False
2026-08-01,4309E,99900430937,SOONHARI APPLE KOREAN SOJU,CORDIALS,375 ML,375,24.0,,,,Bottle,1,20,6.45,129.0,0.51,0.0,Regular,R,False,False,False
2026-08-01,4315B,99900431575,MINOR CASE STRAIGHT RYE,DOMESTIC WHISKEY,750 ML,750,90.0,,,United States,Bottle,1,6,39.95,239.7,1.57,5.0,Regular,R,False,False,False
2026-08-01,4316B,99900431675,SINFIRE APPLE,DOMESTIC WHISKEY,750 ML,750,70.0,,,United States,Bottle,1,12,13.95,167.4,0.55,1.0,Regular,R,True,False,False
2026-08-01,4316F,99900431605,SINFIRE APPLE,DOMESTIC WHISKEY,50 ML,50,70.0,,,United States,Bottle,1,60,2.25,135.0,1.32,0.0,Regular,R,True,False,False
2026-08-01,4318B,99900431875,SINFIRE VANILLA,DOMESTIC WHISKEY,750 ML,750,70.0,,,Canada,Bottle,1,12,13.95,167.4,0.55,1.0,Limited Listing,L,True,False,False
2026-08-01,4321B,99900432175,JIM BEAM VANILLA,DOMESTIC WHISKEY,750 ML,750,65.0,,,United States,Bottle,1,12,16.95,203.4,0.67,-1.0,Regular,R,False,False,False
2026-08-01,4323B,99900432375,OLMECA ALTOS ANEJO,TEQUILA,750 ML,750,80.0,,,Mexico,Bottle,1,6,27.95,167.7,1.1,-5.0,Regular,R,False,False,False
2026-08-01,4345B,99900434575,BORGHETTI DI VERO ESPRESSO LIQUEUR,CORDIALS,750 ML,750,50.0,,,,Bottle,1,6,31.45,188.7,1.24,0.0,Regular,R,False,False,False
2026-08-01,4346B,99900434675,BOMOND VODKA,VODKA,750 ML,750,80.0,,,,Bottle,1,6,29.95,179.7,1.18,0.0,Trial Listing,T,False,False,False
2026-08-01,4357B,99900435775,THE SINGLETON 18 YR,SCOTCH,750 ML,750,80.0,,,Scotland,Bottle,1,6,119.95,719.7,4.72,0.0,Seasonal,B,False,False,False
2026-08-01,4358B,99900435875,THE SINGLETON 15 YR,SCOTCH,750 ML,750,80.0,,,Scotland,Bottle,1,6,64.95,389.7,2.56,0.0,Seasonal,B,False,False,False
2026-08-01,4359B,99900435975,SVEDKA BLUE RASPBERRY VODKA,VODKA,750 ML,750,70.0,,,Sweden,Bottle,1,12,10.95,131.4,0.43,0.0,Regular,R,False,False,False
2026-08-01,4376B,99900437675,CARAVEDO PURO QUEBRANTA PISCO (PERU),BRANDY / COGNAC,750 ML,750,80.0,,,,Bottle,1,12,27.95,335.4,1.1,0.0,Regular,R,False,False,False
2026-08-01,4386B,99900438675,REMY MARTIN 1738 W/2 GLASSES,BRANDY / COGNAC,750 ML,750,80.0,,,France,VAP,1,6,59.95,359.7,2.36,0.0,Holiday,H,False,False,False
2026-08-01,4404B,99900440475,CASA MAGDALENA RUM,RUM,750 ML,750,82.5,,,United States,Bottle,1,6,19.95,119.7,0.79,0.0,Limited Listing,L,True,False,False
2026-08-01,4411B,99900441175,TRILLIUM BARREL RESERVED GIN,GIN,750 ML,750,90.0,,,United States,Bottle,1,12,44.95,539.4,1.77,0.0,Seasonal,B,True,False,False
2026-08-01,4412B,99900441275,STILLWAGON DEVILS OWN COCONUT RUM,RUM,750 ML,750,85.0,,,United States,Bottle,1,12,49.95,599.4,1.97,0.0,Limited Listing,L,True,False,False
2026-08-01,4413B,99900441375,STILLWAGON DEVILS OWN WALNUT & FIG RUM,RUM,750 ML,750,85.0,,,United States,Bottle,1,12,49.95,599.4,1.97,0.0,Limited Listing,L,True,False,False
2026-08-01,4414B,99900441475,STILLWAGON DEVILS OWN HIBISCUS RUM,RUM,750 ML,750,85.0,,,United States,Bottle,1,12,49.95,599.4,1.97,0.0,Trial Listing,T,True,False,False
2026-08-01,4415B,99900441575,STILLWAGON DEVILS OWN DARK RUM,RUM,750 ML,750,85.0,,,United States,Bottle,1,12,54.95,659.4,2.16,0.0,Limited Listing,L,True,False,False
2026-08-01,4416B,99900441675,STILLWAGON DEVILS OWN CASK STR. GOLD RUM,RUM,750 ML,750,120.0,,,United States,Bottle,1,12,54.95,659.4,2.16,0.0,Limited Listing,L,True,False,False
2026-08-01,4421E,99900442137,ASTORIA MARY 4PK CANS,COCKTAILS,355 ML,355,20.0,,,United States,Multi-Pack Can,4,6,15.95,95.7,1.26,0.0,Regular,R,True,False,False
2026-08-01,4422B,99900442275,HDC SEASONED VODKA,VODKA,750 ML,750,80.0,,,United States,Bottle,1,12,19.95,239.4,0.79,0.0,Limited Listing,L,True,False,False
2026-08-01,4428A,99900442810,EARLY TIMES BOTTLED IN BOND,DOMESTIC WHISKEY,LITER,1000,100.0,,,United States,Bottle,1,12,20.95,251.4,0.62,-2.0,Regular,R,False,False,False
2026-08-01,4439B,99900443975,TIN CUP WHISKEY 10 YRS,DOMESTIC WHISKEY,750 ML,750,84.0,10 YRS,120,United States,Bottle,1,6,54.95,329.7,2.16,5.0,Limited Listing,L,False,False,False
2026-08-01,4443H,99900444317,CHUM-CHURUM SOJU RICH 20,CORDIALS,1.75 L,1750,40.0,,,,Bottle,1,6,24.95,149.7,0.42,0.0,Trial Listing,T,False,False,False
2026-08-01,4444B,99900444475,DRUMSHANBO GUNPOWDER IRISH GIN,GIN,750 ML,750,80.0,,,Republic of Ireland,Bottle,1,6,37.95,227.7,1.49,0.0,Regular,R,False,False,False
2026-08-01,4446B,99900444675,NEW BASIN STRONGER WHISKEY,DOMESTIC WHISKEY,750 ML,750,97.0,,,United States,Bottle,1,6,49.95,299.7,1.97,0.0,Limited Listing,L,True,False,False
2026-08-01,4447B,99900444775,GOSLING'S DARK'N STORMY VAP,RUM,750 ML,750,80.0,,,Bermuda,VAP,1,6,18.95,113.7,0.75,-3.0,Holiday,H,False,False,False
2026-08-01,4448B,99900444875,WILD ROOTS MARIONBERRY VAP,VODKA,750 ML,750,70.0,,,United States,VAP,1,6,29.95,179.7,1.18,3.0,Holiday,H,True,False,False
2026-08-01,4449B,99900444975,JC TRAD. SILVER W/GIFT VAP,TEQUILA,750 ML,750,80.0,,,Mexico,VAP,1,6,19.95,119.7,0.79,-3.0,Holiday,H,False,False,False
2026-08-01,4450B,99900445075,SAILOR JERRY SPICED W/2 OIL CAN,RUM,750 ML,750,92.0,,,United States,VAP,1,6,16.95,101.7,0.67,-3.0,Holiday,H,False,False,False
2026-08-01,4452B,99900445275,BELVEDERE PURE ICE DUO VAP,VODKA,750 ML,750,80.0,,,Poland,VAP,1,6,29.95,179.7,1.18,0.0,Holiday,H,False,False,False
2026-08-01,4453H,99900445317,GENTLEMAN JACK W/STEEL CUPS,DOMESTIC WHISKEY,1.75 L,1750,80.0,,,United States,VAP,1,3,57.95,173.85,0.98,-5.0,Holiday,H,False,False,False
2026-08-01,4454B,99900445475,RUMCHATA HOLIDAY W/ MUG,CORDIALS,750 ML,750,27.6,,,United States,VAP,1,6,21.95,131.7,0.86,0.0,Holiday,H,False,False,False
2026-08-01,4456E,99900445637,KNOB CREEK 375ML COMBO PACK,DOMESTIC WHISKEY,375 ML,375,100.0,,,United States,Multi-Pack Bottle,2,6,24.95,149.7,1.96,0.0,Holiday,H,False,False,False
2026-08-01,4457B,99900445775,JC TRAD. REPOSADO W/GIFT VAP,TEQUILA,750 ML,750,80.0,,,Mexico,VAP,1,6,19.95,119.7,0.79,-3.0,Holiday,H,False,False,False
2026-08-01,4473B,99900447375,BUSHMILLS W/ GIFT VAP,IRISH,750 ML,750,80.0,,,Republic of Ireland,VAP,1,6,29.95,179.7,1.18,5.0,Holiday,H,False,False,False
2026-08-01,4477B,99900447775,BULL RUN AMERICAN WHISKEY OREGON PINOT NOIR CASK,DOMESTIC WHISKEY,750 ML,750,100.0,,,United States,Bottle,1,6,54.95,329.7,2.16,0.0,Limited Listing,L,True,False,False
2026-08-01,4489B,99900448975,CRESCENDO VODKA,VODKA,750 ML,750,80.0,,,United States,Bottle,1,12,21.95,263.4,0.86,0.0,Limited Listing,L,True,False,False
2026-08-01,4526B,99900452675,SENSEI JAPANESE WHISKEY,OTHER IMPORTED WHISKY,750 ML,750,80.0,,,,Bottle,1,12,30.95,371.4,1.22,0.0,Limited Listing,L,False,False,False
2026-08-01,4527B,99900452775,ANCHO REYES VERDE,CORDIALS,750 ML,750,80.0,,,,Bottle,1,6,29.95,179.7,1.18,-3.0,Regular,R,False,False,True
2026-08-01,4530B,99900453075,VIVACITY SPIRITS MUSCAT BRANDY,BRANDY / COGNAC,750 ML,750,80.0,,,United States,Bottle,1,12,42.0,504.0,1.65,0.0,Trial Listing,T,True,False,False
2026-08-01,4532B,99900453275,NEW AMSTERDAM LEMON VODKA,VODKA,750 ML,750,70.0,,,United States,Bottle,1,12,12.95,155.4,0.51,2.0,Regular,R,False,False,False
2026-08-01,4532H,99900453217,NEW AMSTERDAM LEMON VODKA,VODKA,1.75 L,1750,70.0,,,United States,Bottle,1,6,20.95,125.7,0.35,0.0,Regular,R,False,False,False
2026-08-01,4533B,99900453375,NEW AMSTERDAM RASPBERRY VODKA,VODKA,750 ML,750,70.0,,,United States,Bottle,1,12,11.95,143.4,0.47,0.0,Regular,R,False,False,False
2026-08-01,4535B,99900453575,MARTELL BLUESWIFT,BRANDY / COGNAC,750 ML,750,80.0,,,,Bottle,1,12,52.95,635.4,2.08,0.0,Regular,R,False,False,False
2026-08-01,4557B,99900455775,DIPLOMATICO PLANAS,RUM,750 ML,750,94.0,,,,Bottle,1,6,27.95,167.7,1.1,0.0,Regular,R,False,False,False
2026-08-01,4576B,99900457675,JEFFERSON'S RESERVE OLD RUM CASK FINISH,DOMESTIC WHISKEY,750 ML,750,90.2,,,United States,Bottle,1,6,49.95,299.7,1.97,0.0,Seasonal,B,False,False,False
2026-08-01,4577B,99900457775,BASIL HAYDEN'S DARK RYE,DOMESTIC WHISKEY,750 ML,750,80.0,,,United States,Bottle,1,6,47.95,287.7,1.89,-5.0,Regular,R,False,False,False
2026-08-01,4578B,99900457875,HORNITOS CRISTALINO RESERVE,TEQUILA,750 ML,750,80.0,,,Mexico,Bottle,1,12,44.95,539.4,1.77,0.0,Regular,R,False,False,False
2026-08-01,4582A,99900458210,CASCADE POTATO VODKA,VODKA,LITER,1000,80.0,,,United States,Bottle,1,12,19.95,239.4,0.59,0.0,Regular,R,True,False,False
2026-08-01,4582H,99900458217,CASCADE POTATO VODKA,VODKA,1.75 L,1750,80.0,,,United States,Bottle,1,6,27.95,167.7,0.47,-2.0,Regular,R,True,False,False
2026-08-01,4593B,99900459375,BUMBU RUM,RUM,750 ML,750,70.0,,,,Bottle,1,6,32.95,197.7,1.3,-2.0,Regular,R,False,False,False
2026-08-01,4599B,99900459975,FOX-TAIL DISTILLERY ORCHARD VODKA,VODKA,750 ML,750,80.0,,,United States,Bottle,1,12,34.95,419.4,1.38,0.0,Trial Listing,T,True,False,False
2026-08-01,4603B,99900460375,CODIGO 1530 ROSA BLANCO,TEQUILA,750 ML,750,80.0,,,Mexico,Bottle,1,6,59.95,359.7,2.36,5.0,Limited Listing,L,False,False,False
2026-08-01,4604B,99900460475,CODIGO 1530 TEQUILA BLANCO,TEQUILA,750 ML,750,80.0,,,Mexico,Bottle,1,6,49.95,299.7,1.97,5.0,Regular,R,False,False,False
2026-08-01,4604E,99900460437,CODIGO 1530 TEQUILA BLANCO,TEQUILA,375 ML,375,80.0,,,Mexico,Bottle,1,12,24.95,299.4,1.96,5.0,Trial Listing,T,False,False,False
2026-08-01,4605B,99900460575,CODIGO 1530 TEQUILA REPOSADO,TEQUILA,750 ML,750,80.0,,,Mexico,Bottle,1,6,59.95,359.7,2.36,5.0,Limited Listing,L,False,False,False
2026-08-01,4606B,99900460675,OLD FORESTER STATESMAN,DOMESTIC WHISKEY,750 ML,750,95.0,,,United States,Bottle,1,6,54.95,329.7,2.16,0.0,Regular,R,False,False,False
2026-08-01,4627B,99900462775,CROWN ROYAL SALTED CARAMEL,CANADIAN,750 ML,750,70.0,,,Canada,Bottle,1,12,29.95,359.4,1.18,0.0,Seasonal,B,False,False,False
2026-08-01,4638B,99900463875,ITALICUS ROSOLIO DI BERGAMOTTO,CORDIALS,750 ML,750,40.0,,,,Bottle,1,6,39.95,239.7,1.57,0.0,Limited Listing,L,False,False,False
2026-08-01,4645B,99900464575,BURNSIDE BLENDED BOURBON,DOMESTIC WHISKEY,750 ML,750,92.0,,,United States,Bottle,1,6,34.95,209.7,1.38,5.0,Regular,R,True,False,False
2026-08-01,4646B,99900464675,BURNSIDE WEST END BLEND,DOMESTIC WHISKEY,750 ML,750,84.0,,,United States,Bottle,1,6,29.95,179.7,1.18,0.0,Regular,R,True,False,False
2026-08-01,4647B,99900464775,BURNSIDE STRAIGHT BOURBON,DOMESTIC WHISKEY,750 ML,750,92.0,,,United States,Bottle,1,6,44.95,269.7,1.77,10.0,Regular,R,True,False,False
2026-08-01,4648B,99900464875,STONE BARN PEACH ROCK AND RYE,CORDIALS,750 ML,750,74.2,,,United States,Bottle,1,12,40.0,480.0,1.57,0.0,Limited Listing,L,True,False,False
2026-08-01,4648E,99900464837,STONE BARN PEACH ROCK AND RYE,CORDIALS,375 ML,375,74.2,,,United States,Bottle,1,12,25.0,300.0,1.97,0.0,Trial Listing,T,True,False,False
2026-08-01,4653B,99900465375,CRESCENDO GRAPEFRUIT,CORDIALS,750 ML,750,56.0,,,United States,Bottle,1,6,23.95,143.7,0.94,0.0,Limited Listing,L,True,False,False
2026-08-01,4660B,99900466075,4 SPIRITS CUCUMBER GIN,GIN,750 ML,750,80.0,,,United States,Bottle,1,6,32.95,197.7,1.3,0.0,Limited Listing,L,True,False,False
2026-08-01,4679B,99900467975,ARDBEG AN OA,SCOTCH,750 ML,750,93.2,,,Scotland,Bottle,1,6,69.95,419.7,2.75,0.0,Regular,R,False,False,False
2026-08-01,4681B,99900468175,NIKKA COFFEY GIN,GIN,750 ML,750,94.0,,,,Bottle,1,6,34.95,209.7,1.38,0.0,One Time Buy,O,False,False,False
2026-08-01,4689B,99900468975,SWALLOWTAIL LONDON DRY GIN,GIN,750 ML,750,90.0,,,United States,Bottle,1,12,29.95,359.4,1.18,0.0,Limited Listing,L,True,False,False
2026-08-01,4696B,99900469675,OLE SMOKY MANGO HABANERO WHISKEY,DOMESTIC WHISKEY,750 ML,750,70.0,,,United States,Bottle,1,6,20.95,125.7,0.82,0.0,Regular,R,False,False,False
2026-08-01,4702B,99900470275,JOHNNIE WALKER AGED 18 YEAR,SCOTCH,750 ML,750,80.0,,,Scotland,Bottle,1,6,89.95,539.7,3.54,0.0,Limited Listing,L,False,False,False
2026-08-01,4703B,99900470375,NEW DEAL PEAR BRANDY,BRANDY / COGNAC,750 ML,750,80.0,,,United States,Bottle,1,12,39.95,479.4,1.57,0.0,Limited Listing,L,True,False,False
2026-08-01,4704E,99900470437,AVIATION AMERICAN GIN,GIN,375 ML,375,84.0,,,United States,Bottle,1,12,15.95,191.4,1.26,0.0,Limited Listing,L,True,False,False
2026-08-01,4704F,99900470405,AVIATION AMERICAN GIN,GIN,50 ML,50,84.0,,,United States,Bottle,1,60,3.0,180.0,1.76,0.0,Limited Listing,L,True,False,False
2026-08-01,4704H,99900470417,AVIATION AMERICAN GIN,GIN,1.75 L,1750,84.0,,,United States,Bottle,1,3,49.95,149.85,0.84,-5.0,Regular,R,True,False,False
2026-08-01,4705B,99900470575,SANTA TERESA 1796,RUM,750 ML,750,80.0,,,,Bottle,1,6,44.95,269.7,1.77,5.0,Limited Listing,L,False,False,False
2026-08-01,4729B,99900472975,DROP SHOP PUMPKIN SPICE,CORDIALS,750 ML,750,70.0,,,United States,Bottle,1,6,25.95,155.7,1.02,0.0,Seasonal,B,True,False,False
2026-08-01,4731B,99900473175,GLACIER45 GIN,GIN,750 ML,750,80.0,,,United States,Bottle,1,6,26.95,161.7,1.06,0.0,Limited Listing,L,True,False,False
2026-08-01,4739B,99900473975,OREGON ARAK,CORDIALS,750 ML,750,86.0,,,United States,Bottle,1,12,24.95,299.4,0.98,0.0,Limited Listing,L,True,False,False
2026-08-01,4752B,99900475275,UNION UNO MEZCAL JOVEN,MEZCAL,750 ML,750,80.0,,,Mexico,Bottle,1,6,29.95,179.7,1.18,-5.0,Regular,R,False,False,False
2026-08-01,4757B,99900475775,NUE VODKA,VODKA,750 ML,750,80.0,,,,Bottle,1,12,11.95,143.4,0.47,0.0,Limited Listing,L,False,False,False
2026-08-01,4761B,99900476175,BURNSIDE RYE,DOMESTIC WHISKEY,750 ML,750,92.0,,,United States,Bottle,1,6,34.95,209.7,1.38,5.0,Regular,R,True,False,False
2026-08-01,4767B,99900476775,LUNAZUL EL HUMOSO,TEQUILA,750 ML,750,80.0,,,Mexico,Bottle,1,6,29.95,179.7,1.18,0.0,Regular,R,False,False,False
2026-08-01,4768B,99900476875,1792 BOTTLE IN BOND BOURBON KSBW,DOMESTIC WHISKEY,750 ML,750,100.0,,,United States,Bottle,1,6,42.95,257.7,1.69,0.0,Seasonal,B,False,False,False
2026-08-01,4783B,99900478375,MAKER'S MARK PRIVATE SELECT,DOMESTIC WHISKEY,750 ML,750,113.0,,,United States,Bottle,1,6,69.95,419.7,2.75,0.0,Seasonal,B,False,False,False
2026-08-01,4794I,99900479470,CAFFE' CORRETTO,CORDIALS,700 ML,700,70.0,,,United States,Bottle,1,12,39.95,479.4,1.69,0.0,Limited Listing,L,True,False,False
2026-08-01,4802B,99900480275,FREELAND SPIRITS GIN,GIN,750 ML,750,90.0,,,United States,Bottle,1,6,39.95,239.7,1.57,3.0,Regular,R,True,False,False
2026-08-01,4815B,99900481575,DIPLOMATICO MANTUANO,RUM,750 ML,750,80.0,,,,Bottle,1,6,27.95,167.7,1.1,0.0,Limited Listing,L,False,False,False
2026-08-01,4825B,99900482575,WILD ROOTS HUCKLEBERRY VODKA,VODKA,750 ML,750,70.0,,,United States,Bottle,1,12,29.95,359.4,1.18,3.0,Regular,R,True,False,False
2026-08-01,4829B,99900482975,AMARAS VERDE,MEZCAL,750 ML,750,86.0,,,Mexico,Bottle,1,6,29.95,179.7,1.18,0.0,Regular,R,False,False,False
2026-08-01,4840B,99900484075,REDNECK RIVIERA WHISKEY,DOMESTIC WHISKEY,750 ML,750,80.0,,,United States,Bottle,1,6,22.95,137.7,0.9,0.0,Regular,R,False,False,False
2026-08-01,4841B,99900484175,BAILEYS STRAWBERRY & CREAM,CORDIALS,750 ML,750,34.0,,,Republic of Ireland,Bottle,1,12,29.95,359.4,1.18,0.0,Seasonal,B,False,False,False
2026-08-01,4856B,99900485675,GIFFARD PASSION,CORDIALS,750 ML,750,32.0,,,,Bottle,1,6,33.95,203.7,1.34,0.0,Limited Listing,L,False,False,False
2026-08-01,4859B,99900485975,CRATER LAKE ROCK & RYE,DOMESTIC WHISKEY,750 ML,750,60.0,,,United States,Bottle,1,6,19.95,119.7,0.79,2.0,Regular,R,True,False,False
2026-08-01,4859E,99900485937,CRATER LAKE ROCK & RYE,DOMESTIC WHISKEY,375 ML,375,60.0,,,United States,Bottle,1,12,6.95,83.4,0.55,0.0,Limited Listing,L,True,False,False
2026-08-01,4859H,99900485917,CRATER LAKE ROCK & RYE,DOMESTIC WHISKEY,1.75 L,1750,60.0,,,United States,Bottle,1,6,39.95,239.7,0.67,-2.0,Limited Listing,L,True,False,False
2026-08-01,4862B,99900486275,DOCTOR BIRD JAMAICAN RUM,RUM,750 ML,750,100.0,,,,Bottle,1,6,39.95,239.7,1.57,5.0,Regular,R,False,False,False
2026-08-01,4865B,99900486575,MILES GIN,GIN,750 ML,750,80.0,,,,Bottle,1,12,8.95,107.4,0.35,0.0,Regular,R,False,False,False
2026-08-01,4866B,99900486675,TULLAMORE DEW XO RUM CASK,IRISH,750 ML,750,86.0,,,Republic of Ireland,Bottle,1,6,38.95,233.7,1.53,4.0,Regular,R,False,False,False
2026-08-01,4889B,99900488975,TORRES 10 GRAN RESERVA IMPERIAL,BRANDY / COGNAC,750 ML,750,80.0,,,,Bottle,1,6,26.95,161.7,1.06,2.0,Regular,R,False,False,False
2026-08-01,4905B,99900490575,KNOB CREEK RYE S/B BARREL ONLY,DOMESTIC WHISKEY,750 ML,750,115.0,,,United States,Bottle,1,6,59.95,359.7,2.36,0.0,Seasonal,B,False,False,False
2026-08-01,4907B,99900490775,OLD OVERHOLT BONDED RYE WHISKEY,DOMESTIC WHISKEY,750 ML,750,100.0,,,United States,Bottle,1,12,23.95,287.4,0.94,0.0,Regular,R,False,False,False
2026-08-01,4909B,99900490975,ISAAC BOWMAN PORT FINISH,DOMESTIC WHISKEY,750 ML,750,92.0,,,United States,Bottle,1,6,43.95,263.7,1.73,0.0,Seasonal,B,False,False,False
2026-08-01,4911B,99900491175,GOMPERS OLD TOM GIN BARREL AGED,GIN,750 ML,750,90.0,,,United States,Bottle,1,6,47.95,287.7,1.89,0.0,Limited Listing,L,True,False,False
2026-08-01,4914B,99900491475,BOZAL ENSAMBLE MEZCAL,TEQUILA,750 ML,750,94.0,,,Mexico,Bottle,1,6,39.95,239.7,1.57,0.0,Regular,R,False,False,False
2026-08-01,4932B,99900493275,MOZART CHOCOLATE CREAM LIQUEUR,CORDIALS,750 ML,750,34.0,,,,Bottle,1,6,29.95,179.7,1.18,0.0,Regular,R,False,False,False
2026-08-01,4933B,99900493375,MOZART WHITE CHOCOLATE CREAM LIQUEUR,CORDIALS,750 ML,750,34.0,,,,Bottle,1,6,29.95,179.7,1.18,0.0,Regular,R,False,False,False
2026-08-01,4936B,99900493675,BROKEN BARREL SMALL BATCH 95 PROOF BOURBON,DOMESTIC WHISKEY,750 ML,750,95.0,,,United States,Bottle,1,6,36.95,221.7,1.45,0.0,Trial Listing,T,False,False,False
2026-08-01,4947D,99900494720,"JAGERMEISTER ""MINI MEISTERS""",CORDIALS,200 ML,200,70.0,,,Germany,Bottle,1,12,10.95,131.4,1.61,0.0,Regular,R,False,False,False
2026-08-01,4950B,99900495075,STEIN STRAIGHT WHEAT WHISKEY,DOMESTIC WHISKEY,750 ML,750,80.0,,,United States,Bottle,1,6,52.95,317.7,2.08,0.0,Limited Listing,L,True,False,False
2026-08-01,4972B,99900497275,MARCOTTE KELY'S APPLE PIE MOONSHINE,CORDIALS,750 ML,750,40.0,,,United States,Bottle,1,12,26.0,312.0,1.02,0.0,Trial Listing,T,True,False,False
2026-08-01,4977E,99900497737,T HENRY RANSOM GRAPPA,CORDIALS,375 ML,375,80.0,,,United States,Bottle,1,12,24.95,299.4,1.96,0.0,Trial Listing,T,True,False,False
2026-08-01,4978B,99900497875,MARCOTTE ELLA'S SILVER MOON MOONSHINE,CORDIALS,750 ML,750,80.0,,,United States,Bottle,1,12,22.0,264.0,0.87,0.0,Trial Listing,T,True,False,False
2026-08-01,4979D,99900497920,TWISTED SHOTZ PINEAPPLE UPSIDE DOWN CAKE,CORDIALS,200 ML,200,40.0,,,,Other,1,18,7.0,126.0,1.03,0.0,Limited Listing,L,False,False,False
2026-08-01,4980D,99900498020,TWISTED SHOTZ PUSSY CAT,CORDIALS,200 ML,200,40.0,,,,Other,1,18,7.0,126.0,1.03,0.0,Limited Listing,L,False,False,False
2026-08-01,4981B,99900498175,BACARDI ANEJO CUATRO,RUM,750 ML,750,80.0,,,Puerto Rico,Bottle,1,12,19.95,239.4,0.79,0.0,Regular,R,False,False,False
2026-08-01,4985B,99900498575,KETEL ONE GRAPEFRUIT & ROSE BOTANICAL,VODKA,750 ML,750,60.0,,,Netherlands,Bottle,1,12,26.95,323.4,1.06,4.0,Regular,R,False,False,False
2026-08-01,4986B,99900498675,KETEL ONE PEACH & ORANGE BLOSSOM BOTANICAL,VODKA,750 ML,750,60.0,,,Netherlands,Bottle,1,12,26.95,323.4,1.06,4.0,Regular,R,False,False,False
2026-08-01,4987B,99900498775,KETEL ONE CUCUMBER & MINT BOTANICAL,VODKA,750 ML,750,60.0,,,Netherlands,Bottle,1,12,26.95,323.4,1.06,4.0,Regular,R,False,False,False
2026-08-01,4988B,99900498875,MARCOTTE REECE'S CHERRY PICKER MOONSHINE,CORDIALS,750 ML,750,40.0,,,United States,Bottle,1,12,26.0,312.0,1.02,0.0,Trial Listing,T,True,False,False
2026-08-01,4996B,99900499675,OREGON SPIRIT DRY GIN,GIN,750 ML,750,92.0,,,United States,Bottle,1,12,29.95,359.4,1.18,0.0,Limited Listing,L,True,False,False
2026-08-01,4997B,99900499775,GLACIER45 CITRUS MANGO VODKA,VODKA,750 ML,750,70.0,,,United States,Bottle,1,6,26.95,161.7,1.06,0.0,Limited Listing,L,True,False,False
2026-08-01,4998B,99900499875,GLACIER45 BLOOD ORANGE VODKA,VODKA,750 ML,750,70.0,,,United States,Bottle,1,6,26.95,161.7,1.06,0.0,Limited Listing,L,True,False,False
2026-08-01,4999B,99900499975,MARCOTTE JANELLE'S CUP-O'-JOE,CORDIALS,750 ML,750,40.0,,,United States,Bottle,1,12,26.0,312.0,1.02,0.0,Trial Listing,T,True,False,False
2026-08-01,5000B,99900500075,MARCOTTE MACIE'S SATURN PEACH,CORDIALS,750 ML,750,40.0,,,United States,Bottle,1,12,26.0,312.0,1.02,0.0,Trial Listing,T,True,False,False
2026-08-01,5007B,99900500775,REDEMPTION HIGH RYE BOURBON,DOMESTIC WHISKEY,750 ML,750,92.0,,,United States,Bottle,1,12,29.95,359.4,1.18,3.0,Limited Listing,L,False,False,False
2026-08-01,5012B,99900501275,OREGON SPIRIT ABSINTHE ORIGINAL,CORDIALS,750 ML,750,125.0,,,United States,Bottle,1,6,54.95,329.7,2.16,0.0,Limited Listing,L,True,False,False
2026-08-01,5021B,99900502175,JAGERMEISTER SHOTSKI VAP,CORDIALS,750 ML,750,70.0,,,Germany,VAP,1,6,28.95,173.7,1.14,5.0,Holiday,H,False,False,False
2026-08-01,5021D,99900502120,JAGERMEISTER SHOTSKI VAP,CORDIALS,200 ML,200,70.0,,,Germany,VAP,1,48,9.95,477.6,1.46,0.0,Holiday,H,False,False,False
2026-08-01,5032A,99900503210,RAYU JOVEN ESPADIN MEZCAL,MEZCAL,LITER,1000,88.0,,,Mexico,Bottle,1,12,34.95,419.4,1.03,0.0,Trial Listing,T,False,False,False
2026-08-01,5039B,99900503975,WILD TURKEY LONGBRANCH 8 YR,DOMESTIC WHISKEY,750 ML,750,86.0,8 YRS,96,United States,Bottle,1,6,36.95,221.7,1.45,2.0,Regular,R,False,False,False
2026-08-01,5048B,99900504875,PURSUIT COLD BREW WHISKEY,DOMESTIC WHISKEY,750 ML,750,65.0,,,United States,Bottle,1,6,25.95,155.7,1.02,0.0,Trial Listing,T,False,False,False
2026-08-01,5061B,99900506175,STILLHOUSE BLACK BOURBON,DOMESTIC WHISKEY,750 ML,750,80.0,,,United States,Bottle,1,12,24.95,299.4,0.98,0.0,Limited Listing,L,False,False,False
2026-08-01,5063F,99900506305,MAKER'S MARK,DOMESTIC WHISKEY,50 ML,50,90.0,,,United States,Bottle,1,120,4.0,480.0,2.35,0.0,Regular,R,False,False,False
2026-08-01,5068B,99900506875,EL TESORO DE DON FELIPE ANEJO,TEQUILA,750 ML,750,80.0,,,Mexico,Bottle,1,6,74.95,449.7,2.95,-20.0,Limited Listing,L,False,False,False
2026-08-01,5069B,99900506975,EL TESORO DE DON FELIPE PLATINUM TEQUILA,TEQUILA,750 ML,750,80.0,,,Mexico,Bottle,1,6,49.95,299.7,1.97,0.0,Regular,R,False,False,False
2026-08-01,5076B,99900507675,MARCOTTE AIMEE JO'S STRAWBERRY LEMONADE,CORDIALS,750 ML,750,40.0,,,United States,Bottle,1,12,26.0,312.0,1.02,0.0,Trial Listing,T,True,False,False
2026-08-01,5085B,99900508575,REDWOOD EMPIRE - LOST MONARCH,DOMESTIC WHISKEY,750 ML,750,90.0,,,United States,Bottle,1,6,39.95,239.7,1.57,0.0,Trial Listing,T,False,False,False
2026-08-01,5087B,99900508775,OREGON SPIRIT DISTILLERS RYE,DOMESTIC WHISKEY,750 ML,750,90.0,,,United States,Bottle,1,6,39.95,239.7,1.57,0.0,Limited Listing,L,True,False,False
2026-08-01,5092B,99900509275,MARCOTTE MARV'S HAZELNUT BREW,CORDIALS,750 ML,750,40.0,,,United States,Bottle,1,12,26.0,312.0,1.02,0.0,Trial Listing,T,True,False,False
2026-08-01,5099B,99900509975,STILLWAGON DEVILS OWN MEYER LEMON RUM,RUM,750 ML,750,80.0,,,United States,Bottle,1,12,49.95,599.4,1.97,0.0,Seasonal,B,True,False,False
2026-08-01,5115B,99900511575,CASAMIGOS MEZCAL JOVEN,MEZCAL,750 ML,750,80.0,,,Mexico,Bottle,1,6,49.95,299.7,1.97,0.0,Regular,R,False,False,False
2026-08-01,5116D,99900511620,WILD TURKEY 101,DOMESTIC WHISKEY,200 ML,200,101.0,,,United States,Bottle,1,24,8.95,214.8,1.32,0.0,Regular,R,False,False,False
2026-08-01,5136B,99900513675,WESTERN SON BLUEBERRY VODKA,VODKA,750 ML,750,60.0,,,,Bottle,1,6,14.95,89.7,0.59,0.0,Regular,R,False,False,False
2026-08-01,5150B,99900515075,EMPRESS 1908 INDIGO GIN,GIN,750 ML,750,85.0,,,,Bottle,1,6,35.95,215.7,1.42,0.0,Regular,R,False,False,False
2026-08-01,5150E,99900515037,EMPRESS 1908 INDIGO GIN,GIN,375 ML,375,85.0,,,,Bottle,1,12,19.95,239.4,1.57,0.0,Trial Listing,T,False,False,False
2026-08-01,5150H,99900515017,EMPRESS 1908 INDIGO GIN,GIN,1.75 L,1750,85.0,,,,Bottle,1,6,72.95,437.7,1.23,0.0,Limited Listing,L,False,False,False
2026-08-01,5151B,99900515175,FIVE FARMS IRISH CREAM LIQUEUR,CORDIALS,750 ML,750,34.0,,,Republic of Ireland,Bottle,1,9,29.95,269.55,1.18,0.0,Regular,R,False,False,False
2026-08-01,5151E,99900515137,FIVE FARMS IRISH CREAM LIQUEUR,CORDIALS,375 ML,375,34.0,,,Republic of Ireland,Bottle,1,16,15.95,255.2,1.26,0.0,Limited Listing,L,False,False,False
2026-08-01,5159B,99900515975,WILD ROOTS GIN,GIN,750 ML,750,92.0,,,United States,Bottle,1,12,29.95,359.4,1.18,5.0,Regular,R,True,False,False
2026-08-01,5159H,99900515917,WILD ROOTS GIN,GIN,1.75 L,1750,92.0,,,United States,Bottle,1,6,34.95,209.7,0.59,-5.0,Regular,R,True,False,False
2026-08-01,5161B,99900516175,MARCOTTE BROC'S BUTTERY COCONUT MOONSHINE,CORDIALS,750 ML,750,40.0,,,United States,Bottle,1,12,26.0,312.0,1.02,0.0,Trial Listing,T,True,False,False
2026-08-01,5162B,99900516275,WOODINVILLE STRAIGHT BOURBON,DOMESTIC WHISKEY,750 ML,750,90.0,,,United States,Bottle,1,6,34.95,209.7,1.38,0.0,Regular,R,False,False,False
2026-08-01,5163B,99900516375,WOODINVILLE STRAIGHT RYE WHISKEY,DOMESTIC WHISKEY,750 ML,750,90.0,,,United States,Bottle,1,6,34.95,209.7,1.38,0.0,Limited Listing,L,False,False,False
2026-08-01,5164E,99900516437,BOURBON LEGENDS COMBO PACK,DOMESTIC WHISKEY,375 ML,375,88.7,,,United States,Multi-Pack Bottle,3,6,49.95,299.7,3.93,0.0,Holiday,H,False,False,False
2026-08-01,5165E,99900516537,JD/GJ/JDSB FAMILY OF BRANDS,DOMESTIC WHISKEY,375 ML,375,80.0,,,United States,Bottle,1,4,24.95,99.8,1.96,0.0,Holiday,H,False,False,False
2026-08-01,5166E,99900516637,BASIL HAYDEN'S 375ML CO-PACK,DOMESTIC WHISKEY,375 ML,375,80.0,,,United States,Multi-Pack Bottle,2,6,41.95,251.7,3.3,0.0,Holiday,H,False,False,False
2026-08-01,5167B,99900516775,EZRA BROOKS W/ICE MOLD & GLASS,DOMESTIC WHISKEY,750 ML,750,90.0,,,United States,VAP,1,4,15.95,63.8,0.63,0.0,Holiday,H,False,False,False
2026-08-01,5168B,99900516875,ABSOLUT W/GIFT VAP,VODKA,750 ML,750,80.0,,,Sweden,VAP,1,6,24.95,149.7,0.98,5.0,Holiday,H,False,False,False
2026-08-01,5169B,99900516975,JAMESON BLACK BARREL W/ 2 GLASSES,IRISH,750 ML,750,80.0,,,Republic of Ireland,VAP,1,6,39.95,239.7,1.57,0.0,Holiday,H,False,False,False
2026-08-01,5170B,99900517075,WILD ROOTS HUCKLEBERRY VAP,VODKA,750 ML,750,70.0,,,United States,VAP,1,6,29.95,179.7,1.18,3.0,Holiday,H,True,False,False
2026-08-01,5171B,99900517175,WILD ROOTS PEAR W/4-50ML,VODKA,750 ML,750,70.0,,,United States,VAP,1,6,29.95,179.7,1.18,3.0,Holiday,H,True,False,False
2026-08-01,5172B,99900517275,HORNITOS BLACK BARREL GIFT,TEQUILA,750 ML,750,80.0,,,Mexico,VAP,1,6,30.95,185.7,1.22,0.0,Holiday,H,False,False,False
2026-08-01,5173B,99900517375,JIM BEAM DBL OAK W/WSKY STONES,DOMESTIC WHISKEY,750 ML,750,86.0,,,United States,VAP,1,6,21.95,131.7,0.86,-3.0,Holiday,H,False,False,False
2026-08-01,5174B,99900517475,ELIJAH CRAIG W/GIFT,DOMESTIC WHISKEY,750 ML,750,94.0,,,United States,VAP,1,6,34.95,209.7,1.38,7.0,Holiday,H,False,False,False
2026-08-01,5192B,99900519275,PEYCHAUD'S APERITIVO,CORDIALS,750 ML,750,22.0,,,,Bottle,1,12,20.95,251.4,0.82,0.0,Limited Listing,L,False,False,False
2026-08-01,5201E,99900520137,CUTWATER VODKA MULE RTE (4 PK),COCKTAILS,355 ML,355,14.0,,,United States,Multi-Pack Can,4,6,12.95,77.7,1.02,0.0,Regular,R,False,False,False
2026-08-01,5202E,99900520237,CUTWATER LIME MARGARITA (4 PK),COCKTAILS,355 ML,355,25.0,,,United States,Multi-Pack Can,4,6,12.95,77.7,1.02,0.0,Regular,R,False,False,False
2026-08-01,5211B,99900521175,WOODFORD RESERVE MALT,DOMESTIC WHISKEY,750 ML,750,90.4,,,United States,Bottle,1,6,39.95,239.7,1.57,5.0,Regular,R,False,False,False
2026-08-01,5212B,99900521275,HERRADURA ULTRA ANEJO,TEQUILA,750 ML,750,80.0,,,Mexico,Bottle,1,6,64.95,389.7,2.56,5.0,Regular,R,False,False,False
2026-08-01,5217B,99900521775,WILD ROOTS PEACH VODKA,VODKA,750 ML,750,70.0,,,United States,Bottle,1,12,29.95,359.4,1.18,3.0,Regular,R,True,False,False
2026-08-01,5219B,99900521975,ABSOLUT GRAPEFRUIT,VODKA,750 ML,750,80.0,,,Sweden,Bottle,1,12,24.95,299.4,0.98,5.0,Regular,R,False,False,False
2026-08-01,5222B,99900522275,CROWN ROYAL NOBLE COLLECTION BARLEY EDITION,CANADIAN,750 ML,750,90.0,16 YRS,192,Canada,Bottle,1,6,79.95,479.7,3.15,0.0,One Time Buy,O,False,False,False
2026-08-01,5231B,99900523175,KINKY ALOHA LIQUEUR,CORDIALS,750 ML,750,34.0,,,,Bottle,1,6,13.95,83.7,0.55,-6.0,Regular,R,False,False,True
2026-08-01,5233B,99900523375,BRANCH POINT OREGON WHEAT WHISKEY,DOMESTIC WHISKEY,750 ML,750,92.0,,,United States,Bottle,1,6,59.95,359.7,2.36,0.0,Limited Listing,L,True,False,False
2026-08-01,5234B,99900523475,BRANCH POINT TRIT WHISKEY,DOMESTIC WHISKEY,750 ML,750,92.0,,,United States,Bottle,1,6,59.95,359.7,2.36,0.0,Limited Listing,L,True,False,False
2026-08-01,5235B,99900523575,BRANCH POINT OREGON WHISKEY,DOMESTIC WHISKEY,750 ML,750,92.0,,,United States,Bottle,1,6,69.95,419.7,2.75,0.0,Limited Listing,L,True,False,False
2026-08-01,5240B,99900524075,PIEDRA AZUL SILVER TEQUILA,TEQUILA,750 ML,750,80.0,,,Mexico,Bottle,1,12,13.95,167.4,0.55,0.0,Regular,R,False,False,False
2026-08-01,5241B,99900524175,PIEDRA AZUL REPOSADO TEQUILA,TEQUILA,750 ML,750,80.0,,,Mexico,Bottle,1,12,13.95,167.4,0.55,0.0,Regular,R,False,False,False
2026-08-01,5243B,99900524375,PLATINUM 10X VODKA,VODKA,750 ML,750,80.0,,,,Bottle,1,12,11.95,143.4,0.47,0.0,Regular,R,False,False,False
2026-08-01,5243E,99900524337,PLATINUM 10X VODKA,VODKA,375 ML,375,80.0,,,,Bottle,1,12,6.95,83.4,0.55,0.0,Limited Listing,L,False,False,False
2026-08-01,5243H,99900524317,PLATINUM 10X VODKA,VODKA,1.75 L,1750,80.0,,,,Bottle,1,6,24.95,149.7,0.42,0.0,Regular,R,False,False,False
2026-08-01,5244B,99900524475,FIRST CITY WHISKEY,DOMESTIC WHISKEY,750 ML,750,90.0,,,United States,Bottle,1,6,44.95,269.7,1.77,0.0,Limited Listing,L,True,False,False
2026-08-01,5244E,99900524437,FIRST CITY WHISKEY,DOMESTIC WHISKEY,375 ML,375,90.0,,,United States,Bottle,1,12,22.95,275.4,1.81,0.0,Trial Listing,T,True,False,False
2026-08-01,5251B,99900525175,STILLWAGON DEVILS OWN TROPICAL GINGER RUM,RUM,750 ML,750,80.0,,,United States,Bottle,1,12,49.95,599.4,1.97,0.0,Trial Listing,T,True,False,False
2026-08-01,5273B,99900527375,EWING YOUNG RYE MASH WHISKEY,DOMESTIC WHISKEY,750 ML,750,92.3,,,United States,Bottle,1,6,49.95,299.7,1.97,0.0,Limited Listing,L,True,False,False
2026-08-01,5274B,99900527475,EWING YOUNG HERITAGE OAK WHISKEY,DOMESTIC WHISKEY,750 ML,750,94.7,,,United States,Bottle,1,6,49.95,299.7,1.97,0.0,Limited Listing,L,True,False,False
2026-08-01,5275B,99900527575,EWING YOUNG RUSSET POTATO VODKA,VODKA,750 ML,750,80.1,,,United States,Bottle,1,6,26.95,161.7,1.06,0.0,Limited Listing,L,True,False,False
2026-08-01,5278B,99900527875,LOS VECINOS ESPD MEZCAL,MEZCAL,750 ML,750,90.0,,,Mexico,Bottle,1,6,15.95,95.7,0.63,0.0,Regular,R,False,False,False
2026-08-01,5281B,99900528175,OLD EZRA 7 YR 117 PROOF,DOMESTIC WHISKEY,750 ML,750,117.0,7 YRS,84,United States,Bottle,1,6,59.95,359.7,2.36,0.0,One Time Buy,O,False,False,False
2026-08-01,5282B,99900528275,BURNSIDE BUCKMAN RESERVE,CORDIALS,750 ML,750,92.0,,,United States,Bottle,1,6,64.95,389.7,2.56,5.0,Limited Listing,L,True,False,False
2026-08-01,5284B,99900528475,BIGFOOT BLACKBERRY MOONSHINE,CORDIALS,750 ML,750,80.0,,,United States,Bottle,1,12,24.95,299.4,0.98,0.0,Limited Listing,L,True,False,False
2026-08-01,5286B,99900528675,BIGFOOT MOONSHINE,CORDIALS,750 ML,750,103.0,,,United States,Bottle,1,12,24.95,299.4,0.98,0.0,Limited Listing,L,True,False,False
2026-08-01,5292B,99900529275,MARCOTTE JAMIE IRENE'S RUBY RED GRAPEFRUIT,CORDIALS,750 ML,750,40.0,,,United States,Bottle,1,12,26.0,312.0,1.02,0.0,Trial Listing,T,True,False,False
2026-08-01,5293B,99900529375,MARCOTTE BLAKE'S PUMPKIN SPICE MOONSHINE,CORDIALS,750 ML,750,40.0,,,United States,Bottle,1,12,26.0,312.0,1.02,0.0,Trial Listing,T,True,False,False
2026-08-01,5304B,99900530475,DELUXE GIN,GIN,750 ML,750,93.0,,,United States,Bottle,1,6,33.95,203.7,1.34,0.0,Trial Listing,T,True,False,False
2026-08-01,5311B,99900531175,SINISTER NEW ALBANY GIN,GIN,750 ML,750,80.0,,,United States,Bottle,1,12,29.95,359.4,1.18,0.0,Trial Listing,T,True,False,False
2026-08-01,5312B,99900531275,WESTWARD AMERICAN S/M STOUT CASK,DOMESTIC WHISKEY,750 ML,750,90.0,,,United States,Bottle,1,6,89.95,539.7,3.54,0.0,Limited Listing,L,True,False,False
2026-08-01,5314B,99900531475,ROGUE ROLLING THUNDER STOUTED WHISKEY,DOMESTIC WHISKEY,750 ML,750,80.0,,,United States,Bottle,1,6,79.95,479.7,3.15,0.0,Limited Listing,L,True,False,False
2026-08-01,5333B,99900533375,MOUNTAIN VODKA,VODKA,750 ML,750,80.0,,,United States,Bottle,1,12,15.95,191.4,0.63,0.0,Trial Listing,T,True,False,False
2026-08-01,5341B,99900534175,NAKED MALT,SCOTCH,750 ML,750,86.0,,,Scotland,Bottle,1,6,32.95,197.7,1.3,3.0,Limited Listing,L,False,False,False
2026-08-01,5344B,99900534475,JEFFERSON'S RESERVE TWIN OAK CUSTOM BARREL,DOMESTIC WHISKEY,750 ML,750,90.2,,,United States,Bottle,1,6,89.95,539.7,3.54,0.0,Seasonal,B,False,False,False
2026-08-01,5347B,99900534775,FREELAND BOURBON,DOMESTIC WHISKEY,750 ML,750,90.0,,,United States,Bottle,1,6,49.95,299.7,1.97,0.0,Regular,R,True,False,False
2026-08-01,5352B,99900535275,STILLWAGON DEVILS OWN TROPICAL CINNAMON RUM,RUM,750 ML,750,80.0,,,United States,Bottle,1,12,49.95,599.4,1.97,0.0,Trial Listing,T,True,False,False
2026-08-01,5355B,99900535575,PROPER NO. TWELVE,IRISH,750 ML,750,80.0,,,Republic of Ireland,Bottle,1,12,22.95,275.4,0.9,-2.0,Regular,R,False,False,False
2026-08-01,5355E,99900535537,PROPER NO. TWELVE,IRISH,375 ML,375,80.0,,,Republic of Ireland,Bottle,1,12,15.95,191.4,1.26,0.0,Regular,R,False,False,False
2026-08-01,5355H,99900535517,PROPER NO. TWELVE,IRISH,1.75 L,1750,80.0,,,Republic of Ireland,Bottle,1,6,44.95,269.7,0.76,-5.0,Regular,R,False,False,False
2026-08-01,5358B,99900535875,"BALCONES TEXAS ""1"" SINGLE MALT",DOMESTIC WHISKEY,750 ML,750,106.0,,,United States,Bottle,1,6,59.95,359.7,2.36,0.0,Seasonal,B,False,False,False
2026-08-01,5387B,99900538775,OREGON SPIRIT RYE BIB,DOMESTIC WHISKEY,750 ML,750,100.0,,,United States,Bottle,1,6,49.95,299.7,1.97,0.0,Limited Listing,L,True,False,False
2026-08-01,5388B,99900538875,REDEMPTION HIGH RYE BOURBON BARREL PROOF 10 YR,DOMESTIC WHISKEY,750 ML,750,114.2,10 YRS,120,United States,Bottle,1,6,98.0,588.0,3.86,0.0,Seasonal,B,False,False,False
2026-08-01,5391E,99900539137,JAMESON IRISH WHISKEY,IRISH,375 ML,375,80.0,,,Republic of Ireland,Bottle,1,24,17.95,430.8,1.41,0.0,Regular,R,False,False,False
2026-08-01,5391F,99900539105,JAMESON IRISH WHISKEY,IRISH,50 ML,50,80.0,,,Republic of Ireland,Bottle,1,120,3.0,360.0,1.76,0.0,Regular,R,False,False,False
2026-08-01,5391H,99900539117,JAMESON IRISH WHISKEY,IRISH,1.75 L,1750,80.0,,,Republic of Ireland,Bottle,1,6,59.95,359.7,1.01,0.0,Regular,R,False,False,False
2026-08-01,5395B,99900539575,STONE BARN DARK ROAST STRAIGHT RYE WHISKEY,DOMESTIC WHISKEY,750 ML,750,90.0,,,United States,Bottle,1,12,50.0,600.0,1.97,0.0,Limited Listing,L,True,False,False
2026-08-01,5404B,99900540475,OLE SMOKY SALTY CARAMEL WHISKEY,DOMESTIC WHISKEY,750 ML,750,60.0,,,United States,Bottle,1,6,20.95,125.7,0.82,0.0,Regular,R,False,False,False
2026-08-01,5409E,99900540937,E & J GALLO SUPERIOR RESERVE VSOP,BRANDY / COGNAC,375 ML,375,80.0,,,United States,Bottle,1,24,7.95,190.8,0.63,0.0,Regular,R,False,False,False
2026-08-01,5418D,99900541820,PAUL MASSON GRANDE AMBER,BRANDY / COGNAC,200 ML,200,80.0,,,,Bottle,1,24,4.45,106.8,0.65,0.0,Regular,R,False,False,False
2026-08-01,5418E,99900541837,PAUL MASSON GRANDE AMBER,BRANDY / COGNAC,375 ML,375,80.0,,,,Bottle,1,24,5.95,142.8,0.47,0.0,Regular,R,False,False,False
2026-08-01,5421B,99900542175,SILVERTON ULTRA-PREMIUM POTATO VODKA,VODKA,750 ML,750,80.0,,,United States,Bottle,1,12,19.95,239.4,0.79,0.0,Regular,R,True,False,False
2026-08-01,5421E,99900542137,SILVERTON ULTRA-PREMIUM POTATO VODKA,VODKA,375 ML,375,80.0,,,United States,Bottle,1,24,11.95,286.8,0.94,0.0,Limited Listing,L,True,False,False
2026-08-01,5421H,99900542117,SILVERTON ULTRA-PREMIUM POTATO VODKA,VODKA,1.75 L,1750,80.0,,,United States,Bottle,1,6,38.95,233.7,0.66,0.0,Limited Listing,L,True,False,False
2026-08-01,5422B,99900542275,ULA ORANGE LIQUEUR,CORDIALS,750 ML,750,80.0,,,United States,Bottle,1,6,29.95,179.7,1.18,0.0,Limited Listing,L,True,False,False
2026-08-01,5424B,99900542475,GALLON HOUSE GIN,GIN,750 ML,750,88.0,,,United States,Bottle,1,12,29.95,359.4,1.18,0.0,Limited Listing,L,True,False,False
2026-08-01,5432B,99900543275,BIGFOOT APPLE PIE MOONSHINE,CORDIALS,750 ML,750,70.0,,,United States,Bottle,1,12,24.95,299.4,0.98,0.0,Limited Listing,L,True,False,False
2026-08-01,5435B,99900543575,OLD FORESTER 1910,DOMESTIC WHISKEY,750 ML,750,93.0,,,United States,Bottle,1,6,54.95,329.7,2.16,0.0,Regular,R,False,False,False
2026-08-01,5436D,99900543620,HENNESSY V S,BRANDY / COGNAC,200 ML,200,80.0,,,France,Bottle,1,24,12.95,310.8,1.9,0.0,Regular,R,False,False,False
2026-08-01,5441E,99900544137,CLEAR CREEK BLUE PLUM BRANDY,BRANDY / COGNAC,375 ML,375,80.0,,,United States,Bottle,1,12,29.95,359.4,2.36,0.0,Limited Listing,L,True,False,False
2026-08-01,5443E,99900544337,REMY MARTIN VSOP,BRANDY / COGNAC,375 ML,375,80.0,,,France,Bottle,1,12,24.95,299.4,1.96,0.0,Regular,R,False,False,False
2026-08-01,5447B,99900544775,MARCOTTE TAMI'S PEPPERMINT STICK,CORDIALS,750 ML,750,80.0,,,United States,Bottle,1,12,26.0,312.0,1.02,0.0,Trial Listing,T,True,False,False
2026-08-01,5448B,99900544875,MARCOTTE DALE'S BUTTERSCOTCH MOONSHINE,CORDIALS,750 ML,750,50.0,,,United States,Bottle,1,12,26.0,312.0,1.02,0.0,Trial Listing,T,True,False,False
2026-08-01,5461F,99900546105,CARLTON STRAIGHT RYE WHISKEY,DOMESTIC WHISKEY,50 ML,50,90.0,,,United States,Bottle,1,90,5.0,450.0,2.94,0.0,Trial Listing,T,True,False,False
2026-08-01,5465B,99900546575,OLD ELK BLENDED STRAIGHT BOURBON WHISKEY,DOMESTIC WHISKEY,750 ML,750,88.0,,,United States,Bottle,1,6,39.95,239.7,1.57,-5.0,Limited Listing,L,False,False,False
2026-08-01,5482B,99900548275,MI CAMPO BLANCO,TEQUILA,750 ML,750,80.0,,,Mexico,Bottle,1,12,27.95,335.4,1.1,3.0,Regular,R,False,False,False
2026-08-01,5482E,99900548237,MI CAMPO BLANCO,TEQUILA,375 ML,375,80.0,,,Mexico,Bottle,1,12,13.95,167.4,1.1,0.0,Trial Listing,T,False,False,False
2026-08-01,5482H,99900548217,MI CAMPO BLANCO,TEQUILA,1.75 L,1750,80.0,,,Mexico,Bottle,1,3,44.95,134.85,0.76,0.0,Trial Listing,T,False,False,False
2026-08-01,5483B,99900548375,MI CAMPO REPOSADO,TEQUILA,750 ML,750,80.0,,,Mexico,Bottle,1,12,29.95,359.4,1.18,5.0,Regular,R,False,False,False
2026-08-01,5483E,99900548337,MI CAMPO REPOSADO,TEQUILA,375 ML,375,80.0,,,Mexico,Bottle,1,12,14.95,179.4,1.18,0.0,Trial Listing,T,False,False,False
2026-08-01,5483H,99900548317,MI CAMPO REPOSADO,TEQUILA,1.75 L,1750,80.0,,,Mexico,Bottle,1,3,48.95,146.85,0.83,0.0,Trial Listing,T,False,False,False
2026-08-01,5486B,99900548675,VIVACITY SPIRITS CRANBERRY RUM,RUM,750 ML,750,55.0,,,United States,Bottle,1,12,36.0,432.0,1.42,0.0,Limited Listing,L,True,False,False
2026-08-01,5487B,99900548775,STILLWEATHER SPIRITS GIN,GIN,750 ML,750,90.0,,,United States,Bottle,1,12,29.95,359.4,1.18,0.0,Limited Listing,L,True,False,False
2026-08-01,5498B,99900549875,BURNETT'S VODKA 100 PROOF,VODKA,750 ML,750,100.0,,,United States,Bottle,1,12,12.95,155.4,0.51,0.0,Limited Listing,L,False,False,False
2026-08-01,5501B,99900550175,BACKDROP DRY GIN,GIN,750 ML,750,90.0,,,United States,Bottle,1,12,29.95,359.4,1.18,0.0,Limited Listing,L,True,False,False
2026-08-01,5516B,99900551675,MALFY ROSA PINK GRAPEFRUIT GIN,GIN,750 ML,750,82.0,,,,Bottle,1,6,29.95,179.7,1.18,2.0,Regular,R,False,False,False
2026-08-01,5518B,99900551875,503 DISTILLING VODKA,VODKA,750 ML,750,90.0,,,United States,Bottle,1,12,16.95,203.4,0.67,0.0,Limited Listing,L,True,False,False
2026-08-01,5518H,99900551817,503 DISTILLING VODKA,VODKA,1.75 L,1750,90.0,,,United States,Bottle,1,6,27.95,167.7,0.47,0.0,Limited Listing,L,True,False,False
2026-08-01,5523B,99900552375,HEAVEN'S DOOR REVELATION DOUBLE BARREL,DOMESTIC WHISKEY,750 ML,750,100.0,,,United States,Bottle,1,6,49.95,299.7,1.97,0.0,Limited Listing,L,False,False,False
2026-08-01,5527A,99900552710,LEWIS & CLARK PREMIUM GIN,GIN,LITER,1000,90.0,,,United States,Bottle,1,12,17.95,215.4,0.53,2.0,Regular,R,True,False,False
2026-08-01,5528A,99900552810,LEWIS & CLARK PREMIUM SILVER RUM,RUM,LITER,1000,80.0,,,United States,Bottle,1,12,17.95,215.4,0.53,2.0,Limited Listing,L,True,False,False
2026-08-01,5529A,99900552910,LEWIS & CLARK PREMIUM VODKA,VODKA,LITER,1000,80.0,,,United States,Bottle,1,12,17.95,215.4,0.53,2.0,Regular,R,True,False,False
2026-08-01,5529H,99900552917,LEWIS & CLARK PREMIUM VODKA,VODKA,1.75 L,1750,80.0,,,United States,Bottle,1,6,24.95,149.7,0.42,0.0,Regular,R,True,False,False
2026-08-01,5531B,99900553175,BASIL HAYDEN'S 10 YEAR,DOMESTIC WHISKEY,750 ML,750,80.0,10 YRS,120,United States,Bottle,1,6,84.95,509.7,3.34,0.0,Seasonal,B,False,False,False
2026-08-01,5537B,99900553775,ROKU JAPANESE GIN,GIN,750 ML,750,86.0,,,,Bottle,1,6,27.95,167.7,1.1,3.0,Regular,R,False,False,False
2026-08-01,5538B,99900553875,HAKU JAPANESE VODKA,VODKA,750 ML,750,80.0,,,,Bottle,1,6,33.95,203.7,1.34,4.0,Regular,R,False,False,False
2026-08-01,5539B,99900553975,REDEMPTION WHEATED BOURBON,DOMESTIC WHISKEY,750 ML,750,96.0,,,United States,Bottle,1,6,49.95,299.7,1.97,5.0,Limited Listing,L,False,False,False
2026-08-01,5541B,99900554175,CRATER LAKE RESERVE GIN,GIN,750 ML,750,90.0,,,United States,Bottle,1,6,27.95,167.7,1.1,-2.0,Limited Listing,L,True,False,False
2026-08-01,5547B,99900554775,503 DISTILLING RUM,RUM,750 ML,750,80.0,,,United States,Bottle,1,12,18.95,227.4,0.75,0.0,Limited Listing,L,True,False,False
2026-08-01,5547H,99900554717,503 DISTILLING RUM,RUM,1.75 L,1750,80.0,,,United States,Bottle,1,6,30.95,185.7,0.52,0.0,Trial Listing,T,True,False,False
2026-08-01,5548B,99900554875,FOUNDRY FOUR ANVIL RYE,DOMESTIC WHISKEY,750 ML,750,80.0,,,United States,Bottle,1,6,39.95,239.7,1.57,0.0,Trial Listing,T,True,False,False
2026-08-01,5548E,99900554837,FOUNDRY FOUR ANVIL RYE,DOMESTIC WHISKEY,375 ML,375,80.0,,,United States,Bottle,1,12,21.95,263.4,1.73,0.0,Trial Listing,T,True,False,False
2026-08-01,5560B,99900556075,MARCOTTE KELY'S APPLE PIE MOONSHINE 80PF,CORDIALS,750 ML,750,80.0,,,United States,Bottle,1,12,28.0,336.0,1.1,0.0,Trial Listing,T,True,False,False
2026-08-01,5561B,99900556175,MARCOTTE BIAH'S SPICY CINNAMON MOONSHINE 80PF,CORDIALS,750 ML,750,80.0,,,United States,Bottle,1,12,28.0,336.0,1.1,0.0,Trial Listing,T,True,False,False
2026-08-01,5562B,99900556275,JUST RUM OAK RESTED,RUM,750 ML,750,102.0,,,United States,Bottle,1,12,49.95,599.4,1.97,0.0,Limited Listing,L,True,False,False
2026-08-01,5563B,99900556375,JUST RUM MAPLE RESTED,RUM,750 ML,750,102.0,,,United States,Bottle,1,12,49.95,599.4,1.97,0.0,Limited Listing,L,True,False,False
2026-08-01,5571E,99900557137,SOONHARI STRAWBERRY KOREAN SOJU,CORDIALS,375 ML,375,24.0,,,,Bottle,1,20,6.45,129.0,0.51,0.0,Regular,R,False,False,False
2026-08-01,5578B,99900557875,OLD FORESTER RYE,DOMESTIC WHISKEY,750 ML,750,100.0,,,United States,Bottle,1,12,25.95,311.4,1.02,3.0,Regular,R,False,False,False
2026-08-01,5579B,99900557975,COOPER'S CRAFT BOURBON,DOMESTIC WHISKEY,750 ML,750,100.0,,,United States,Bottle,1,6,29.95,179.7,1.18,-3.0,Regular,R,False,False,False
2026-08-01,5589B,99900558975,PIONEER OREGON HIGHLANDER,DOMESTIC WHISKEY,750 ML,750,86.0,,,United States,Bottle,1,12,60.0,720.0,2.36,0.0,Trial Listing,T,True,False,False
2026-08-01,5591B,99900559175,PIONEER ISLAY STYLE PEATED,DOMESTIC WHISKEY,750 ML,750,92.0,,,United States,Bottle,1,12,64.0,768.0,2.52,0.0,Trial Listing,T,True,False,False
2026-08-01,5592B,99900559275,PIONEER JEFFERSON GOLD,DOMESTIC WHISKEY,750 ML,750,88.0,,,United States,Bottle,1,12,62.0,744.0,2.44,0.0,Trial Listing,T,True,False,False
2026-08-01,5594B,99900559475,HEAVEN'S DOOR REVIVAL STRAIGHT BOURBON WHISKEY,DOMESTIC WHISKEY,750 ML,750,88.0,,,United States,Bottle,1,6,39.95,239.7,1.57,0.0,Limited Listing,L,False,False,False
2026-08-01,5603B,99900560375,WESTERN SON PRICKLY PEAR,VODKA,750 ML,750,60.0,,,,Bottle,1,6,14.95,89.7,0.59,0.0,Regular,R,False,False,False
2026-08-01,5608B,99900560875,NEMIROFF VODKA,VODKA,750 ML,750,80.0,,,,Bottle,1,12,19.95,239.4,0.79,0.0,Limited Listing,L,False,False,False
2026-08-01,5611E,99900561137,10 BARREL MOSCOW MULE (4-PK CANS),COCKTAILS,355 ML,355,21.6,,,United States,Multi-Pack Can,4,6,11.95,71.7,0.94,0.0,Regular,R,True,False,False
2026-08-01,5613E,99900561337,10 BARREL GREY HOUND (4-PK CANS),COCKTAILS,355 ML,355,23.6,,,United States,Multi-Pack Can,4,6,11.95,71.7,0.94,0.0,Regular,R,True,False,False
2026-08-01,5616B,99900561675,WESTWARD AMERICAN S/M 125 PF,DOMESTIC WHISKEY,750 ML,750,125.0,,,United States,Bottle,1,6,99.95,599.7,3.94,0.0,Limited Listing,L,True,False,False
2026-08-01,5619B,99900561975,TIMBERLINE VODKA,VODKA,750 ML,750,80.0,,,United States,Bottle,1,12,18.95,227.4,0.75,-5.0,Regular,R,True,False,False
2026-08-01,5619F,99900561905,TIMBERLINE VODKA,VODKA,50 ML,50,80.0,,,United States,Bottle,1,60,2.5,150.0,1.47,0.0,Trial Listing,T,True,False,False
2026-08-01,5619H,99900561917,TIMBERLINE VODKA,VODKA,1.75 L,1750,80.0,,,United States,Bottle,1,6,45.95,275.7,0.78,4.0,Regular,R,True,False,False
2026-08-01,5632D,99900563220,"99 ASSORTED 50ML - 12 , 10 PACKS",CORDIALS,50 ML,50,99.0,,,United States,Multi-Pack Bottle,10,12,9.95,119.4,1.46,0.0,One Time Buy,O,False,False,False
2026-08-01,5633D,99900563320,PLATINUM 7X PET 10PK-50ML CARRIER,VODKA,50 ML,50,80.0,,,United States,Multi-Pack Bottle,10,12,8.95,107.4,1.32,0.0,One Time Buy,O,False,False,False
2026-08-01,5639B,99900563975,HENDRICK'S GIN ORBIUM,GIN,750 ML,750,86.8,,,Scotland,Bottle,1,6,43.95,263.7,1.73,6.0,Regular,R,False,False,False
2026-08-01,5640B,99900564075,LIBELULA JOVEN,TEQUILA,750 ML,750,80.0,,,Mexico,Bottle,1,12,24.95,299.4,0.98,0.0,Regular,R,False,False,False
2026-08-01,5648B,99900564875,SINISTER ANCHOR ROSE RUM,RUM,750 ML,750,80.0,,,United States,Bottle,1,12,29.95,359.4,1.18,0.0,Trial Listing,T,True,False,False
2026-08-01,5659B,99900565975,MEZCAL UNION EL VIEJO,MEZCAL,750 ML,750,90.0,,,Mexico,Bottle,1,6,49.95,299.7,1.97,0.0,Seasonal,B,False,False,False
2026-08-01,5660B,99900566075,CROWN ROYAL PEACH,CANADIAN,750 ML,750,70.0,,,Canada,Bottle,1,12,29.95,359.4,1.18,4.0,Seasonal,B,False,False,False
2026-08-01,5660E,99900566037,CROWN ROYAL PEACH,CANADIAN,375 ML,375,70.0,,,Canada,Bottle,1,24,14.95,358.8,1.18,0.0,Regular,R,False,False,False
2026-08-01,5660F,99900566005,CROWN ROYAL PEACH,CANADIAN,50 ML,50,70.0,,,Canada,Bottle,1,60,2.75,165.0,1.62,0.0,Regular,R,False,False,False
2026-08-01,5660H,99900566017,CROWN ROYAL PEACH,CANADIAN,1.75 L,1750,70.0,,,Canada,Bottle,1,6,49.95,299.7,0.84,-6.0,Regular,R,False,False,False
2026-08-01,5662B,99900566275,CIROC SUMMER WATERMELON,VODKA,750 ML,750,70.0,,,France,Bottle,1,12,35.95,431.4,1.42,6.0,Regular,R,False,False,False
2026-08-01,5672A,99900567210,NARANJA ORANGE LIQUEUR,CORDIALS,LITER,1000,80.0,,,,Bottle,1,12,24.95,299.4,0.74,0.0,Limited Listing,L,False,False,False
2026-08-01,5677B,99900567775,WIDOW JANE 10 YR BOURBON,DOMESTIC WHISKEY,750 ML,750,91.0,10 YRS,120,United States,Bottle,1,6,79.95,479.7,3.15,5.0,Regular,R,False,False,False
2026-08-01,5683B,99900568375,BLACKENED,DOMESTIC WHISKEY,750 ML,750,90.0,,,United States,Bottle,1,6,49.95,299.7,1.97,0.0,Regular,R,False,False,False
2026-08-01,5689B,99900568975,NEW AMSTERDAM GRAPEFRUIT VODKA,VODKA,750 ML,750,70.0,,,United States,Bottle,1,12,12.95,155.4,0.51,2.0,Regular,R,False,False,False
2026-08-01,5691B,99900569175,NEW AMSTERDAM STRATUSPHERE LONDON DRY GIN,GIN,750 ML,750,94.6,,,United States,Bottle,1,12,15.95,191.4,0.63,0.0,Limited Listing,L,False,False,False
2026-08-01,5692B,99900569275,BACARDI LIME,RUM,750 ML,750,70.0,,,Puerto Rico,Bottle,1,12,14.95,179.4,0.59,-2.0,Regular,R,False,False,False
2026-08-01,5693B,99900569375,EVAN WILLIAMS APPLE,DOMESTIC WHISKEY,750 ML,750,70.0,,,United States,Bottle,1,12,14.95,179.4,0.59,-2.0,Limited Listing,L,False,False,False
2026-08-01,5706B,99900570675,MARCOTTE DISTILLING MITCH'S KICKIN' JALAPENO,CORDIALS,750 ML,750,80.0,,,United States,Bottle,1,12,28.0,336.0,1.1,0.0,Trial Listing,T,True,False,False
2026-08-01,5707B,99900570775,MARCOTTE DISTILLING ADAM'S SALTED CARAMEL,CORDIALS,750 ML,750,80.0,,,United States,Bottle,1,12,28.0,336.0,1.1,0.0,Trial Listing,T,True,False,False
2026-08-01,5720B,99900572075,JIM BEAM PEACH,DOMESTIC WHISKEY,750 ML,750,65.0,,,United States,Bottle,1,12,16.95,203.4,0.67,-1.0,Regular,R,False,False,False
2026-08-01,5722B,99900572275,DREGS VODKA,VODKA,750 ML,750,80.0,,,United States,Bottle,1,12,23.95,287.4,0.94,0.0,Regular,R,True,False,False
2026-08-01,5722H,99900572217,DREGS VODKA,VODKA,1.75 L,1750,80.0,,,United States,Bottle,1,6,39.95,239.7,0.67,0.0,Trial Listing,T,True,False,False
2026-08-01,5737B,99900573775,PATRON EXTRA ANEJO,TEQUILA,750 ML,750,80.0,,,Mexico,Bottle,1,6,89.95,539.7,3.54,0.0,Limited Listing,L,False,False,False
2026-08-01,5750B,99900575075,BATANGA BLANCO,TEQUILA,750 ML,750,80.0,,,Mexico,Bottle,1,12,28.95,347.4,1.14,3.0,Regular,R,True,False,False
2026-08-01,5750F,99900575005,BATANGA BLANCO,TEQUILA,50 ML,50,80.0,,,Mexico,Bottle,1,60,3.5,210.0,2.06,0.0,One Time Buy,O,True,False,False
2026-08-01,5750H,99900575017,BATANGA BLANCO,TEQUILA,1.75 L,1750,80.0,,,Mexico,Bottle,1,6,43.95,263.7,0.74,-5.0,Regular,R,True,False,False
2026-08-01,5751B,99900575175,BATANGA REPOSADO,TEQUILA,750 ML,750,80.0,,,Mexico,Bottle,1,12,28.95,347.4,1.14,3.0,Regular,R,True,False,False
2026-08-01,5751F,99900575105,BATANGA REPOSADO,TEQUILA,50 ML,50,80.0,,,Mexico,Bottle,1,60,3.5,210.0,2.06,0.0,One Time Buy,O,True,False,False
2026-08-01,5751H,99900575117,BATANGA REPOSADO,TEQUILA,1.75 L,1750,80.0,,,Mexico,Bottle,1,6,43.95,263.7,0.74,-5.0,Regular,R,True,False,False
2026-08-01,5756B,99900575675,GRAN CENTENARIO REPOSADO W/LOUDCUP,TEQUILA,750 ML,750,80.0,,,Mexico,VAP,1,6,33.95,203.7,1.34,0.0,Seasonal,B,False,False,False
2026-08-01,5758B,99900575875,DOUBLE CIRCLE WHEAT WHISKEY,DOMESTIC WHISKEY,750 ML,750,90.0,,,United States,Bottle,1,12,49.95,599.4,1.97,0.0,Limited Listing,L,True,False,False
2026-08-01,5759B,99900575975,DOUBLE CIRCLE BOURBON,DOMESTIC WHISKEY,750 ML,750,90.0,,,United States,Bottle,1,12,49.95,599.4,1.97,0.0,Limited Listing,L,True,False,False
2026-08-01,5768E,99900576837,JINRO GREEN GRAPE SOJU,CORDIALS,375 ML,375,26.0,,,,Bottle,1,20,6.8,136.0,0.54,0.0,Limited Listing,L,False,False,False
2026-08-01,5771B,99900577175,STAFFORDS RESERVE,DOMESTIC WHISKEY,750 ML,750,92.0,,,United States,Bottle,1,12,39.95,479.4,1.57,0.0,Limited Listing,L,True,False,False
2026-08-01,5774B,99900577475,WOODINVILLE STRAIGHT BOURBON SINGLE BARREL,DOMESTIC WHISKEY,750 ML,750,132.0,,,United States,Bottle,1,12,69.95,839.4,2.75,0.0,Seasonal,B,False,False,False
2026-08-01,5778B,99900577875,SMIRNOFF ZERO SUGAR WATERMELON & MINT,VODKA,750 ML,750,60.0,,,United States,Bottle,1,12,12.95,155.4,0.51,0.0,Regular,R,False,False,False
2026-08-01,5779B,99900577975,SMIRNOFF ZERO SUGAR STRAWBERRY & ROSE,VODKA,750 ML,750,60.0,,,United States,Bottle,1,12,12.95,155.4,0.51,0.0,Regular,R,False,False,False
2026-08-01,5780B,99900578075,SMIRNOFF ZERO SUGAR CUCUMBER & LIME,VODKA,750 ML,750,60.0,,,United States,Bottle,1,12,12.95,155.4,0.51,0.0,Regular,R,False,False,False
2026-08-01,5783B,99900578375,HENDRICK'S MID SUMMER SOLSTICE,GIN,750 ML,750,86.8,,,Scotland,Bottle,1,6,39.95,239.7,1.57,0.0,One Time Buy,O,False,False,False
2026-08-01,5784B,99900578475,BALVENIE 12 STORIES-AMERICAN OAK,SCOTCH,750 ML,750,86.0,,,Scotland,Bottle,1,6,76.95,461.7,3.03,7.0,Seasonal,B,False,False,False
2026-08-01,5786B,99900578675,TRILLIUM PINK PINOT GIN,GIN,750 ML,750,90.0,,,United States,Bottle,1,12,44.95,539.4,1.77,0.0,Limited Listing,L,True,False,False
2026-08-01,5793B,99900579375,DIVINE DISTILLERS PANDAN RUM,RUM,750 ML,750,80.0,,,United States,Bottle,1,12,37.0,444.0,1.46,0.0,Limited Listing,L,True,False,False
2026-08-01,5803B,99900580375,ILEGAL MEZCAL JOVEN BLANCO,MEZCAL,750 ML,750,80.0,,,Mexico,Bottle,1,6,29.95,179.7,1.18,0.0,Regular,R,False,False,False
2026-08-01,5803E,99900580337,ILEGAL MEZCAL JOVEN BLANCO,MEZCAL,375 ML,375,80.0,,,Mexico,Bottle,1,12,19.95,239.4,1.57,0.0,Trial Listing,T,False,False,False
2026-08-01,5820B,99900582075,NOVO FOGO CACHACA ORGANICA SILVER BRAZIL,CACHACA,750 ML,750,80.0,,,Brazil,Bottle,1,6,29.95,179.7,1.18,0.0,Regular,R,False,False,False
2026-08-01,5821B,99900582175,NOVO FOGO CACHACA BARREL AGED GOLD,CACHACA,750 ML,750,80.0,,,Brazil,Bottle,1,6,34.95,209.7,1.38,0.0,Trial Listing,T,False,False,False
2026-08-01,5830B,99900583075,FORTALEZA BLANCO TEQUILA,TEQUILA,750 ML,750,80.0,,,Mexico,Bottle,1,6,49.95,299.7,1.97,0.0,Regular,R,False,False,False
2026-08-01,5831B,99900583175,FORTALEZA REPOSADO TEQUILA,TEQUILA,750 ML,750,80.0,,,Mexico,Bottle,1,6,59.95,359.7,2.36,0.0,Regular,R,False,False,False
2026-08-01,5841B,99900584175,WHISTLEPIG 10 YR  STRAIGHT RYE WHISKEY,DOMESTIC WHISKEY,750 ML,750,100.0,10 YRS,120,United States,Bottle,1,6,74.95,449.7,2.95,0.0,Regular,R,False,False,False
2026-08-01,5845B,99900584575,TEQUILA OCHO REPOSADO TEQUILA GOLD,TEQUILA,750 ML,750,80.0,,,Mexico,Bottle,1,6,59.95,359.7,2.36,0.0,Regular,R,False,False,False
2026-08-01,5846B,99900584675,TEQUILA OCHO PLATA TEQUILA WHITE,TEQUILA,750 ML,750,80.0,,,Mexico,Bottle,1,6,49.95,299.7,1.97,0.0,Regular,R,False,False,False
2026-08-01,5858B,99900585875,JEFFERSON'S OCEAN AGED AT SEA WHEATED,DOMESTIC WHISKEY,750 ML,750,90.0,,,United States,Bottle,1,6,84.95,509.7,3.34,0.0,Seasonal,B,False,False,False
2026-08-01,5859B,99900585975,WILD ROOTS CUCUMBER GRAPEFRUIT GIN,GIN,750 ML,750,88.0,,,United States,Bottle,1,12,26.95,323.4,1.06,-3.0,Regular,R,True,False,False
2026-08-01,5859H,99900585917,WILD ROOTS CUCUMBER GRAPEFRUIT GIN,GIN,1.75 L,1750,88.0,,,United States,Bottle,1,6,44.95,269.7,0.76,5.0,Regular,R,True,False,False
2026-08-01,5866B,99900586675,COBURG VODKA,VODKA,750 ML,750,80.0,,,United States,Bottle,1,12,17.95,215.4,0.71,0.0,Limited Listing,L,True,False,False
2026-08-01,5867B,99900586775,STILLWEATHER SPIRITS WEST COAST GIN,GIN,750 ML,750,84.0,,,United States,Bottle,1,12,34.95,419.4,1.38,0.0,Limited Listing,L,True,False,False
2026-08-01,5873B,99900587375,GOMPERS VODKA,VODKA,750 ML,750,80.0,,,United States,Bottle,1,6,22.95,137.7,0.9,0.0,Regular,R,True,False,False
2026-08-01,5875F,99900587505,DON JULIO ANEJO TEQUILA GOLD,TEQUILA,50 ML,50,80.0,,,Mexico,Bottle,1,60,7.0,420.0,4.12,0.0,Seasonal,B,False,False,False
2026-08-01,5876E,99900587637,BANNER TREE RUM,RUM,375 ML,375,92.0,,,United States,Bottle,1,24,25.0,600.0,1.97,0.0,Limited Listing,L,True,False,False
2026-08-01,5887B,99900588775,"RANSOM ""THE GEEZER"" OLD TOM GIN",GIN,750 ML,750,88.0,,,United States,Bottle,1,6,59.95,359.7,2.36,0.0,Limited Listing,L,True,False,False
2026-08-01,5888B,99900588875,CINN CITY WHISKEY,DOMESTIC WHISKEY,750 ML,750,70.0,,,United States,Bottle,1,6,27.95,167.7,1.1,0.0,Trial Listing,T,True,False,False
2026-08-01,5889B,99900588975,THE TIDES RUM,RUM,750 ML,750,80.0,,,United States,Bottle,1,6,27.95,167.7,1.1,0.0,Trial Listing,T,True,False,False
2026-08-01,5894B,99900589475,SPEYBURN 10 YR W/SOURCE WATER,SCOTCH,750 ML,750,92.0,,,Scotland,VAP,1,6,29.95,179.7,1.18,0.0,Holiday,H,False,False,False
2026-08-01,5895B,99900589575,KNOB CREEK W/GLASSES,DOMESTIC WHISKEY,750 ML,750,100.0,,,United States,VAP,1,6,38.95,233.7,1.53,0.0,Holiday,H,False,False,False
2026-08-01,5896B,99900589675,SUNTORY TOKI W/HIGHBALL GLS,OTHER IMPORTED WHISKY,750 ML,750,86.0,,,Japan,VAP,1,6,39.95,239.7,1.57,3.0,Holiday,H,False,False,False
2026-08-01,5897B,99900589775,AVION SILVER W/50ML REPO & ANEJO,TEQUILA,750 ML,750,80.0,,,Mexico,VAP,1,6,39.95,239.7,1.57,0.0,Holiday,H,False,False,False
2026-08-01,5898B,99900589875,DEAD GUY WHISKEY GIFT,DOMESTIC WHISKEY,750 ML,750,80.0,,,United States,VAP,1,6,39.95,239.7,1.57,0.0,Holiday,H,True,False,False
2026-08-01,5899B,99900589975,BUCHANAN 12YR W/GIFT,SCOTCH,750 ML,750,80.0,,,Scotland,VAP,1,6,41.95,251.7,1.65,5.0,Holiday,H,False,False,False
2026-08-01,5900B,99900590075,BULLEIT STRAIGHT BOURBON VAP,DOMESTIC WHISKEY,750 ML,750,90.0,,,United States,VAP,1,6,31.95,191.7,1.26,3.0,Holiday,H,False,False,False
2026-08-01,5901B,99900590175,KETEL ONE W/ GIFT,VODKA,750 ML,750,80.0,,,Netherlands,VAP,1,6,26.95,161.7,1.06,4.0,Holiday,H,False,False,False
2026-08-01,5903D,99900590320,VAN GOGH MINI VAP,VODKA,200 ML,200,80.0,,,Netherlands,VAP,1,30,4.95,148.5,0.73,0.0,Holiday,H,False,False,False
2026-08-01,5904B,99900590475,WESTERN SON VODKA VAP,VODKA,750 ML,750,80.0,,,United States,VAP,1,8,16.95,135.6,0.67,0.0,Holiday,H,False,False,False
2026-08-01,5905B,99900590575,HENDRICK'S 2026 VAP,GIN,750 ML,750,88.0,,,Scotland,VAP,1,6,39.95,239.7,1.57,5.0,Holiday,H,False,False,False
2026-08-01,5906B,99900590675,JACK DANIEL'S TENNESSEE RYE W/2 ROCK GLASSES,DOMESTIC WHISKEY,750 ML,750,90.0,,,United States,VAP,1,6,16.95,101.7,0.67,0.0,Holiday,H,False,False,False
2026-08-01,5907E,99900590737,TITO'S MINI VAP,VODKA,375 ML,375,80.0,,,United States,VAP,1,10,12.95,129.5,1.02,0.0,Holiday,H,False,False,False
2026-08-01,5908B,99900590875,ABSENTE GLASS VAP,CORDIALS,750 ML,750,110.0,,,France,VAP,1,6,44.95,269.7,1.77,0.0,Holiday,H,False,False,False
2026-08-01,5909B,99900590975,GRANNY'S GINGERBREAD CREAM,CORDIALS,750 ML,750,25.0,,,,Bottle,1,12,12.95,155.4,0.51,6.0,Holiday,H,False,False,False
2026-08-01,5911B,99900591175,CLEAR CREEK VODKA,VODKA,750 ML,750,80.0,,,United States,Bottle,1,6,34.95,209.7,1.38,0.0,Trial Listing,T,True,False,False
2026-08-01,5912E,99900591237,PAINTED LADY GIN & TONIC 4-PK CANS,COCKTAILS,355 ML,355,20.0,,,United States,Multi-Pack Can,4,6,15.95,95.7,1.26,0.0,Limited Listing,L,True,False,False
2026-08-01,5913H,99900591317,SEAGRAM'S SEVEN CROWN VAP,DOMESTIC WHISKEY,1.75 L,1750,80.0,,,United States,VAP,1,6,23.95,143.7,0.4,0.0,Holiday,H,False,False,False
2026-08-01,5914B,99900591475,CASA NOBLE CRYSTAL W/STAINLESS STEEL CUPS,TEQUILA,750 ML,750,80.0,,,Mexico,VAP,1,6,46.95,281.7,1.85,0.0,Holiday,H,False,False,False
2026-08-01,5915B,99900591575,THE TIDES VODKA,VODKA,750 ML,750,80.0,,,United States,Bottle,1,6,27.95,167.7,1.1,0.0,Trial Listing,T,True,False,False
2026-08-01,5918B,99900591875,JACK DANIEL'S TENN. APPLE,DOMESTIC WHISKEY,750 ML,750,70.0,,,United States,Bottle,1,12,19.95,239.4,0.79,0.0,Regular,R,False,False,True
2026-08-01,5918F,99900591805,JACK DANIEL'S TENN. APPLE,DOMESTIC WHISKEY,50 ML,50,70.0,,,United States,Bottle,1,120,1.75,210.0,1.03,0.0,One Time Buy,O,False,False,False
2026-08-01,5924B,99900592475,BUMBU XO,RUM,750 ML,750,80.0,,,,Bottle,1,6,36.95,221.7,1.45,-3.0,Limited Listing,L,False,False,False
2026-08-01,5929E,99900592937,HORNITOS REPOSADO TEQUILA,TEQUILA,375 ML,375,80.0,,,Mexico,Bottle,1,12,15.45,185.4,1.22,0.0,Regular,R,False,False,False
2026-08-01,5931B,99900593175,503 DISTILLING GAMBLER 500 WHISKEY,DOMESTIC WHISKEY,750 ML,750,80.0,,,United States,Bottle,1,12,29.95,359.4,1.18,0.0,Limited Listing,L,True,False,False
2026-08-01,5943B,99900594375,TANTEO HABANERO TEQUILA,CORDIALS,750 ML,750,80.0,,,,Bottle,1,6,33.95,203.7,1.34,0.0,Trial Listing,T,False,False,False
2026-08-01,5953B,99900595375,SKREWBALL PEANUT BUTTER WHISKEY,DOMESTIC WHISKEY,750 ML,750,70.0,,,United States,Bottle,1,12,29.95,359.4,1.18,0.0,Regular,R,False,False,False
2026-08-01,5953E,99900595337,SKREWBALL PEANUT BUTTER WHISKEY,DOMESTIC WHISKEY,375 ML,375,70.0,,,United States,Bottle,1,12,14.95,179.4,1.18,0.0,Regular,R,False,False,False
2026-08-01,5953F,99900595305,SKREWBALL PEANUT BUTTER WHISKEY,DOMESTIC WHISKEY,50 ML,50,70.0,,,United States,Bottle,1,120,2.0,240.0,1.18,0.0,Regular,R,False,False,False
2026-08-01,5953H,99900595317,SKREWBALL PEANUT BUTTER WHISKEY,DOMESTIC WHISKEY,1.75 L,1750,70.0,,,United States,Bottle,1,6,49.95,299.7,0.84,0.0,Regular,R,False,False,False
2026-08-01,5954B,99900595475,THE GLENLIVET 14 YR,SCOTCH,750 ML,750,80.0,,,Scotland,Bottle,1,6,69.95,419.7,2.75,0.0,Regular,R,False,False,False
2026-08-01,5957B,99900595775,WESTERN SON WATERMELON VODKA,VODKA,750 ML,750,60.0,,,,Bottle,1,6,14.95,89.7,0.59,0.0,Regular,R,False,False,False
2026-08-01,5958B,99900595875,PIC-NIC WATERMELON VODKA,VODKA,750 ML,750,70.0,,,United States,Bottle,1,6,27.95,167.7,1.1,0.0,Trial Listing,T,True,False,False
2026-08-01,5959H,99900595917,DI SARONNO AMARETTO,CORDIALS,1.75 L,1750,56.0,,,Italy,Bottle,1,6,55.95,335.7,0.95,-4.0,Regular,R,False,False,False
2026-08-01,5961B,99900596175,BAR PILOT CHAI VODKA,VODKA,750 ML,750,80.0,,,United States,Bottle,1,12,24.95,299.4,0.98,0.0,Limited Listing,L,True,False,False
2026-08-01,5966B,99900596675,LA GRITONA,TEQUILA,750 ML,750,80.0,,,Mexico,Bottle,1,12,58.95,707.4,2.32,0.0,Regular,R,False,False,False
2026-08-01,5980B,99900598075,DEAD RABBIT IRISH WHISKEY,IRISH,750 ML,750,88.0,,,Republic of Ireland,Bottle,1,6,42.95,257.7,1.69,0.0,Regular,R,False,False,False
2026-08-01,5984B,99900598475,SUNDANCE WHISKEY,DOMESTIC WHISKEY,750 ML,750,96.0,,,United States,Bottle,1,12,34.95,419.4,1.38,0.0,Trial Listing,T,True,False,False
2026-08-01,5988B,99900598875,MONTEZUMA WHITE TEQUILA,TEQUILA,750 ML,750,80.0,,,Mexico,Bottle,1,12,8.95,107.4,0.35,0.0,Regular,R,False,False,False
2026-08-01,5989B,99900598975,STEIN STRAIGHT RAM RYE WHISKEY,DOMESTIC WHISKEY,750 ML,750,90.0,,,United States,Bottle,1,6,109.95,659.7,4.33,0.0,Trial Listing,T,True,False,False
2026-08-01,5997B,99900599775,CRUZAN HURRICANE PROOF,RUM,750 ML,750,137.0,,,U.S Virgin Islands,Bottle,1,12,16.95,203.4,0.67,-3.0,Limited Listing,L,False,False,False
2026-08-01,6003B,99900600375,SUPERFLY VODKA,VODKA,750 ML,750,80.0,,,United States,Bottle,1,12,24.4,292.8,0.96,0.0,Regular,R,True,False,False
2026-08-01,6006B,99900600675,NEW DEAL 80 PROOF VODKA,VODKA,750 ML,750,80.0,,,United States,Bottle,1,12,24.95,299.4,0.98,0.0,Regular,R,True,False,False
2026-08-01,6012B,99900601275,ABSOLUT APEACH,VODKA,750 ML,750,80.0,,,Sweden,Bottle,1,12,24.95,299.4,0.98,5.0,Regular,R,False,False,False
2026-08-01,6015B,99900601575,JUAREZ GOLD TEQUILA,TEQUILA,750 ML,750,80.0,,,Mexico,Bottle,1,12,14.95,179.4,0.59,0.0,Regular,R,False,False,False
2026-08-01,6015H,99900601517,JUAREZ GOLD TEQUILA,TEQUILA,1.75 L,1750,80.0,,,Mexico,Bottle,1,6,32.95,197.7,0.56,0.0,Regular,R,False,False,False
2026-08-01,6016B,99900601675,NEW DEAL PORTLAND 90 VODKA,VODKA,750 ML,750,90.0,,,United States,Bottle,1,12,19.95,239.4,0.79,0.0,Regular,R,True,False,False
2026-08-01,6016H,99900601617,NEW DEAL PORTLAND 90 VODKA,VODKA,1.75 L,1750,90.0,,,United States,Bottle,1,6,37.95,227.7,0.64,0.0,Limited Listing,L,True,False,False
2026-08-01,6017B,99900601775,ROSE CITY MARIONBERRY VODKA,VODKA,750 ML,750,80.0,,,United States,Bottle,1,12,9.95,119.4,0.39,0.0,Regular,R,True,False,False
2026-08-01,6021B,99900602175,DAMIANA HERB LIQUEUR,CORDIALS,750 ML,750,60.0,,,,Bottle,1,12,33.95,407.4,1.34,0.0,Limited Listing,L,False,False,False
2026-08-01,6027B,99900602775,BROKER'S ENGLISH GIN (UK),GIN,750 ML,750,94.0,,,United Kingdom,Bottle,1,12,19.95,239.4,0.79,0.0,Regular,R,False,False,False
2026-08-01,6027H,99900602717,BROKER'S ENGLISH GIN (UK),GIN,1.75 L,1750,94.0,,,United Kingdom,Bottle,1,6,39.95,239.7,0.67,-5.0,Regular,R,False,False,False
2026-08-01,6032B,99900603275,MALIBU PASSION FRUIT FLAVORED RUM,RUM,750 ML,750,42.0,,,Canada,Bottle,1,12,17.95,215.4,0.71,3.0,Regular,R,False,False,False
2026-08-01,6037B,99900603775,WILD TURKEY 101,DOMESTIC WHISKEY,750 ML,750,101.0,,,United States,Bottle,1,12,26.95,323.4,1.06,2.0,Regular,R,False,False,False
2026-08-01,6037E,99900603737,WILD TURKEY 101,DOMESTIC WHISKEY,375 ML,375,101.0,,,United States,Bottle,1,12,15.95,191.4,1.26,0.0,Regular,R,False,False,False
2026-08-01,6037F,99900603705,WILD TURKEY 101,DOMESTIC WHISKEY,50 ML,50,101.0,,,United States,Bottle,1,120,3.0,360.0,1.76,0.0,Regular,R,False,False,False
2026-08-01,6037H,99900603717,WILD TURKEY 101,DOMESTIC WHISKEY,1.75 L,1750,101.0,,,United States,Bottle,1,6,47.95,287.7,0.81,-2.0,Regular,R,False,False,False
2026-08-01,6038E,99900603837,CLEAR CREEK MARIONBERRY LIQUEUR,CORDIALS,375 ML,375,80.0,,,United States,Bottle,1,12,24.95,299.4,1.96,0.0,Limited Listing,L,True,False,False
2026-08-01,6039B,99900603975,TIA MARIA,CORDIALS,750 ML,750,53.0,,,,Bottle,1,12,29.95,359.4,1.18,0.0,Limited Listing,L,False,False,False
2026-08-01,6040B,99900604075,THE SINGLETON 12 YR,SCOTCH,750 ML,750,80.0,12 YRS,144,Scotland,Bottle,1,6,44.95,269.7,1.77,0.0,Regular,R,False,False,False
2026-08-01,6042B,99900604275,CITADELLE (FRANCE),GIN,750 ML,750,88.0,,,France,Bottle,1,6,29.95,179.7,1.18,0.0,Regular,R,False,False,False
2026-08-01,6043B,99900604375,PERNOD D ANISE,CORDIALS,750 ML,750,80.0,,,,Bottle,1,12,34.95,419.4,1.38,0.0,Limited Listing,L,False,False,False
2026-08-01,6045B,99900604575,CAZADORES ANEJO GOLD TEQUILA,TEQUILA,750 ML,750,80.0,,,Mexico,Bottle,1,6,35.95,215.7,1.42,-4.0,Regular,R,False,False,False
2026-08-01,6047A,99900604710,CACHACA 51 PIRASSUNUNGA,CACHACA,LITER,1000,80.0,,,Brazil,Bottle,1,12,21.95,263.4,0.65,0.0,Limited Listing,L,False,False,False
2026-08-01,6050B,99900605075,KETEL ONE CITRON CITRUS VODKA,VODKA,750 ML,750,80.0,,,Netherlands,Bottle,1,12,26.95,323.4,1.06,4.0,Regular,R,False,False,False
2026-08-01,6051B,99900605175,TUACA LIQUEUR,CORDIALS,750 ML,750,70.0,,,,Bottle,1,12,23.95,287.4,0.94,4.0,Regular,R,False,False,False
2026-08-01,6052B,99900605275,MONARCH BUTTERSCOTCH CORDIAL,CORDIALS,750 ML,750,30.0,,,Canada,Bottle,1,12,11.95,143.4,0.47,0.0,Regular,R,True,False,False
2026-08-01,6053B,99900605375,MILAGRO REPOSADO,TEQUILA,750 ML,750,80.0,,,Mexico,Bottle,1,6,32.95,197.7,1.3,5.0,Regular,R,False,False,False
2026-08-01,6053H,99900605317,MILAGRO REPOSADO,TEQUILA,1.75 L,1750,80.0,,,Mexico,Bottle,1,6,49.95,299.7,0.84,0.0,Limited Listing,L,False,False,False
2026-08-01,6056B,99900605675,PEARL CANADIAN VODKA,VODKA,750 ML,750,80.0,,,Canada,Bottle,1,12,11.95,143.4,0.47,-3.0,Regular,R,False,False,False
2026-08-01,6056H,99900605617,PEARL CANADIAN VODKA,VODKA,1.75 L,1750,80.0,,,Canada,Bottle,1,6,24.95,149.7,0.42,6.0,Regular,R,False,False,False
2026-08-01,6060B,99900606075,MILAGRO ANEJO,TEQUILA,750 ML,750,80.0,,,Mexico,Bottle,1,6,37.95,227.7,1.49,-2.0,Regular,R,False,False,False
2026-08-01,6061B,99900606175,MILAGRO SILVER 100% AGAVE,TEQUILA,750 ML,750,80.0,,,Mexico,Bottle,1,6,29.95,179.7,1.18,3.0,Regular,R,False,False,False
2026-08-01,6061D,99900606120,MILAGRO SILVER 100% AGAVE,TEQUILA,200 ML,200,80.0,,,Mexico,Bottle,1,24,9.95,238.8,1.46,0.0,One Time Buy,O,False,False,False
2026-08-01,6061E,99900606137,MILAGRO SILVER 100% AGAVE,TEQUILA,375 ML,375,80.0,,,Mexico,Bottle,1,12,16.95,203.4,1.33,2.0,Regular,R,False,False,False
2026-08-01,6061H,99900606117,MILAGRO SILVER 100% AGAVE,TEQUILA,1.75 L,1750,80.0,,,Mexico,Bottle,1,6,49.95,299.7,0.84,0.0,Regular,R,False,False,False
2026-08-01,6062B,99900606275,99 BANANAS SCHNAPPS,CORDIALS,750 ML,750,99.0,,,United States,Bottle,1,12,13.95,167.4,0.55,3.0,Regular,R,False,False,False
2026-08-01,6063B,99900606375,KNAPPOGUE CASTLE SINGLE MALT 1997,IRISH,750 ML,750,86.0,,,Republic of Ireland,Bottle,1,6,44.95,269.7,1.77,0.0,Regular,R,False,False,False
2026-08-01,6065B,99900606575,UNDERGROUND HERBAL SPIRIT,CORDIALS,750 ML,750,80.0,,,United States,Bottle,1,12,20.95,251.4,0.82,0.0,Regular,R,False,False,False
2026-08-01,6067B,99900606775,DEWAR'S THE ANCESTOR 12 YR SPECIAL RESERVE,SCOTCH,750 ML,750,80.0,12 YRS,144,Scotland,Bottle,1,12,39.95,479.4,1.57,0.0,Regular,R,False,False,False
2026-08-01,6068B,99900606875,99 ROOT BEER,CORDIALS,750 ML,750,99.0,,,United States,Bottle,1,12,13.95,167.4,0.55,3.0,Limited Listing,L,False,False,False
2026-08-01,6071B,99900607175,MAKER'S MARK 46,DOMESTIC WHISKEY,750 ML,750,94.0,,,United States,Bottle,1,6,34.95,209.7,1.38,-7.0,Regular,R,False,False,False
2026-08-01,6075I,99900607570,CHARTREUSE GREEN,CORDIALS,700 ML,700,110.0,,,France,Bottle,1,6,71.9,431.4,3.03,0.0,Regular,R,False,True,False
2026-08-01,6084B,99900608475,CAZADORES BLANCO,TEQUILA,750 ML,750,80.0,,,Mexico,Bottle,1,12,24.95,299.4,0.98,0.0,Regular,R,False,False,False
2026-08-01,6084E,99900608437,CAZADORES BLANCO,TEQUILA,375 ML,375,80.0,,,Mexico,Bottle,1,24,14.95,358.8,1.18,2.0,Limited Listing,L,False,False,False
2026-08-01,6084F,99900608405,CAZADORES BLANCO,TEQUILA,50 ML,50,80.0,,,Mexico,Bottle,1,120,2.0,240.0,1.18,0.0,Regular,R,False,False,False
2026-08-01,6084H,99900608417,CAZADORES BLANCO,TEQUILA,1.75 L,1750,80.0,,,Mexico,Bottle,1,6,39.95,239.7,0.67,0.0,Regular,R,False,False,False
2026-08-01,6086B,99900608675,PALLINI LIMONCELLO LIQUEUR,CORDIALS,750 ML,750,52.0,,,,Bottle,1,6,24.95,149.7,0.98,0.0,Regular,R,False,False,False
2026-08-01,6087B,99900608775,AMARULA CREAM LIQUEUR,CORDIALS,750 ML,750,80.0,,,,Bottle,1,12,29.95,359.4,1.18,0.0,Regular,R,False,False,False
2026-08-01,6093B,99900609375,PINNACLE WHIPPED CREAM FLAVORED VODKA,VODKA,750 ML,750,60.0,,,France,Bottle,1,12,12.95,155.4,0.51,0.0,Regular,R,False,False,False
2026-08-01,6093E,99900609337,PINNACLE WHIPPED CREAM FLAVORED VODKA,VODKA,375 ML,375,60.0,,,France,Bottle,1,24,7.95,190.8,0.63,1.0,Regular,R,False,False,False
2026-08-01,6093H,99900609317,PINNACLE WHIPPED CREAM FLAVORED VODKA,VODKA,1.75 L,1750,60.0,,,France,Bottle,1,6,19.95,119.7,0.34,0.0,Regular,R,False,False,False
2026-08-01,6095B,99900609575,GRAND MARNIER,CORDIALS,750 ML,750,80.0,,,,Bottle,1,12,39.95,479.4,1.57,0.0,Regular,R,False,False,False
2026-08-01,6095E,99900609537,GRAND MARNIER,CORDIALS,375 ML,375,80.0,,,,Bottle,1,12,21.95,263.4,1.73,0.0,Regular,R,False,False,False
2026-08-01,6095F,99900609505,GRAND MARNIER,CORDIALS,50 ML,50,80.0,,,,Bottle,1,120,4.0,480.0,2.35,0.0,Limited Listing,L,False,False,False
2026-08-01,6095H,99900609517,GRAND MARNIER,CORDIALS,1.75 L,1750,80.0,,,,Bottle,1,6,84.95,509.7,1.43,0.0,Regular,R,False,False,False
2026-08-01,6101B,99900610175,BURNETT'S CITRUS FLAVORED VODKA,VODKA,750 ML,750,70.0,,,United States,Bottle,1,12,8.95,107.4,0.35,1.0,Regular,R,False,False,False
2026-08-01,6101H,99900610117,BURNETT'S CITRUS FLAVORED VODKA,VODKA,1.75 L,1750,70.0,,,United States,Bottle,1,6,17.95,107.7,0.3,0.0,Regular,R,False,False,False
2026-08-01,6102B,99900610275,BURNETT'S ORANGE VODKA,VODKA,750 ML,750,70.0,,,United States,Bottle,1,12,8.95,107.4,0.35,1.0,Regular,R,False,False,False
2026-08-01,6103B,99900610375,BURNETT'S RASPBERRY FLAVORED VODKA,VODKA,750 ML,750,70.0,,,United States,Bottle,1,12,8.95,107.4,0.35,1.0,Regular,R,False,False,False
2026-08-01,6103H,99900610317,BURNETT'S RASPBERRY FLAVORED VODKA,VODKA,1.75 L,1750,70.0,,,United States,Bottle,1,6,17.95,107.7,0.3,0.0,Regular,R,False,False,False
2026-08-01,6104B,99900610475,BURNETT'S VANILLA VODKA,VODKA,750 ML,750,70.0,,,United States,Bottle,1,12,8.95,107.4,0.35,1.0,Regular,R,False,False,False
2026-08-01,6104H,99900610417,BURNETT'S VANILLA VODKA,VODKA,1.75 L,1750,70.0,,,United States,Bottle,1,6,17.95,107.7,0.3,0.0,Regular,R,False,False,False
2026-08-01,6105B,99900610575,CROWN ROYAL 18YR EXTRA RARE,CANADIAN,750 ML,750,80.0,,,Canada,Bottle,1,6,139.95,839.7,5.51,0.0,Limited Listing,L,False,False,False
2026-08-01,6106B,99900610675,BLACKHEART PREMIUM SPICED RUM,RUM,750 ML,750,93.0,,,,Bottle,1,12,13.95,167.4,0.55,-1.0,Regular,R,False,False,False
2026-08-01,6106E,99900610637,BLACKHEART PREMIUM SPICED RUM,RUM,375 ML,375,93.0,,,,Bottle,1,24,7.95,190.8,0.63,0.0,Regular,R,False,False,False
2026-08-01,6106H,99900610617,BLACKHEART PREMIUM SPICED RUM,RUM,1.75 L,1750,93.0,,,,Bottle,1,6,28.95,173.7,0.49,4.0,Regular,R,False,False,False
2026-08-01,6110B,99900611075,99 APPLES SCHNAPPS,CORDIALS,750 ML,750,99.0,,,United States,Bottle,1,12,13.95,167.4,0.55,3.0,Regular,R,False,False,False
2026-08-01,6113B,99900611375,IRISH MIST HONEY LIQUEUR,CORDIALS,750 ML,750,70.0,,,Republic of Ireland,Bottle,1,6,32.95,197.7,1.3,3.0,Regular,R,False,False,False
2026-08-01,6118B,99900611875,BEYOND VODKA,VODKA,750 ML,750,80.0,,,,Bottle,1,12,9.95,119.4,0.39,0.0,Regular,R,False,False,False
2026-08-01,6118H,99900611817,BEYOND VODKA,VODKA,1.75 L,1750,80.0,,,,Bottle,1,6,19.95,119.7,0.34,0.0,Regular,R,False,False,False
2026-08-01,6120A,99900612010,EL JIMADOR BLANCO TEQUILA,TEQUILA,LITER,1000,80.0,,,Mexico,Bottle,1,12,27.95,335.4,0.83,2.0,Regular,R,False,False,False
2026-08-01,6120B,99900612075,EL JIMADOR BLANCO TEQUILA,TEQUILA,750 ML,750,80.0,,,Mexico,Bottle,1,12,23.95,287.4,0.94,2.0,Regular,R,False,False,False
2026-08-01,6120E,99900612037,EL JIMADOR BLANCO TEQUILA,TEQUILA,375 ML,375,80.0,,,Mexico,Bottle,1,12,14.95,179.4,1.18,0.0,Regular,R,False,False,False
2026-08-01,6120F,99900612005,EL JIMADOR BLANCO TEQUILA,TEQUILA,50 ML,50,80.0,,,Mexico,Bottle,1,60,3.0,180.0,1.76,0.0,One Time Buy,O,False,False,False
2026-08-01,6120H,99900612017,EL JIMADOR BLANCO TEQUILA,TEQUILA,1.75 L,1750,80.0,,,Mexico,Bottle,1,6,46.95,281.7,0.79,-3.0,Regular,R,False,False,False
2026-08-01,6121B,99900612175,LEROUX KIRSCHWASSER,CORDIALS,750 ML,750,90.0,,,,Bottle,1,12,17.95,215.4,0.71,1.0,Limited Listing,L,False,False,False
2026-08-01,6122B,99900612275,BURNETT'S COCONUT FLAVORED VODKA,VODKA,750 ML,750,70.0,,,United States,Bottle,1,12,8.95,107.4,0.35,1.0,Regular,R,False,False,False
2026-08-01,6124B,99900612475,CRUZAN VANILLA FLAVORED RUM,RUM,750 ML,750,55.0,,,U.S Virgin Islands,Bottle,1,12,11.95,143.4,0.47,-2.0,Regular,R,False,False,False
2026-08-01,6125B,99900612575,LISMORE SPEYSIDE SINGLE MALT,SCOTCH,750 ML,750,80.0,,,Scotland,Bottle,1,12,31.95,383.4,1.26,0.0,Regular,R,False,False,False
2026-08-01,6126B,99900612675,BLUE ICE POTATO VODKA,VODKA,750 ML,750,80.0,,,,Bottle,1,12,18.95,227.4,0.75,0.0,Regular,R,False,False,False
2026-08-01,6127B,99900612775,ADMIRAL NELSON'S SPICED RUM,RUM,750 ML,750,70.0,,,,Bottle,1,12,10.95,131.4,0.43,1.0,Regular,R,False,False,False
2026-08-01,6127H,99900612717,ADMIRAL NELSON'S SPICED RUM,RUM,1.75 L,1750,70.0,,,,Bottle,1,6,23.95,143.7,0.4,4.0,Regular,R,False,False,False
2026-08-01,6128B,99900612875,CRUZAN MANGO FLAVORED RUM,RUM,750 ML,750,55.0,,,U.S Virgin Islands,Bottle,1,12,11.95,143.4,0.47,-2.0,Regular,R,False,False,False
2026-08-01,6136B,99900613675,JOSE CUERVO ESPECIAL SILVER,TEQUILA,750 ML,750,80.0,,,Mexico,Bottle,1,12,16.95,203.4,0.67,-3.0,Regular,R,False,False,True
2026-08-01,6136E,99900613637,JOSE CUERVO ESPECIAL SILVER,TEQUILA,375 ML,375,80.0,,,Mexico,Bottle,1,24,11.45,274.8,0.9,0.0,Regular,R,False,False,False
2026-08-01,6136H,99900613617,JOSE CUERVO ESPECIAL SILVER,TEQUILA,1.75 L,1750,80.0,,,Mexico,Bottle,1,6,39.95,239.7,0.67,5.0,Regular,R,False,False,False
2026-08-01,6139B,99900613975,THREE OLIVES CHERRY FLAVORED VODKA,VODKA,750 ML,750,60.0,,,England,Bottle,1,12,14.95,179.4,0.59,2.0,Regular,R,False,False,False
2026-08-01,6145B,99900614575,HANGAR 1 (ONE) STRAIGHT VODKA,VODKA,750 ML,750,80.0,,,,Bottle,1,12,23.95,287.4,0.94,0.0,Limited Listing,L,False,False,False
2026-08-01,6159B,99900615975,DEKUYPER SOUR APPLE PUCKER,CORDIALS,750 ML,750,30.0,,,Netherlands,Bottle,1,12,12.95,155.4,0.51,0.0,Regular,R,False,False,False
2026-08-01,6160B,99900616075,PINNACLE VODKA (FRANCE),VODKA,750 ML,750,80.0,,,France,Bottle,1,12,9.95,119.4,0.39,0.0,Regular,R,False,False,False
2026-08-01,6160E,99900616037,PINNACLE VODKA (FRANCE),VODKA,375 ML,375,80.0,,,France,Bottle,1,24,7.95,190.8,0.63,1.0,Regular,R,False,False,False
2026-08-01,6160H,99900616017,PINNACLE VODKA (FRANCE),VODKA,1.75 L,1750,80.0,,,France,Bottle,1,6,19.95,119.7,0.34,0.0,Regular,R,False,False,False
2026-08-01,6164B,99900616475,GREY GOOSE VODKA L'ORANGE,VODKA,750 ML,750,80.0,,,France,Bottle,1,6,29.95,179.7,1.18,5.0,Regular,R,False,False,False
2026-08-01,6165F,99900616505,ROGUE BAYFRONT VODKA,VODKA,50 ML,50,80.0,,,United States,Bottle,1,120,2.0,240.0,1.18,0.0,Trial Listing,T,True,False,False
2026-08-01,6167E,99900616737,CLEAR CREEK FRAMBOISE,BRANDY / COGNAC,375 ML,375,80.0,,,United States,Bottle,1,12,64.95,779.4,5.11,0.0,Limited Listing,L,True,False,False
2026-08-01,6170A,99900617010,SAILOR JERRY SPICED NAVY RUM,RUM,LITER,1000,92.0,,,,Bottle,1,12,21.95,263.4,0.65,0.0,Regular,R,False,False,False
2026-08-01,6170B,99900617075,SAILOR JERRY SPICED NAVY RUM,RUM,750 ML,750,92.0,,,,Bottle,1,12,16.95,203.4,0.67,-3.0,Regular,R,False,False,False
2026-08-01,6170D,99900617020,SAILOR JERRY SPICED NAVY RUM,RUM,200 ML,200,92.0,,,,Bottle,1,48,4.95,237.6,0.73,0.0,Regular,R,False,False,False
2026-08-01,6170E,99900617037,SAILOR JERRY SPICED NAVY RUM,RUM,375 ML,375,92.0,,,,Bottle,1,24,9.95,238.8,0.78,0.0,Regular,R,False,False,False
2026-08-01,6170F,99900617005,SAILOR JERRY SPICED NAVY RUM,RUM,50 ML,50,92.0,,,,Bottle,1,120,2.0,240.0,1.18,0.0,Regular,R,False,False,False
2026-08-01,6170H,99900617017,SAILOR JERRY SPICED NAVY RUM,RUM,1.75 L,1750,92.0,,,,Bottle,1,6,32.95,197.7,0.56,3.0,Regular,R,False,False,False
2026-08-01,6173H,99900617317,JOSE CUERVO GOLD MARGARITA,COCKTAILS,1.75 L,1750,25.4,,,Mexico,Bottle,1,6,17.95,107.7,0.3,-2.0,Regular,R,False,False,False
2026-08-01,6175B,99900617575,CABO WABO REPOSADO GOLD TEQUILA,TEQUILA,750 ML,750,80.0,,,Mexico,Bottle,1,6,36.95,221.7,1.45,2.0,Regular,R,False,False,False
2026-08-01,6176B,99900617675,EL JIMADOR REPOSADO TEQUILA,TEQUILA,750 ML,750,80.0,,,Mexico,Bottle,1,12,23.95,287.4,0.94,2.0,Regular,R,False,False,False
2026-08-01,6176E,99900617637,EL JIMADOR REPOSADO TEQUILA,TEQUILA,375 ML,375,80.0,,,Mexico,Bottle,1,12,14.95,179.4,1.18,0.0,Regular,R,False,False,False
2026-08-01,6176H,99900617617,EL JIMADOR REPOSADO TEQUILA,TEQUILA,1.75 L,1750,80.0,,,Mexico,Bottle,1,6,46.95,281.7,0.79,-3.0,Regular,R,False,False,False
2026-08-01,6183B,99900618375,MALIBU PINEAPPLE FLAVORED RUM *,RUM,750 ML,750,42.0,,,Canada,Bottle,1,12,17.95,215.4,0.71,3.0,Regular,R,False,False,False
2026-08-01,6184B,99900618475,MALIBU MANGO FLAVORED RUM *,RUM,750 ML,750,42.0,,,Canada,Bottle,1,12,17.95,215.4,0.71,3.0,Regular,R,False,False,False
2026-08-01,6189B,99900618975,THREE OLIVES VODKA IMPORTED FROM ENGLAND,VODKA,750 ML,750,80.0,,,England,Bottle,1,12,14.95,179.4,0.59,2.0,Regular,R,False,False,False
2026-08-01,6189H,99900618917,THREE OLIVES VODKA IMPORTED FROM ENGLAND,VODKA,1.75 L,1750,80.0,,,England,Bottle,1,6,22.95,137.7,0.39,-3.0,Regular,R,False,False,False
2026-08-01,6192B,99900619275,DESERT JUNIPER GIN,GIN,750 ML,750,82.0,,,United States,Bottle,1,12,35.95,431.4,1.42,0.0,Limited Listing,L,True,False,False
2026-08-01,6194B,99900619475,1800 SILVER,TEQUILA,750 ML,750,80.0,,,Mexico,Bottle,1,12,28.95,347.4,1.14,4.0,Regular,R,False,False,False
2026-08-01,6194E,99900619437,1800 SILVER,TEQUILA,375 ML,375,80.0,,,Mexico,Bottle,1,12,16.95,203.4,1.33,0.0,Limited Listing,L,False,False,False
2026-08-01,6194H,99900619417,1800 SILVER,TEQUILA,1.75 L,1750,80.0,,,Mexico,Bottle,1,6,44.95,269.7,0.76,-4.0,Regular,R,False,False,False
2026-08-01,6195B,99900619575,ARDBEG UIGEADAIL SINGLE MALT,SCOTCH,750 ML,750,108.4,,,Scotland,Bottle,1,6,89.95,539.7,3.54,-5.0,Regular,R,False,False,False
2026-08-01,6197B,99900619775,BACARDI LIGHT-DRY RUM,RUM,750 ML,750,80.0,,,Puerto Rico,Bottle,1,12,14.95,179.4,0.59,-2.0,Regular,R,False,False,False
2026-08-01,6197H,99900619717,BACARDI LIGHT-DRY RUM,RUM,1.75 L,1750,80.0,,,Puerto Rico,Bottle,1,6,29.95,179.7,0.51,2.0,Regular,R,False,False,False
2026-08-01,6198B,99900619875,ABSENTE (ANISE),CORDIALS,750 ML,750,110.0,,,,Bottle,1,12,44.95,539.4,1.77,0.0,Limited Listing,L,False,False,False
2026-08-01,6201E,99900620137,ROGUE CRANBERRY VODKA SODA 4-PK CANS,COCKTAILS,355 ML,355,15.0,,,United States,Multi-Pack Can,4,6,4.95,29.7,0.39,0.0,Trial Listing,T,True,False,False
2026-08-01,6202A,99900620210,SVEDKA SWEDISH VODKA,VODKA,LITER,1000,80.0,,,Sweden,Bottle,1,12,13.95,167.4,0.41,0.0,Regular,R,False,False,False
2026-08-01,6202B,99900620275,SVEDKA SWEDISH VODKA,VODKA,750 ML,750,80.0,,,Sweden,Bottle,1,12,10.95,131.4,0.43,0.0,Regular,R,False,False,False
2026-08-01,6202E,99900620237,SVEDKA SWEDISH VODKA,VODKA,375 ML,375,80.0,,,Sweden,Bottle,1,24,6.95,166.8,0.55,0.0,Regular,R,False,False,False
2026-08-01,6202F,99900620205,SVEDKA SWEDISH VODKA,VODKA,50 ML,50,80.0,,,Sweden,Bottle,1,120,1.5,180.0,0.88,0.0,Limited Listing,L,False,False,False
2026-08-01,6202H,99900620217,SVEDKA SWEDISH VODKA,VODKA,1.75 L,1750,80.0,,,Sweden,Bottle,1,6,19.95,119.7,0.34,0.0,Regular,R,False,False,False
2026-08-01,6203E,99900620337,ROGUE CUCUMBER GIN FIZZ 4-PK CANS,COCKTAILS,355 ML,355,15.0,,,United States,Multi-Pack Can,4,6,4.95,29.7,0.39,0.0,Regular,R,True,False,False
2026-08-01,6204B,99900620475,BIRD DOG BLACK CHERRY WHISKEY,DOMESTIC WHISKEY,750 ML,750,80.0,,,United States,Bottle,1,6,18.95,113.7,0.75,-3.0,Limited Listing,L,False,False,False
2026-08-01,6208B,99900620875,LAPHROAIG SINGLE MALT CASK STRENGTH,SCOTCH,750 ML,750,117.2,10 YRS,120,Scotland,Bottle,1,6,95.95,575.7,3.78,0.0,Seasonal,B,False,False,False
2026-08-01,6210B,99900621075,SMIRNOFF TWIST OF STRAWBERRY VODKA,VODKA,750 ML,750,70.0,,,United States,Bottle,1,12,12.95,155.4,0.51,0.0,Regular,R,False,False,False
2026-08-01,6210H,99900621017,SMIRNOFF TWIST OF STRAWBERRY VODKA,VODKA,1.75 L,1750,70.0,,,United States,Bottle,1,6,19.95,119.7,0.34,-2.0,Regular,R,False,False,False
2026-08-01,6215B,99900621575,SMIRNOFF TWIST OF WATERMELON VODKA,VODKA,750 ML,750,70.0,,,United States,Bottle,1,12,12.95,155.4,0.51,0.0,Regular,R,False,False,False
2026-08-01,6216B,99900621675,ABSOLUT RASPBERRY FLAVORED VODKA,VODKA,750 ML,750,80.0,,,Sweden,Bottle,1,12,19.95,239.4,0.79,0.0,Regular,R,False,False,False
2026-08-01,6219B,99900621975,1792 SMALL BATCH 8 YR,DOMESTIC WHISKEY,750 ML,750,93.7,8 YRS,96,United States,Bottle,1,6,29.95,179.7,1.18,0.0,Regular,R,False,False,False
2026-08-01,6219H,99900621917,1792 SMALL BATCH 8 YR,DOMESTIC WHISKEY,1.75 L,1750,93.7,8 YRS,96,United States,Bottle,1,3,59.95,179.85,1.01,0.0,Regular,R,False,False,False
2026-08-01,6223B,99900622375,DEKUYPER STRAWBERRY PUCKER SCHNAPPS,CORDIALS,750 ML,750,30.0,,,Netherlands,Bottle,1,12,12.95,155.4,0.51,0.0,Limited Listing,L,False,False,False
2026-08-01,6227H,99900622717,1800 ULTIMATE LIME MARGARITA READY-TO-DRINK,COCKTAILS,1.75 L,1750,19.9,,,Mexico,Bottle,1,6,20.95,125.7,0.35,2.0,Regular,R,False,False,False
2026-08-01,6231E,99900623137,CLEAR CREEK EAUDE VIE OF DOUGLAS FIR,BRANDY / COGNAC,375 ML,375,95.0,,,United States,Bottle,1,12,49.95,599.4,3.93,0.0,Limited Listing,L,True,False,False
2026-08-01,6235B,99900623575,SMIRNOFF TWIST OF BLACK CHERRY VODKA,VODKA,750 ML,750,70.0,,,United States,Bottle,1,12,12.95,155.4,0.51,0.0,Regular,R,False,False,False
2026-08-01,6238B,99900623875,UV BLUE RASPBERRY FLAVORED VODKA,VODKA,750 ML,750,60.0,,,,Bottle,1,12,12.95,155.4,0.51,4.0,Regular,R,False,False,False
2026-08-01,6248B,99900624875,ROSE CITY BLOOD ORANGE VODKA,VODKA,750 ML,750,80.0,,,United States,Bottle,1,12,9.95,119.4,0.39,0.0,Regular,R,True,False,False
2026-08-01,6250B,99900625075,BAILEYS SALTED CARAMEL IRISH CREAM,CORDIALS,750 ML,750,34.0,,,Republic of Ireland,Bottle,1,12,29.95,359.4,1.18,0.0,Regular,R,False,False,False
2026-08-01,6252B,99900625275,PAMA POMEGRANATE LIQUEUR,CORDIALS,750 ML,750,34.0,,,,Bottle,1,6,24.95,149.7,0.98,0.0,Regular,R,False,False,False
2026-08-01,6253B,99900625375,STOLICHNAYA BLUEBERI BLUEBERRY VODKA,VODKA,750 ML,750,75.0,,,Latvia,Bottle,1,12,16.95,203.4,0.67,0.0,Regular,R,False,False,False
2026-08-01,6254B,99900625475,BURNETT'S PEACH FLAVORED VODKA,VODKA,750 ML,750,70.0,,,United States,Bottle,1,12,7.95,95.4,0.31,0.0,Regular,R,False,False,False
2026-08-01,6254H,99900625417,BURNETT'S PEACH FLAVORED VODKA,VODKA,1.75 L,1750,70.0,,,United States,Bottle,1,6,17.95,107.7,0.3,0.0,Regular,R,False,False,False
2026-08-01,6266B,99900626675,PUERTO VALLARTA,TEQUILA,750 ML,750,80.0,,,Mexico,Bottle,1,12,10.95,131.4,0.43,0.0,Regular,R,False,False,False
2026-08-01,6272B,99900627275,99 BLACK CHERRIES SCHNAPPS,CORDIALS,750 ML,750,99.0,,,United States,Bottle,1,12,13.95,167.4,0.55,3.0,Limited Listing,L,False,False,False
2026-08-01,6274B,99900627475,SNAKE RIVER STAMPEDE CANADIAN WHISKEY,CANADIAN,750 ML,750,80.0,,,Canada,Bottle,1,12,24.95,299.4,0.98,0.0,Regular,R,True,False,False
2026-08-01,6274E,99900627437,SNAKE RIVER STAMPEDE CANADIAN WHISKEY,CANADIAN,375 ML,375,80.0,,,Canada,Bottle,1,24,9.95,238.8,0.78,0.0,Limited Listing,L,True,False,False
2026-08-01,6274H,99900627417,SNAKE RIVER STAMPEDE CANADIAN WHISKEY,CANADIAN,1.75 L,1750,80.0,,,Canada,Bottle,1,6,49.95,299.7,0.84,0.0,Regular,R,True,False,False
2026-08-01,6279B,99900627975,THREE OLIVES GRAPE FLAVORED VODKA,VODKA,750 ML,750,60.0,,,England,Bottle,1,12,14.95,179.4,0.59,2.0,Regular,R,False,False,False
2026-08-01,6280B,99900628075,SMIRNOFF TWIST OF LIME VODKA,VODKA,750 ML,750,70.0,,,United States,Bottle,1,12,12.95,155.4,0.51,0.0,Regular,R,False,False,False
2026-08-01,6290B,99900629075,NEW DEAL HOT MONKEY VODKA,VODKA,750 ML,750,80.0,,,United States,Bottle,1,12,24.95,299.4,0.98,0.0,Regular,R,True,False,False
2026-08-01,6300E,99900630037,CLEAR CREEK PEAR LIQUEUR,CORDIALS,375 ML,375,46.2,,,United States,Bottle,1,12,24.95,299.4,1.96,0.0,Limited Listing,L,True,False,False
2026-08-01,6305E,99900630537,CLEAR CREEK RASPBERRY LIQUOR,CORDIALS,375 ML,375,41.1,,,United States,Bottle,1,12,24.95,299.4,1.96,0.0,Limited Listing,L,True,False,False
2026-08-01,6306B,99900630675,ABERLOUR GLENLIVET 12 YEAR OLD SCOTCH,SCOTCH,750 ML,750,86.0,12 YRS,144,Scotland,Bottle,1,6,59.95,359.7,2.36,0.0,Regular,R,False,False,False
2026-08-01,6307B,99900630775,ABERLOUR GLENLIVET 16 YEAR OLD SCOTCH,SCOTCH,750 ML,750,86.0,16 YRS,192,Scotland,Bottle,1,6,129.95,779.7,5.12,-10.0,Limited Listing,L,False,False,False
2026-08-01,6311B,99900631175,ABSOLUT PEARS,VODKA,750 ML,750,80.0,,,Sweden,Bottle,1,12,19.95,239.4,0.79,0.0,Regular,R,False,False,False
2026-08-01,6326B,99900632675,E & J XO BRANDY,BRANDY / COGNAC,750 ML,750,80.0,,,United States,Bottle,1,12,17.95,215.4,0.71,0.0,Regular,R,False,False,False
2026-08-01,6326H,99900632617,E & J XO BRANDY,BRANDY / COGNAC,1.75 L,1750,80.0,,,United States,Bottle,1,6,30.95,185.7,0.52,0.0,Regular,R,False,False,False
2026-08-01,6331B,99900633175,GREY GOOSE LA POIRE FLAVORED VODKA,VODKA,750 ML,750,80.0,,,France,Bottle,1,6,29.95,179.7,1.18,5.0,Regular,R,False,False,False
2026-08-01,6333B,99900633375,KROGSTAD AQUAVIT (OREGON),CORDIALS,750 ML,750,80.0,,,United States,Bottle,1,6,29.95,179.7,1.18,0.0,Regular,R,True,False,False
2026-08-01,6339B,99900633975,ROGUE FARMHOUSE GIN,GIN,750 ML,750,90.0,,,United States,Bottle,1,6,29.95,179.7,1.18,0.0,Limited Listing,L,True,False,False
2026-08-01,6339F,99900633905,ROGUE FARMHOUSE GIN,GIN,50 ML,50,90.0,,,United States,Bottle,1,120,3.0,360.0,1.76,0.0,Limited Listing,L,True,False,False
2026-08-01,6340B,99900634075,ULLR PEPPERMINT SCHNAPPS,CORDIALS,750 ML,750,90.0,,,United States,Bottle,1,12,23.95,287.4,0.94,2.0,Regular,R,True,False,False
2026-08-01,6340E,99900634037,ULLR PEPPERMINT SCHNAPPS,CORDIALS,375 ML,375,90.0,,,United States,Bottle,1,24,9.95,238.8,0.78,0.0,Trial Listing,T,True,False,False
2026-08-01,6340F,99900634005,ULLR PEPPERMINT SCHNAPPS,CORDIALS,50 ML,50,90.0,,,United States,Bottle,1,60,2.25,135.0,1.32,0.0,Regular,R,True,False,False
2026-08-01,6344B,99900634475,ARMAGNAC DEMONTAL VS,BRANDY / COGNAC,750 ML,750,80.0,,,,Bottle,1,6,39.95,239.7,1.57,0.0,Limited Listing,L,False,False,False
2026-08-01,6346B,99900634675,JUBILEE HUCKLEBERRY VODKA,VODKA,750 ML,750,80.0,,,United States,Bottle,1,6,28.95,173.7,1.14,0.0,Limited Listing,L,True,False,False
2026-08-01,6358B,99900635875,LEBLON CACHACA NATURAL RUM (BRAZIL),CACHACA,750 ML,750,80.0,,,Brazil,Bottle,1,6,25.45,152.7,1.0,0.0,Regular,R,False,False,False
2026-08-01,6359B,99900635975,TR.VIC'S KONA COFFEE LIQUEUR,CORDIALS,750 ML,750,53.0,,,,Bottle,1,6,19.95,119.7,0.79,3.0,Regular,R,False,False,False
2026-08-01,6362B,99900636275,SMIRNOFF TWIST OF BLUEBERRY VODKA,VODKA,750 ML,750,70.0,,,United States,Bottle,1,12,12.95,155.4,0.51,0.0,Regular,R,False,False,False
2026-08-01,6365B,99900636575,SVEDKA CITRON FLAVORED VODKA,VODKA,750 ML,750,70.0,,,Sweden,Bottle,1,12,10.95,131.4,0.43,0.0,Limited Listing,L,False,False,False
2026-08-01,6367B,99900636775,360 VODKA,VODKA,750 ML,750,80.0,,,United States,Bottle,1,12,16.95,203.4,0.67,0.0,Regular,R,False,False,False
2026-08-01,6367H,99900636717,360 VODKA,VODKA,1.75 L,1750,80.0,,,United States,Bottle,1,6,29.95,179.7,0.51,0.0,Regular,R,False,False,False
2026-08-01,6373D,99900637320,FIREBALL CINNAMON 50ML- 10PKS,CANADIAN,50 ML,50,66.0,,,Canada,Multi-Pack Bottle,10,12,8.95,107.4,1.32,0.0,Regular,R,False,False,False
2026-08-01,6374B,99900637475,WELLER FULL PROOF,DOMESTIC WHISKEY,750 ML,750,114.0,,,United States,Bottle,1,6,64.95,389.7,2.56,0.0,Seasonal,B,False,False,False
2026-08-01,6375B,99900637575,E.H. TAYLOR AMARANTH,DOMESTIC WHISKEY,750 ML,750,100.0,,,United States,Bottle,1,6,69.95,419.7,2.75,0.0,Seasonal,B,False,False,False
2026-08-01,6384A,99900638410,LUNAZUL REPOSADO TEQUILA,TEQUILA,LITER,1000,80.0,,,Mexico,Bottle,1,12,25.95,311.4,0.77,0.0,Regular,R,False,False,False
2026-08-01,6384B,99900638475,LUNAZUL REPOSADO TEQUILA,TEQUILA,750 ML,750,80.0,,,Mexico,Bottle,1,12,21.95,263.4,0.86,-2.0,Regular,R,False,False,False
2026-08-01,6384E,99900638437,LUNAZUL REPOSADO TEQUILA,TEQUILA,375 ML,375,80.0,,,Mexico,Bottle,1,12,12.95,155.4,1.02,0.0,Regular,R,False,False,False
2026-08-01,6384F,99900638405,LUNAZUL REPOSADO TEQUILA,TEQUILA,50 ML,50,80.0,,,Mexico,Bottle,1,100,2.5,250.0,1.47,0.0,Trial Listing,T,False,False,False
2026-08-01,6384H,99900638417,LUNAZUL REPOSADO TEQUILA,TEQUILA,1.75 L,1750,80.0,,,Mexico,Bottle,1,6,44.95,269.7,0.76,5.0,Regular,R,False,False,False
2026-08-01,6393A,99900639310,HORNITOS PLATA WHITE TEQUILA,TEQUILA,LITER,1000,80.0,,,Mexico,Bottle,1,12,32.95,395.4,0.97,0.0,Regular,R,False,False,False
2026-08-01,6393B,99900639375,HORNITOS PLATA WHITE TEQUILA,TEQUILA,750 ML,750,80.0,,,Mexico,Bottle,1,12,24.95,299.4,0.98,0.0,Regular,R,False,False,False
2026-08-01,6393E,99900639337,HORNITOS PLATA WHITE TEQUILA,TEQUILA,375 ML,375,80.0,,,Mexico,Bottle,1,12,14.95,179.4,1.18,0.0,Regular,R,False,False,False
2026-08-01,6393H,99900639317,HORNITOS PLATA WHITE TEQUILA,TEQUILA,1.75 L,1750,80.0,,,Mexico,Bottle,1,6,39.95,239.7,0.67,-5.0,Regular,R,False,False,False
2026-08-01,6394B,99900639475,HORNITOS ANEJO GOLD TEQUILA,TEQUILA,750 ML,750,80.0,,,Mexico,Bottle,1,12,35.95,431.4,1.42,5.0,Regular,R,False,False,False
2026-08-01,6396B,99900639675,"MONOPOLOWA ""RETRO"" GIN",GIN,750 ML,750,87.0,,,Austria,Bottle,1,12,19.95,239.4,0.79,5.0,Regular,R,False,False,False
2026-08-01,6400B,99900640075,ST GERMAIN FRENCH LIQUEUR (ELDERFLOWER),CORDIALS,750 ML,750,40.0,,,,Bottle,1,6,33.95,203.7,1.34,0.0,Regular,R,False,False,False
2026-08-01,6400E,99900640037,ST GERMAIN FRENCH LIQUEUR (ELDERFLOWER),CORDIALS,375 ML,375,40.0,,,,Bottle,1,12,19.95,239.4,1.57,0.0,Limited Listing,L,False,False,False
2026-08-01,6405I,99900640570,TEQUILA SIETE LEGUAS BLANCO,TEQUILA,700 ML,700,80.0,,,Mexico,Bottle,1,6,49.95,299.7,2.11,0.0,Limited Listing,L,False,False,False
2026-08-01,6407B,99900640775,SOBIESKI POLISH VODKA,VODKA,750 ML,750,80.0,,,,Bottle,1,12,10.95,131.4,0.43,-2.0,Regular,R,False,False,False
2026-08-01,6407E,99900640737,SOBIESKI POLISH VODKA,VODKA,375 ML,375,80.0,,,,Bottle,1,24,5.95,142.8,0.47,0.0,Regular,R,False,False,False
2026-08-01,6407H,99900640717,SOBIESKI POLISH VODKA,VODKA,1.75 L,1750,80.0,,,,Bottle,1,6,19.95,119.7,0.34,1.0,Regular,R,False,False,False
2026-08-01,6408B,99900640875,TAAKA VODKA 80 PROOF,VODKA,750 ML,750,80.0,,,,Bottle,1,12,8.95,107.4,0.35,0.0,Regular,R,False,False,False
2026-08-01,6408H,99900640817,TAAKA VODKA 80 PROOF,VODKA,1.75 L,1750,80.0,,,,Bottle,1,6,17.95,107.7,0.3,0.0,Regular,R,False,False,False
2026-08-01,6410B,99900641075,BURNETT'S STRAWBERRY FLAVORED VODKA,VODKA,750 ML,750,70.0,,,United States,Bottle,1,12,8.95,107.4,0.35,1.0,Regular,R,False,False,False
2026-08-01,6417H,99900641717,SALVADOR'S PREMIUM MARGARITA 100% AGAVE,COCKTAILS,1.75 L,1750,30.0,,,United States,Bottle,1,6,17.95,107.7,0.3,3.0,Limited Listing,L,False,False,False
2026-08-01,6422B,99900642275,KROGSTAD GAMLE AQUAVIT,CORDIALS,750 ML,750,84.0,,,United States,Bottle,1,6,34.95,209.7,1.38,0.0,Limited Listing,L,True,False,False
2026-08-01,6424B,99900642475,YEYO ULTRA PREMIUM SILVER TEQUILA,TEQUILA,750 ML,750,80.0,,,Mexico,Bottle,1,6,47.95,287.7,1.89,0.0,Limited Listing,L,False,False,False
2026-08-01,6427B,99900642775,KRAKEN BLACK SPICED RUM,RUM,750 ML,750,94.0,,,,Bottle,1,12,20.95,251.4,0.82,-2.0,Regular,R,False,False,True
2026-08-01,6427E,99900642737,KRAKEN BLACK SPICED RUM,RUM,375 ML,375,94.0,,,,Bottle,1,12,12.95,155.4,1.02,0.0,Regular,R,False,False,False
2026-08-01,6427F,99900642705,KRAKEN BLACK SPICED RUM,RUM,50 ML,50,94.0,,,,Bottle,1,60,2.5,150.0,1.47,0.0,Regular,R,False,False,False
2026-08-01,6427H,99900642717,KRAKEN BLACK SPICED RUM,RUM,1.75 L,1750,94.0,,,,Bottle,1,6,33.95,203.7,0.57,0.0,Regular,R,False,False,False
2026-08-01,6431B,99900643175,MUD PUDDLE CHOCOLATE FLAVORED VODKA,VODKA,750 ML,750,80.0,,,United States,Bottle,1,12,29.95,359.4,1.18,0.0,Limited Listing,L,True,False,False
2026-08-01,6438B,99900643875,CHAMUCOS TEQUILA BLANCO ESPECIAL,TEQUILA,750 ML,750,80.0,,,Mexico,Bottle,1,6,54.95,329.7,2.16,0.0,Regular,R,False,False,False
2026-08-01,6445B,99900644575,TIN CUP RYE WHISKEY,DOMESTIC WHISKEY,750 ML,750,90.0,,,United States,Bottle,1,12,28.95,347.4,1.14,2.0,Regular,R,False,False,False
2026-08-01,6447B,99900644775,SMIRNOFF TWIST OF PINEAPPLE VODKA,VODKA,750 ML,750,70.0,,,United States,Bottle,1,12,12.95,155.4,0.51,0.0,Regular,R,False,False,False
2026-08-01,6448B,99900644875,HEADWIND VODKA,VODKA,750 ML,750,80.0,,,United States,Bottle,1,6,19.95,119.7,0.79,0.0,Regular,R,True,False,False
2026-08-01,6450B,99900645075,NEW AMSTERDAM PINK WHITNEY VODKA,VODKA,750 ML,750,60.0,,,United States,Bottle,1,12,11.95,143.4,0.47,0.0,Regular,R,False,False,False
2026-08-01,6450D,99900645020,NEW AMSTERDAM PINK WHITNEY VODKA,VODKA,200 ML,200,60.0,,,United States,Bottle,1,24,4.45,106.8,0.65,0.0,Trial Listing,T,False,False,False
2026-08-01,6450E,99900645037,NEW AMSTERDAM PINK WHITNEY VODKA,VODKA,375 ML,375,60.0,,,United States,Bottle,1,24,7.45,178.8,0.59,0.0,Regular,R,False,False,False
2026-08-01,6450H,99900645017,NEW AMSTERDAM PINK WHITNEY VODKA,VODKA,1.75 L,1750,60.0,,,United States,Bottle,1,6,24.95,149.7,0.42,1.0,Regular,R,False,False,False
2026-08-01,6451B,99900645175,REBEL 100 PROOF KSBW,DOMESTIC WHISKEY,750 ML,750,100.0,,,United States,Bottle,1,6,19.95,119.7,0.79,-2.0,Regular,R,False,False,False
2026-08-01,6451H,99900645117,REBEL 100 PROOF KSBW,DOMESTIC WHISKEY,1.75 L,1750,100.0,,,United States,Bottle,1,6,39.95,239.7,0.67,3.0,Regular,R,False,False,False
2026-08-01,6455B,99900645575,PENDLETON DIRECTORS RESERVE,CANADIAN,750 ML,750,80.0,20 YRS,240,Canada,Bottle,1,4,199.95,799.8,7.87,0.0,Regular,R,False,False,False
2026-08-01,6456B,99900645675,CRATER LAKE RESERVE VODKA,VODKA,750 ML,750,80.0,,,United States,Bottle,1,6,34.95,209.7,1.38,5.0,Regular,R,True,False,False
2026-08-01,6458B,99900645875,8 SECONDS CANADIAN WHISKEY,CANADIAN,750 ML,750,80.0,8 YRS,96,Canada,Bottle,1,6,17.95,107.7,0.71,0.0,Regular,R,False,False,False
2026-08-01,6458H,99900645817,8 SECONDS CANADIAN WHISKEY,CANADIAN,1.75 L,1750,80.0,8 YRS,96,Canada,Bottle,1,6,32.95,197.7,0.56,0.0,Regular,R,False,False,False
2026-08-01,6461B,99900646175,PERNOD AUX PLANTES D'ABSINTHE W/SPOON,CORDIALS,750 ML,750,136.0,,,France,VAP,1,6,79.95,479.7,3.15,0.0,Limited Listing,L,False,False,False
2026-08-01,6465B,99900646575,RUSSELLS RESERVE 6 YEAR OLD RYE,DOMESTIC WHISKEY,750 ML,750,90.0,6 YRS,72,United States,Bottle,1,6,49.95,299.7,1.97,0.0,Regular,R,False,False,False
2026-08-01,6467B,99900646775,CAPTAIN MORGAN SPICED 100 PROOF RUM,RUM,750 ML,750,100.0,,,Puerto Rico,Bottle,1,12,19.95,239.4,0.79,-2.0,Regular,R,False,False,False
2026-08-01,6467H,99900646717,CAPTAIN MORGAN SPICED 100 PROOF RUM,RUM,1.75 L,1750,100.0,,,Puerto Rico,Bottle,1,6,36.95,221.7,0.62,2.0,Regular,R,False,False,False
2026-08-01,6471B,99900647175,RANSOM OLD TOM GIN,GIN,750 ML,750,86.0,,,United States,Bottle,1,6,34.95,209.7,1.38,0.0,Regular,R,True,False,False
2026-08-01,6483B,99900648375,BACARDI DRAGON BERRY FLAVORED RUM,RUM,750 ML,750,70.0,,,Puerto Rico,Bottle,1,12,14.95,179.4,0.59,-2.0,Regular,R,False,False,False
2026-08-01,6487B,99900648775,ABSINTHE ORDINAIRE LIQUEUR (FRANCE),CORDIALS,750 ML,750,92.0,,,France,Bottle,1,12,29.95,359.4,1.18,0.0,Limited Listing,L,False,False,False
2026-08-01,6495B,99900649575,HERITAGE VODKA,VODKA,750 ML,750,80.0,,,United States,Bottle,1,12,14.95,179.4,0.59,0.0,Trial Listing,T,True,False,False
2026-08-01,6495H,99900649517,HERITAGE VODKA,VODKA,1.75 L,1750,80.0,,,United States,Bottle,1,6,24.95,149.7,0.42,0.0,Trial Listing,T,True,False,False
2026-08-01,6497B,99900649775,BURNETT'S PINK LEMONADE FLAVORED VODKA,VODKA,750 ML,750,70.0,,,United States,Bottle,1,12,8.95,107.4,0.35,1.0,Regular,R,False,False,False
2026-08-01,6502B,99900650275,CRYSTAL HEAD VODKA (CANADA),VODKA,750 ML,750,80.0,,,Canada,Bottle,1,6,49.95,299.7,1.97,0.0,Regular,R,False,False,False
2026-08-01,6507H,99900650717,CAPTAIN MORGAN LONG ISLAND ICED TEA RTD,COCKTAILS,1.75 L,1750,35.0,,,Puerto Rico,Bottle,1,6,19.95,119.7,0.34,0.0,Regular,R,False,False,False
2026-08-01,6512B,99900651275,SVEDKA SWEDISH VODKA TRAVELER,VODKA,750 ML,750,80.0,,,Sweden,Bottle,1,12,11.95,143.4,0.47,0.0,Regular,R,False,False,False
2026-08-01,6515B,99900651575,RED STAG BY JIM BEAM BLACK CHERRY WHISKY,DOMESTIC WHISKEY,750 ML,750,65.0,,,United States,Bottle,1,12,16.95,203.4,0.67,-1.0,Regular,R,False,False,False
2026-08-01,6525B,99900652575,MILIBIT PLUM BRANDY,BRANDY / COGNAC,750 ML,750,80.0,,,United States,Bottle,1,12,31.95,383.4,1.26,0.0,Limited Listing,L,True,False,False
2026-08-01,6525E,99900652537,MILIBIT PLUM BRANDY,BRANDY / COGNAC,375 ML,375,80.0,,,United States,Bottle,1,12,20.95,251.4,1.65,0.0,Limited Listing,L,True,False,False
2026-08-01,6534B,99900653475,ROYAL CANADIAN SMALL BATCH CANADIAN WHSK,CANADIAN,750 ML,750,80.0,,,Canada,Bottle,1,6,24.95,149.7,0.98,0.0,Seasonal,B,False,False,False
2026-08-01,6536B,99900653675,APPLETON 8Y RESERVE,RUM,750 ML,750,80.0,8 YRS,96,,Bottle,1,6,37.95,227.7,1.49,0.0,Regular,R,False,False,False
2026-08-01,6541B,99900654175,GLENFIDDICH 23YR GRAND CRU,SCOTCH,750 ML,750,80.0,,,Scotland,Bottle,1,3,369.95,1109.85,14.56,0.0,Seasonal,B,False,False,False
2026-08-01,6542B,99900654275,ADMIRAL NELSON SPICED RUM 101 PROOF,RUM,750 ML,750,101.0,,,,Bottle,1,12,15.95,191.4,0.63,2.0,Regular,R,False,False,False
2026-08-01,6545B,99900654575,REDWOOD EMPIRE - EMERALD GIANT,DOMESTIC WHISKEY,750 ML,750,90.0,,,United States,Bottle,1,6,39.95,239.7,1.57,0.0,Trial Listing,T,False,False,False
2026-08-01,6546B,99900654675,REDWOOD EMPIRE - PIPE DREAM,DOMESTIC WHISKEY,750 ML,750,90.0,,,United States,Bottle,1,6,39.95,239.7,1.57,0.0,Limited Listing,L,False,False,False
2026-08-01,6549B,99900654975,WHISTLEPIG 18YR DOUBLE MALT,DOMESTIC WHISKEY,750 ML,750,92.0,18 YRS,216,United States,Bottle,1,3,399.95,1199.85,15.75,0.0,Seasonal,B,False,False,False
2026-08-01,6551A,99900655110,SHINE SPIRITS SMALL BATCH VODKA,VODKA,LITER,1000,80.0,,,United States,Bottle,1,12,24.95,299.4,0.74,0.0,Limited Listing,L,True,False,False
2026-08-01,6553B,99900655375,SHINE SPIRITS STRAIGHT BOURBON WHISKEY,DOMESTIC WHISKEY,750 ML,750,92.0,,,United States,Bottle,1,6,39.95,239.7,1.57,0.0,Trial Listing,T,True,False,False
2026-08-01,6564A,99900656410,ARETTE CLASICA BLANCO,TEQUILA,LITER,1000,80.0,,,Mexico,Bottle,1,12,35.95,431.4,1.06,0.0,Trial Listing,T,False,False,False
2026-08-01,6565A,99900656510,ARETTE CLASICA REPOSADO,TEQUILA,LITER,1000,80.0,,,Mexico,Bottle,1,12,37.95,455.4,1.12,0.0,Trial Listing,T,False,False,False
2026-08-01,6568B,99900656875,DOS HOMBRES MEZCAL,MEZCAL,750 ML,750,84.0,,,Mexico,Bottle,1,6,59.95,359.7,2.36,10.0,Regular,R,False,False,False
2026-08-01,6570B,99900657075,EWING YOUNG MIANDA'S SUMMER GIN,GIN,750 ML,750,84.0,,,United States,Bottle,1,6,32.95,197.7,1.3,0.0,Limited Listing,L,True,False,False
2026-08-01,6581B,99900658175,DRY FLY DISTILLING CASK & RELEASE WHISKEY,DOMESTIC WHISKEY,750 ML,750,90.0,,,United States,Bottle,1,6,49.95,299.7,1.97,0.0,Seasonal,B,False,False,False
2026-08-01,6582B,99900658275,WYOMING WHISKEY SMALL BATCH BOURBON,DOMESTIC WHISKEY,750 ML,750,88.0,,,United States,Bottle,1,6,39.95,239.7,1.57,0.0,Limited Listing,L,False,False,False
2026-08-01,6583B,99900658375,DIABLO AZUL BLANCO,TEQUILA,750 ML,750,80.0,,,Mexico,Bottle,1,12,40.0,480.0,1.57,0.0,Trial Listing,T,True,False,False
2026-08-01,6584B,99900658475,NEW DEAL SPICED RUM,RUM,750 ML,750,90.0,,,United States,Bottle,1,12,34.95,419.4,1.38,0.0,Limited Listing,L,True,False,False
2026-08-01,6586B,99900658675,HORSEPOWER HORSERADISH VODKA,VODKA,750 ML,750,85.0,,,United States,Bottle,1,6,24.95,149.7,0.98,0.0,Trial Listing,T,True,False,False
2026-08-01,6589B,99900658975,HENNESSY VSOP LUNAR NEW YR 2021,BRANDY / COGNAC,750 ML,750,80.0,,,France,Bottle,1,6,59.95,359.7,2.36,0.0,Seasonal,B,False,False,False
2026-08-01,6591B,99900659175,MAKER'S MARK WOOD FINISHING SERIES,DOMESTIC WHISKEY,750 ML,750,108.0,,,United States,Bottle,1,6,64.95,389.7,2.56,0.0,Seasonal,B,False,False,False
2026-08-01,6595B,99900659575,360 BING CHERRY FLAVORED VODKA,VODKA,750 ML,750,70.0,,,United States,Bottle,1,12,16.95,203.4,0.67,0.0,Regular,R,False,False,False
2026-08-01,6597B,99900659775,360 GEORGIA PEACH FLAVORED VODKA,VODKA,750 ML,750,70.0,,,United States,Bottle,1,12,16.95,203.4,0.67,0.0,Regular,R,False,False,False
2026-08-01,6603B,99900660375,STOLICHNAYA RAZBERI FLAVORED VODKA,VODKA,750 ML,750,75.0,,,Latvia,Bottle,1,12,16.95,203.4,0.67,0.0,Regular,R,False,False,False
2026-08-01,6605B,99900660575,STOLICHNAYA VANIL FLAVORED VODKA,VODKA,750 ML,750,75.0,,,Latvia,Bottle,1,12,16.95,203.4,0.67,0.0,Regular,R,False,False,False
2026-08-01,6606B,99900660675,TANQUERAY RANGPUR DISTILLED GIN,GIN,750 ML,750,82.6,,,Scotland,Bottle,1,12,21.95,263.4,0.86,-3.0,Regular,R,False,False,False
2026-08-01,6619B,99900661975,CRUZAN BLACK CHERRY FLAVORED RUM,RUM,750 ML,750,55.0,,,U.S Virgin Islands,Bottle,1,12,11.95,143.4,0.47,-2.0,Regular,R,False,False,False
2026-08-01,6620B,99900662075,SAUZA CIEN ANOS BLANCO,TEQUILA,750 ML,750,80.0,,,Mexico,Bottle,1,12,16.45,197.4,0.65,-2.5,Regular,R,False,False,True
2026-08-01,6646B,99900664675,ROGUE DEAD GUY STRAIGHT WHISKEY (OREGON),DOMESTIC WHISKEY,750 ML,750,80.0,,,United States,Bottle,1,6,39.95,239.7,1.57,0.0,Regular,R,True,False,False
2026-08-01,6650B,99900665075,360 SORRENTO LEMON FLAVORED VODKA,VODKA,750 ML,750,70.0,,,United States,Bottle,1,12,16.95,203.4,0.67,0.0,Regular,R,False,False,False
2026-08-01,6651B,99900665175,CHICKEN COCK KENTUCKY 90 STRAIGHT BOURBON,DOMESTIC WHISKEY,750 ML,750,90.0,,,United States,Bottle,1,6,49.95,299.7,1.97,0.0,Regular,R,False,False,False
2026-08-01,6654B,99900665475,MONARCH SPICED FLAVORED RUM,RUM,750 ML,750,90.0,,,Canada,Bottle,1,12,10.95,131.4,0.43,0.0,Regular,R,True,False,False
2026-08-01,6656B,99900665675,MONARCH COCONUT FLAVORED RUM,RUM,750 ML,750,42.0,,,Canada,Bottle,1,12,9.95,119.4,0.39,0.0,Regular,R,True,False,False
2026-08-01,6661B,99900666175,BALLOTIN CHOC. CHERRY CREAM WHISKEY,DOMESTIC WHISKEY,750 ML,750,17.0,,,United States,Bottle,1,6,27.95,167.7,1.1,15.0,Holiday,H,False,False,False
2026-08-01,6671B,99900667175,UNCLE NEAREST 1884 SMALL BATCH WHISKEY,DOMESTIC WHISKEY,750 ML,750,93.0,,,United States,Bottle,1,6,46.95,281.7,1.85,5.0,Regular,R,False,False,False
2026-08-01,6671E,99900667137,UNCLE NEAREST 1884 SMALL BATCH WHISKEY,DOMESTIC WHISKEY,375 ML,375,93.0,,,United States,Bottle,1,12,23.95,287.4,1.89,-4.0,Trial Listing,T,False,False,False
2026-08-01,6672B,99900667275,ON THE ROCKS HORNITOS MARGARITA,COCKTAILS,750 ML,750,40.0,,,United States,Bottle,1,6,19.95,119.7,0.79,-3.0,Regular,R,False,False,False
2026-08-01,6672E,99900667237,ON THE ROCKS HORNITOS MARGARITA,COCKTAILS,375 ML,375,40.0,,,United States,Bottle,1,12,12.95,155.4,1.02,3.0,Limited Listing,L,False,False,False
2026-08-01,6674B,99900667475,BUFFALO TRACE CREAM LIQ,CORDIALS,750 ML,750,30.0,,,,Bottle,1,12,22.95,275.4,0.9,3.0,Regular,R,False,False,False
2026-08-01,6674F,99900667405,BUFFALO TRACE CREAM LIQ,CORDIALS,50 ML,50,30.0,,,,Bottle,1,120,2.0,240.0,1.18,0.0,Trial Listing,T,False,False,False
2026-08-01,6675E,99900667537,ON THE ROCKS EFFEN COSMOPOLITAN,COCKTAILS,375 ML,375,40.0,,,United States,Bottle,1,12,12.95,155.4,1.02,3.0,Limited Listing,L,False,False,False
2026-08-01,6676B,99900667675,SINISTER OREGON APPLE WHISKEY,DOMESTIC WHISKEY,750 ML,750,66.0,,,United States,Bottle,1,12,29.95,359.4,1.18,0.0,Limited Listing,L,True,False,False
2026-08-01,6682B,99900668275,FAMILIA CAMARENA REPOSADO TEQUILA,TEQUILA,750 ML,750,80.0,,,Mexico,Bottle,1,12,22.95,275.4,0.9,0.0,Regular,R,False,False,False
2026-08-01,6682H,99900668217,FAMILIA CAMARENA REPOSADO TEQUILA,TEQUILA,1.75 L,1750,80.0,,,Mexico,Bottle,1,6,44.95,269.7,0.76,0.0,Limited Listing,L,False,False,False
2026-08-01,6683B,99900668375,MINKE IRISH GIN,GIN,750 ML,750,86.4,,,Republic of Ireland,Bottle,1,6,29.95,179.7,1.18,3.0,Regular,R,False,False,False
2026-08-01,6685B,99900668575,FAMILIA CAMARENA SILVER TEQUILA,TEQUILA,750 ML,750,80.0,,,Mexico,Bottle,1,12,22.95,275.4,0.9,0.0,Regular,R,False,False,False
2026-08-01,6685H,99900668517,FAMILIA CAMARENA SILVER TEQUILA,TEQUILA,1.75 L,1750,80.0,,,Mexico,Bottle,1,6,44.95,269.7,0.76,0.0,Regular,R,False,False,False
2026-08-01,6686B,99900668675,CLONAKILTY IRISH WHISKEY PORT CASK,IRISH,750 ML,750,87.2,,,Republic of Ireland,Bottle,1,6,49.95,299.7,1.97,-3.0,Limited Listing,L,False,False,False
2026-08-01,6687B,99900668775,CLONAKILTY IRISH WHISKEY DOUBLE OAK,IRISH,750 ML,750,87.2,,,Republic of Ireland,Bottle,1,6,36.95,221.7,1.45,-3.0,Regular,R,False,False,False
2026-08-01,6690B,99900669075,ROGUE OREGON SINGLE MALT WHISKEY,DOMESTIC WHISKEY,750 ML,750,90.0,,,United States,Bottle,1,6,64.95,389.7,2.56,0.0,Limited Listing,L,True,False,False
2026-08-01,6705B,99900670575,CAMPARI BITTERS,CORDIALS,750 ML,750,48.0,,,,Bottle,1,12,34.95,419.4,1.38,0.0,Regular,R,False,False,False
2026-08-01,6705E,99900670537,CAMPARI BITTERS,CORDIALS,375 ML,375,48.0,,,,Bottle,1,12,17.95,215.4,1.41,0.0,Limited Listing,L,False,False,False
2026-08-01,6715E,99900671537,HIGH NOON SUN SIPS BLK CHERRY 4-PACK CANS,COCKTAILS,355 ML,355,9.0,,,United States,Multi-Pack Can,4,6,10.95,65.7,0.86,0.0,Regular,R,False,False,False
2026-08-01,6716E,99900671637,HIGH NOON SUN SIPS GRAPEFRUIT 4-PACK CANS,COCKTAILS,355 ML,355,9.0,,,United States,Multi-Pack Can,4,6,10.95,65.7,0.86,0.0,Regular,R,False,False,False
2026-08-01,6719E,99900671937,HIGH NOON SUN SIPS PINEAPPLE 4-PACK CANS,COCKTAILS,355 ML,355,9.0,,,United States,Multi-Pack Can,4,6,10.95,65.7,0.86,0.0,Regular,R,False,False,False
2026-08-01,6720E,99900672037,HIGH NOON SUN SIPS WATERMELON 4-PACK CANS,COCKTAILS,355 ML,355,9.0,,,United States,Multi-Pack Can,4,6,10.95,65.7,0.86,0.0,Regular,R,False,False,False
2026-08-01,6728B,99900672875,BOMBERGER'S DECLARATION,DOMESTIC WHISKEY,750 ML,750,108.0,,,United States,Bottle,1,3,119.95,359.85,4.72,0.0,Seasonal,B,False,False,False
2026-08-01,6729B,99900672975,SHENK'S HOMESTEAD,DOMESTIC WHISKEY,750 ML,750,91.2,,,United States,Bottle,1,3,109.95,329.85,4.33,0.0,Seasonal,B,False,False,False
2026-08-01,6731B,99900673175,CHRISTIAN BROTHERS HONEY,CORDIALS,750 ML,750,70.0,,,United States,Bottle,1,12,13.95,167.4,0.55,0.0,Regular,R,False,False,False
2026-08-01,6734I,99900673470,METAXA OUZO,CORDIALS,700 ML,700,90.0,,,,Bottle,1,12,19.95,239.4,0.84,0.0,Regular,R,False,False,False
2026-08-01,6735B,99900673575,BURNETT'S WATERMELON FLAVORED VODKA,VODKA,750 ML,750,70.0,,,United States,Bottle,1,12,8.95,107.4,0.35,1.0,Regular,R,False,False,False
2026-08-01,6736B,99900673675,BURNETT'S MANGO FLAVORED VODKA,VODKA,750 ML,750,70.0,,,United States,Bottle,1,12,8.95,107.4,0.35,1.0,Regular,R,False,False,False
2026-08-01,6738B,99900673875,BURNETT'S CHERRY FLAVORED VODKA,VODKA,750 ML,750,70.0,,,United States,Bottle,1,12,8.95,107.4,0.35,1.0,Regular,R,False,False,False
2026-08-01,6738H,99900673817,BURNETT'S CHERRY FLAVORED VODKA,VODKA,1.75 L,1750,70.0,,,United States,Bottle,1,6,17.95,107.7,0.3,0.0,Regular,R,False,False,False
2026-08-01,6739B,99900673975,ROGUE FARMHOUSE BARREL FINISHED GIN,GIN,750 ML,750,90.0,,,United States,Bottle,1,6,29.95,179.7,1.18,0.0,Limited Listing,L,True,False,False
2026-08-01,6740B,99900674075,SWEET CAROLINA SWEET TEA FLAVORED VODKA,VODKA,750 ML,750,70.0,,,,Bottle,1,12,12.95,155.4,0.51,2.0,Regular,R,False,False,False
2026-08-01,6745B,99900674575,503 DISTILLING CIRCA 17 GIN,GIN,750 ML,750,86.0,,,United States,Bottle,1,12,29.95,359.4,1.18,0.0,Limited Listing,L,True,False,False
2026-08-01,6754B,99900675475,OREGON SPIRIT VODKA,VODKA,750 ML,750,80.0,,,United States,Bottle,1,12,24.95,299.4,0.98,0.0,Limited Listing,L,True,False,False
2026-08-01,6757B,99900675775,SKYY INFUSIONS BLOOD ORANGE FLAVORED,VODKA,750 ML,750,70.0,,,United States,Bottle,1,12,14.95,179.4,0.59,0.0,Regular,R,False,False,False
2026-08-01,6759B,99900675975,SMIRNOFF PEACH FLAVORED VODKA,VODKA,750 ML,750,70.0,,,United States,Bottle,1,12,12.95,155.4,0.51,0.0,Regular,R,False,False,False
2026-08-01,6761B,99900676175,CINCORO ANEJO TEQUILA,TEQUILA,750 ML,750,80.0,,,Mexico,Bottle,1,6,149.95,899.7,5.9,10.0,Regular,R,False,False,False
2026-08-01,6762B,99900676275,CINCORO REPOSADO TEQUILA,TEQUILA,750 ML,750,80.0,,,Mexico,Bottle,1,6,99.95,599.7,3.94,15.0,Regular,R,False,False,False
2026-08-01,6763B,99900676375,CINCORO BLANCO TEQUILA,TEQUILA,750 ML,750,80.0,,,Mexico,Bottle,1,6,64.95,389.7,2.56,5.0,Regular,R,False,False,False
2026-08-01,6765B,99900676575,400 CONEJOS MEZCAL,MEZCAL,750 ML,750,80.0,,,Mexico,Bottle,1,6,29.95,179.7,1.18,0.0,Regular,R,False,False,False
2026-08-01,6765H,99900676517,400 CONEJOS MEZCAL,MEZCAL,1.75 L,1750,80.0,,,Mexico,Bottle,1,6,64.95,389.7,1.1,0.0,Regular,R,False,False,False
2026-08-01,6772B,99900677275,GOOD MORNING GLORY GROG,CORDIALS,750 ML,750,70.0,,,United States,Bottle,1,12,24.95,299.4,0.98,0.0,Limited Listing,L,True,False,False
2026-08-01,6773H,99900677317,CUERVO AUTHENTIC MANGO MARGARITAS,COCKTAILS,1.75 L,1750,19.9,,,Mexico,Bottle,1,6,17.95,107.7,0.3,2.0,Regular,R,False,False,False
2026-08-01,6776B,99900677675,ELIJAH CRAIG STRAIGHT RYE WHISKEY,DOMESTIC WHISKEY,750 ML,750,94.0,,,United States,Bottle,1,12,29.95,359.4,1.18,-5.0,Regular,R,False,False,False
2026-08-01,6776H,99900677617,ELIJAH CRAIG STRAIGHT RYE WHISKEY,DOMESTIC WHISKEY,1.75 L,1750,94.0,,,United States,Bottle,1,6,64.95,389.7,1.1,5.0,Limited Listing,L,False,False,False
2026-08-01,6784B,99900678475,AVION SILVER IN CANISTER,TEQUILA,750 ML,750,80.0,,,Mexico,Bottle,1,6,39.95,239.7,1.57,0.0,Regular,R,False,False,False
2026-08-01,6785B,99900678575,SHINE SPIRITS CASCADIAN BLUE AGAVE,CORDIALS,750 ML,750,85.0,,,United States,Bottle,1,6,34.95,209.7,1.38,0.0,Trial Listing,T,True,False,False
2026-08-01,6791E,99900679137,ON THE ROCKS TRES GEN JALAPENO PINEAPPLE MARGARITA,COCKTAILS,375 ML,375,40.0,,,United States,Bottle,1,12,12.95,155.4,1.02,3.0,Regular,R,False,False,False
2026-08-01,6807B,99900680775,SHEEP DOG PEANUT BUTTER WHISKEY,DOMESTIC WHISKEY,750 ML,750,70.0,,,United States,Bottle,1,12,13.95,167.4,0.55,-2.0,Regular,R,False,False,False
2026-08-01,6807E,99900680737,SHEEP DOG PEANUT BUTTER WHISKEY,DOMESTIC WHISKEY,375 ML,375,70.0,,,United States,Bottle,1,24,7.95,190.8,0.63,0.0,Limited Listing,L,False,False,False
2026-08-01,6807F,99900680705,SHEEP DOG PEANUT BUTTER WHISKEY,DOMESTIC WHISKEY,50 ML,50,70.0,,,United States,Bottle,1,120,1.5,180.0,0.88,0.0,Regular,R,False,False,False
2026-08-01,6810E,99900681037,STONE BARN PINOT NOIR GRAP,BRANDY / COGNAC,375 ML,375,80.0,,,United States,Bottle,1,12,30.0,360.0,2.36,0.0,Trial Listing,T,True,False,False
2026-08-01,6811E,99900681137,STONE BARN APPLE BRANDY,BRANDY / COGNAC,375 ML,375,84.0,,,United States,Bottle,1,12,34.95,419.4,2.75,0.0,Limited Listing,L,True,False,False
2026-08-01,6815B,99900681575,FULTON'S HARVEST PUMPKIN PIE CREAM LIQ,CORDIALS,750 ML,750,25.0,,,,Bottle,1,12,10.95,131.4,0.43,4.0,Holiday,H,False,False,False
2026-08-01,6823B,99900682375,HUSSONGS 100% SILVER TEQUILA JUG,TEQUILA,750 ML,750,80.0,,,Mexico,Bottle,1,6,38.95,233.7,1.53,0.0,Regular,R,False,False,False
2026-08-01,6826B,99900682675,TORPEDO JUICE PINEAPPLE VODKA,VODKA,750 ML,750,100.0,,,United States,Bottle,1,6,29.95,179.7,1.18,0.0,Trial Listing,T,True,False,False
2026-08-01,6827B,99900682775,FREELAND SPIRITS CASK STRENGTH BOURBON,DOMESTIC WHISKEY,750 ML,750,112.0,,,United States,Bottle,1,6,56.95,341.7,2.24,0.0,Limited Listing,L,True,False,False
2026-08-01,6831E,99900683137,STONE BARN PEAR BRANDY,BRANDY / COGNAC,375 ML,375,84.0,,,United States,Bottle,1,12,30.0,360.0,2.36,0.0,Limited Listing,L,True,False,False
2026-08-01,6832B,99900683275,NEW PORT VODKA,VODKA,750 ML,750,80.0,,,United States,Bottle,1,12,19.95,239.4,0.79,0.0,Trial Listing,T,True,False,False
2026-08-01,6835B,99900683575,NEW DEAL GINGER LIQUEUR,CORDIALS,750 ML,750,44.0,,,United States,Bottle,1,12,29.95,359.4,1.18,0.0,Limited Listing,L,True,False,False
2026-08-01,6835F,99900683505,NEW DEAL GINGER LIQUEUR,CORDIALS,50 ML,50,44.0,,,United States,Bottle,1,120,4.0,480.0,2.35,0.0,Trial Listing,T,True,False,False
2026-08-01,6839E,99900683937,CLEAR CREEK CRANBERRY LIQUEUR,CORDIALS,375 ML,375,39.1,,,United States,Bottle,1,12,24.95,299.4,1.96,0.0,Limited Listing,L,True,False,False
2026-08-01,6839I,99900683970,CLEAR CREEK CRANBERRY LIQUEUR,CORDIALS,700 ML,700,39.1,,,United States,Bottle,1,6,34.95,209.7,1.47,0.0,Limited Listing,L,True,False,False
2026-08-01,6847B,99900684775,NEW DEAL COFFEE LIQUEUR,CORDIALS,750 ML,750,44.0,,,United States,Bottle,1,12,29.95,359.4,1.18,0.0,Limited Listing,L,True,False,False
2026-08-01,6865B,99900686575,PEARL CUCUMBER FLAVORED VODKA,VODKA,750 ML,750,80.0,,,Canada,Bottle,1,12,11.95,143.4,0.47,-3.0,Regular,R,False,False,False
2026-08-01,6869B,99900686975,STONE BARN BIGGS JUNCTION APRICOT LIQUEUR,CORDIALS,750 ML,750,40.0,,,United States,Bottle,1,12,40.0,480.0,1.57,0.0,Limited Listing,L,True,False,False
2026-08-01,6869E,99900686937,STONE BARN BIGGS JUNCTION APRICOT LIQUEUR,CORDIALS,375 ML,375,40.0,,,United States,Bottle,1,12,25.0,300.0,1.97,0.0,Trial Listing,T,True,False,False
2026-08-01,6874B,99900687475,PATRON ESTATE RELEASE,TEQUILA,750 ML,750,84.0,,,Mexico,Bottle,1,6,79.95,479.7,3.15,0.0,Seasonal,B,False,False,False
2026-08-01,6876B,99900687675,DUTCH HARBOR BREEZE GROG,CORDIALS,750 ML,750,100.0,,,United States,Bottle,1,12,29.95,359.4,1.18,0.0,Limited Listing,L,True,False,False
2026-08-01,6876D,99900687620,DUTCH HARBOR BREEZE GROG,CORDIALS,200 ML,200,100.0,,,United States,Bottle,1,24,9.95,238.8,1.46,0.0,Limited Listing,L,True,False,False
2026-08-01,6881B,99900688175,JACK DANIEL'S TENNESSEE HONEY,DOMESTIC WHISKEY,750 ML,750,70.0,,,United States,Bottle,1,12,19.95,239.4,0.79,0.0,Regular,R,False,False,True
2026-08-01,6881E,99900688137,JACK DANIEL'S TENNESSEE HONEY,DOMESTIC WHISKEY,375 ML,375,70.0,,,United States,Bottle,1,24,14.95,358.8,1.18,0.0,Regular,R,False,False,False
2026-08-01,6881F,99900688105,JACK DANIEL'S TENNESSEE HONEY,DOMESTIC WHISKEY,50 ML,50,70.0,,,United States,Bottle,1,120,1.75,210.0,1.03,0.0,Regular,R,False,False,False
2026-08-01,6881H,99900688117,JACK DANIEL'S TENNESSEE HONEY,DOMESTIC WHISKEY,1.75 L,1750,70.0,,,United States,Bottle,1,6,49.95,299.7,0.84,0.0,Regular,R,False,False,False
2026-08-01,6882E,99900688237,SOONHARI YOGURT KOREAN SOJU,CORDIALS,375 ML,375,24.0,,,,Bottle,1,20,6.45,129.0,0.51,0.0,Regular,R,False,False,False
2026-08-01,6884B,99900688475,ESPOLON REPOSADO TEQUILA,TEQUILA,750 ML,750,80.0,,,Mexico,Bottle,1,12,32.95,395.4,1.3,3.0,Regular,R,False,False,False
2026-08-01,6884D,99900688420,ESPOLON REPOSADO TEQUILA,TEQUILA,200 ML,200,80.0,,,Mexico,Bottle,1,12,10.95,131.4,1.61,0.0,Trial Listing,T,False,False,False
2026-08-01,6884E,99900688437,ESPOLON REPOSADO TEQUILA,TEQUILA,375 ML,375,80.0,,,Mexico,Bottle,1,12,18.95,227.4,1.49,2.0,Limited Listing,L,False,False,False
2026-08-01,6884H,99900688417,ESPOLON REPOSADO TEQUILA,TEQUILA,1.75 L,1750,80.0,,,Mexico,Bottle,1,6,59.95,359.7,1.01,-3.0,Regular,R,False,False,False
2026-08-01,6885B,99900688575,ESPOLON BLANCO TEQUILA,TEQUILA,750 ML,750,80.0,,,Mexico,Bottle,1,12,29.95,359.4,1.18,2.0,Regular,R,False,False,False
2026-08-01,6885D,99900688520,ESPOLON BLANCO TEQUILA,TEQUILA,200 ML,200,80.0,,,Mexico,Bottle,1,12,9.95,119.4,1.46,0.0,Trial Listing,T,False,False,False
2026-08-01,6885E,99900688537,ESPOLON BLANCO TEQUILA,TEQUILA,375 ML,375,80.0,,,Mexico,Bottle,1,12,16.95,203.4,1.33,2.0,Regular,R,False,False,False
2026-08-01,6885H,99900688517,ESPOLON BLANCO TEQUILA,TEQUILA,1.75 L,1750,80.0,,,Mexico,Bottle,1,6,54.95,329.7,0.93,-5.0,Regular,R,False,False,False
2026-08-01,6891B,99900689175,JOSE CUERVO TRADICIONAL SILVER EDITION,TEQUILA,750 ML,750,80.0,,,Mexico,Bottle,1,12,19.95,239.4,0.79,-3.0,Regular,R,False,False,True
2026-08-01,6891H,99900689117,JOSE CUERVO TRADICIONAL SILVER EDITION,TEQUILA,1.75 L,1750,80.0,,,Mexico,Bottle,1,6,39.95,239.7,0.67,-4.0,Regular,R,False,False,False
2026-08-01,6896B,99900689675,BURNETT'S PINEAPPLE FLAVORED VODKA,VODKA,750 ML,750,70.0,,,United States,Bottle,1,12,8.95,107.4,0.35,1.0,Regular,R,False,False,False
2026-08-01,6898B,99900689875,BULL RUN MAPLE WHISKEY,DOMESTIC WHISKEY,750 ML,750,83.9,,,United States,Bottle,1,6,39.95,239.7,1.57,0.0,Limited Listing,L,True,False,False
2026-08-01,6898F,99900689805,BULL RUN MAPLE WHISKEY,DOMESTIC WHISKEY,50 ML,50,83.9,,,United States,Bottle,1,90,5.0,450.0,2.94,0.0,Trial Listing,T,True,False,False
2026-08-01,6899B,99900689975,EFFEN CUCUMBER VODKA,VODKA,750 ML,750,75.0,,,,Bottle,1,6,24.95,149.7,0.98,5.0,Regular,R,False,False,False
2026-08-01,6903B,99900690375,CHIVAS REGAL 18 YEAR OLD SCOTCH,SCOTCH,750 ML,750,80.0,18 YRS,216,Scotland,Bottle,1,6,84.95,509.7,3.34,0.0,Regular,R,False,False,False
2026-08-01,6904B,99900690475,CALYPSO SPICED RUM,RUM,750 ML,750,70.0,,,,Bottle,1,12,7.95,95.4,0.31,0.0,Regular,R,False,False,False
2026-08-01,6909B,99900690975,GLENMORANGIE LASANTA SCOTCH,SCOTCH,750 ML,750,92.0,12 YRS,144,Scotland,Bottle,1,6,62.95,377.7,2.48,0.0,Regular,R,False,False,False
2026-08-01,6910B,99900691075,GLENMORANGIE QUINTA RUBAN SCOTCH,SCOTCH,750 ML,750,92.0,14 YRS,168,Scotland,Bottle,1,6,59.95,359.7,2.36,0.0,Regular,R,False,False,False
2026-08-01,6913B,99900691375,BOWMORE 12Y (PREVIOUSLY 10 YEAR),SCOTCH,750 ML,750,80.0,12 YRS,144,Scotland,Bottle,1,6,69.95,419.7,2.75,0.0,Regular,R,False,False,False
2026-08-01,6918B,99900691875,THE BALVENIE DOUBLEWOOD SINGLE MALT,SCOTCH,750 ML,750,86.0,12 YRS,144,Scotland,Bottle,1,12,74.95,899.4,2.95,10.0,Regular,R,False,False,False
2026-08-01,6920B,99900692075,BALVENIE 21 YR PORTWOOD,SCOTCH,750 ML,750,86.0,21 YRS,252,Scotland,Bottle,1,3,359.95,1079.85,14.17,30.0,Limited Listing,L,False,False,False
2026-08-01,6922B,99900692275,GLENFIDDICH 12 YR SPECIAL RESERVE,SCOTCH,750 ML,750,80.0,,,Scotland,Bottle,1,12,58.95,707.4,2.32,9.0,Regular,R,False,False,False
2026-08-01,6922E,99900692237,GLENFIDDICH 12 YR SPECIAL RESERVE,SCOTCH,375 ML,375,80.0,,,Scotland,Bottle,1,24,26.95,646.8,2.12,0.0,Limited Listing,L,False,False,False
2026-08-01,6922F,99900692205,GLENFIDDICH 12 YR SPECIAL RESERVE,SCOTCH,50 ML,50,80.0,,,Scotland,Bottle,1,96,4.0,384.0,2.35,0.0,Limited Listing,L,False,False,False
2026-08-01,6922H,99900692217,GLENFIDDICH 12 YR SPECIAL RESERVE,SCOTCH,1.75 L,1750,80.0,,,Scotland,Bottle,1,6,109.95,659.7,1.86,10.0,Limited Listing,L,False,False,False
2026-08-01,6923B,99900692375,CASA DRAGONES BLANCO,TEQUILA,750 ML,750,80.0,,,Mexico,Bottle,1,6,79.95,479.7,3.15,0.0,Limited Listing,L,False,False,False
2026-08-01,6924B,99900692475,MCCLELLAND'S HIGHLAND,SCOTCH,750 ML,750,80.0,,,Scotland,Bottle,1,12,36.95,443.4,1.45,4.0,Regular,R,False,False,False
2026-08-01,6925B,99900692575,MCCLELLAND'S ISLAY,SCOTCH,750 ML,750,80.0,,,Scotland,Bottle,1,12,36.95,443.4,1.45,4.0,Regular,R,False,False,False
2026-08-01,6926B,99900692675,ISLE OF JURA SINGLE MALT 10 YEAR,SCOTCH,750 ML,750,86.0,10 YRS,120,Scotland,Bottle,1,6,39.95,239.7,1.57,5.0,Regular,R,False,False,False
2026-08-01,6931B,99900693175,CRAGGANMORE SINGLE MALT,SCOTCH,750 ML,750,80.0,12 YRS,144,Scotland,Bottle,1,12,69.95,839.4,2.75,0.0,Limited Listing,L,False,False,False
2026-08-01,6932B,99900693275,TALISKER SINGLE MALT 10 YEAR,SCOTCH,750 ML,750,91.6,10 YRS,120,Scotland,Bottle,1,12,79.95,959.4,3.15,0.0,Limited Listing,L,False,False,False
2026-08-01,6934B,99900693475,DALWHINNIE SINGLE MALT 15 YEAR,SCOTCH,750 ML,750,86.0,15 YRS,180,Scotland,Bottle,1,12,79.95,959.4,3.15,0.0,Regular,R,False,False,False
2026-08-01,6935B,99900693575,HERRADURA ANEJO,TEQUILA,750 ML,750,80.0,,,Mexico,Bottle,1,6,61.95,371.7,2.44,4.0,Regular,R,False,False,False
2026-08-01,6936B,99900693675,OBAN SINGLE MALT,SCOTCH,750 ML,750,86.0,14 YRS,168,Scotland,Bottle,1,12,79.95,959.4,3.15,0.0,Regular,R,False,False,False
2026-08-01,6937B,99900693775,LAGAVULIN SINGLE MALT 16 YEAR,SCOTCH,750 ML,750,86.0,16 YRS,192,Scotland,Bottle,1,12,89.95,1079.4,3.54,0.0,Regular,R,False,False,False
2026-08-01,6938B,99900693875,MACALLAN SHERRY OAK SINGLE MALT 18 YEAR,SCOTCH,750 ML,750,86.0,18 YRS,216,Scotland,Bottle,1,6,419.95,2519.7,16.53,0.0,Seasonal,B,False,False,False
2026-08-01,6940B,99900694075,MCCARTHY'S OREGON SINGLE MALT WHISKEY,WHISKEY,750 ML,750,85.0,,,United States,Bottle,1,6,59.95,359.7,2.36,5.0,Regular,R,True,False,False
2026-08-01,6942B,99900694275,GLEN MORAY 12 YEAR SINGLE SPEYSIDE MALT,SCOTCH,750 ML,750,80.0,12 YRS,144,Scotland,Bottle,1,6,39.95,239.7,1.57,-5.0,Limited Listing,L,False,False,False
2026-08-01,6944B,99900694475,CRATER LAKE PEPPER VODKA,VODKA,750 ML,750,80.0,,,United States,Bottle,1,12,19.95,239.4,0.79,-5.0,Regular,R,True,False,False
2026-08-01,6944H,99900694417,CRATER LAKE PEPPER VODKA,VODKA,1.75 L,1750,80.0,,,United States,Bottle,1,6,43.95,263.7,0.74,4.0,Limited Listing,L,True,False,False
2026-08-01,6947B,99900694775,JIM BEAM DEVIL'S CUT,DOMESTIC WHISKEY,750 ML,750,90.0,,,United States,Bottle,1,12,21.95,263.4,0.86,-3.0,Regular,R,False,False,False
2026-08-01,6954B,99900695475,EL CHARRO 100% BLUE AGAVE REPOSADO TEQLA,TEQUILA,750 ML,750,80.0,,,Mexico,Bottle,1,12,20.95,251.4,0.82,0.0,Regular,R,False,False,False
2026-08-01,6955B,99900695575,STOLICHNAYA ELITE IMPORTED VODKA,VODKA,750 ML,750,80.0,,,Latvia,Bottle,1,6,38.95,233.7,1.53,0.0,Regular,R,False,False,False
2026-08-01,6963B,99900696375,THE WALTER COLLECTIVE NAVY GIN,GIN,750 ML,750,114.0,,,United States,Bottle,1,12,36.95,443.4,1.45,0.0,Limited Listing,L,True,False,False
2026-08-01,6965B,99900696575,JOSE CUERVO TRADICIONAL ANEJO,TEQUILA,750 ML,750,80.0,,,Mexico,Bottle,1,6,34.95,209.7,1.38,5.0,Limited Listing,L,False,False,False
2026-08-01,6971B,99900697175,KNOB CREEK SINGLE BARREL RESERVE,DOMESTIC WHISKEY,750 ML,750,120.0,,,United States,Bottle,1,6,59.95,359.7,2.36,0.0,Regular,R,False,False,False
2026-08-01,6974B,99900697475,EVAN WILLIAMS HONEY RESERVE,DOMESTIC WHISKEY,750 ML,750,70.0,,,United States,Bottle,1,12,14.95,179.4,0.59,0.0,Regular,R,False,False,False
2026-08-01,6974H,99900697417,EVAN WILLIAMS HONEY RESERVE,DOMESTIC WHISKEY,1.75 L,1750,70.0,,,United States,Bottle,1,6,29.95,179.7,0.51,5.0,Limited Listing,L,False,False,False
2026-08-01,6975B,99900697575,CIROC RED BERRY FLAVORED VODKA SPECIALTY,VODKA,750 ML,750,70.0,,,France,Bottle,1,12,35.95,431.4,1.42,6.0,Regular,R,False,False,False
2026-08-01,6976B,99900697675,CIROC COCONUT FLAVORED VODKA SPECIALTY,VODKA,750 ML,750,70.0,,,France,Bottle,1,12,35.95,431.4,1.42,6.0,Regular,R,False,False,False
2026-08-01,6977B,99900697775,NEW DEAL NUMBER 1 GIN,GIN,750 ML,750,90.0,,,United States,Bottle,1,12,28.95,347.4,1.14,0.0,Limited Listing,L,True,False,False
2026-08-01,6978B,99900697875,NEW DEAL PDX DRY GIN 33,GIN,750 ML,750,90.0,,,United States,Bottle,1,12,24.95,299.4,0.98,0.0,Regular,R,True,False,False
2026-08-01,6978H,99900697817,NEW DEAL PDX DRY GIN 33,GIN,1.75 L,1750,90.0,,,United States,Bottle,1,6,47.95,287.7,0.81,0.0,Limited Listing,L,True,False,False
2026-08-01,6995B,99900699575,PARROT BAY COCONUT 90PRF,RUM,750 ML,750,90.0,,,Puerto Rico,Bottle,1,12,17.95,215.4,0.71,3.0,Regular,R,False,False,False
2026-08-01,7016B,99900701675,JACK DANIELS BLK VAP,DOMESTIC WHISKEY,750 ML,750,80.0,,,United States,VAP,1,6,22.95,137.7,0.9,0.0,Holiday,H,False,False,False
2026-08-01,7032B,99900703275,JACQUIN'S PENNSYLVANIA DUTCH EGG NOG,COCKTAILS,750 ML,750,30.0,,,United States,Bottle,1,12,12.0,144.0,0.47,6.05,Holiday,H,False,False,False
2026-08-01,7032H,99900703217,JACQUIN'S PENNSYLVANIA DUTCH EGG NOG,COCKTAILS,1.75 L,1750,30.0,,,United States,Bottle,1,6,21.95,131.7,0.37,10.0,Holiday,H,False,False,False
2026-08-01,7039B,99900703975,JIM BEAM WHITE GIFT,DOMESTIC WHISKEY,750 ML,750,80.0,4 YRS,48,United States,VAP,1,6,16.95,101.7,0.67,-1.0,Holiday,H,False,False,False
2026-08-01,7040B,99900704075,JIM BEAM BLACK GIFT,DOMESTIC WHISKEY,750 ML,750,86.0,8 YRS,96,United States,VAP,1,6,21.95,131.7,0.86,-5.0,Holiday,H,False,False,False
2026-08-01,7048B,99900704875,SVEDKA RASPBERRY FLAVORED VODKA,VODKA,750 ML,750,70.0,,,Sweden,Bottle,1,12,10.95,131.4,0.43,0.0,Trial Listing,T,False,False,False
2026-08-01,7050B,99900705075,RUMCHATA HORCHATA CREAM LIQ (RUM BASE),CORDIALS,750 ML,750,27.5,,,,Bottle,1,12,21.95,263.4,0.86,0.0,Regular,R,False,False,False
2026-08-01,7050E,99900705037,RUMCHATA HORCHATA CREAM LIQ (RUM BASE),CORDIALS,375 ML,375,27.5,,,,Bottle,1,12,12.95,155.4,1.02,0.0,One Time Buy,O,False,False,False
2026-08-01,7050H,99900705017,RUMCHATA HORCHATA CREAM LIQ (RUM BASE),CORDIALS,1.75 L,1750,27.5,,,,Bottle,1,6,44.95,269.7,0.76,0.0,Regular,R,False,False,False
2026-08-01,7057B,99900705775,CROWN ROYAL BLACK CANADIAN WHISKY,CANADIAN,750 ML,750,90.0,,,Canada,Bottle,1,12,31.95,383.4,1.26,0.0,Regular,R,False,False,False
2026-08-01,7057E,99900705737,CROWN ROYAL BLACK CANADIAN WHISKY,CANADIAN,375 ML,375,90.0,,,Canada,Bottle,1,24,16.95,406.8,1.33,0.0,Limited Listing,L,False,False,False
2026-08-01,7057H,99900705717,CROWN ROYAL BLACK CANADIAN WHISKY,CANADIAN,1.75 L,1750,90.0,,,Canada,Bottle,1,6,54.95,329.7,0.93,-5.0,Regular,R,False,False,False
2026-08-01,7063B,99900706375,REDBREAST 15 YEAR OLD IRISH WHISKEY,IRISH,750 ML,750,92.0,15 YRS,180,Republic of Ireland,Bottle,1,6,129.95,779.7,5.12,0.0,Limited Listing,L,False,False,False
2026-08-01,7076B,99900707675,LARCENY BARREL PROOF,DOMESTIC WHISKEY,750 ML,750,128.0,,,United States,Bottle,1,6,64.95,389.7,2.56,0.0,Seasonal,B,False,False,False
2026-08-01,7095B,99900709575,DON JULIO REPOSADO PRIVATE CASK,TEQUILA,750 ML,750,85.4,,,Mexico,Bottle,1,6,63.95,383.7,2.52,-6.0,Seasonal,B,False,False,True
2026-08-01,7107B,99900710775,PINNACLE TROPICAL PUNCH FLAVORED VODKA,VODKA,750 ML,750,70.0,,,France,Bottle,1,12,9.95,119.4,0.39,-3.0,Regular,R,False,False,False
2026-08-01,7110F,99900711005,ABSOLUT COUNTER UNIT/5 ASSORTED FLV 50ML,VODKA,50 ML,50,80.0,,,Sweden,Multi-Pack Bottle,5,24,6.0,144.0,3.53,0.0,Seasonal,B,False,False,False
2026-08-01,7111B,99900711175,DROP SHOP BAILEY'S GIN,GIN,750 ML,750,90.0,,,Republic of Ireland,Bottle,1,6,29.95,179.7,1.18,0.0,Trial Listing,T,True,False,False
2026-08-01,7145B,99900714575,CAZADORES ANEJO CRISTALINO,TEQUILA,750 ML,750,80.0,,,Mexico,Bottle,1,6,41.95,251.7,1.65,-3.0,Regular,R,False,False,False
2026-08-01,7146B,99900714675,SANTO FINO BLANCO TEQUILA,TEQUILA,750 ML,750,80.0,,,Mexico,Bottle,1,6,45.95,275.7,1.81,0.0,Limited Listing,L,False,False,False
2026-08-01,7150B,99900715075,RAM'S POINT PEANUT BUTTER WHISKEY,DOMESTIC WHISKEY,750 ML,750,70.0,,,United States,Bottle,1,12,16.95,203.4,0.67,2.0,Regular,R,False,False,False
2026-08-01,7151B,99900715175,HATOZAKI FINEST JAPANESE WHISKY,OTHER IMPORTED WHISKY,750 ML,750,80.0,,,,Bottle,1,6,36.95,221.7,1.45,-3.0,Regular,R,False,False,False
2026-08-01,7153B,99900715375,WHIPPER SNAPPER OREGON SPIRIT WHISKEY,DOMESTIC WHISKEY,750 ML,750,84.0,,,United States,Bottle,1,6,21.95,131.7,0.86,0.0,Regular,R,True,False,False
2026-08-01,7157B,99900715775,HATOZAKI SMALL BATCH JAPANESE WHISKY,OTHER IMPORTED WHISKY,750 ML,750,92.0,,,,Bottle,1,6,64.95,389.7,2.56,0.0,Regular,R,False,False,False
2026-08-01,7202B,99900720275,EVAN WILLIAMS EGG NOG,COCKTAILS,750 ML,750,30.0,,,United States,Bottle,1,12,11.95,143.4,0.47,5.0,Holiday,H,False,False,False
2026-08-01,7207E,99900720737,DIVINE DISTILLERS DEVIL'S ASS,COCKTAILS,355 ML,355,13.4,,,United States,Can,1,24,6.0,144.0,0.47,0.0,Trial Listing,T,True,False,False
2026-08-01,7209B,99900720975,JOSE CUERVO RESERVA DE LA FAMILIA,TEQUILA,750 ML,750,80.0,,,Mexico,Bottle,1,3,189.95,569.85,7.48,10.0,Limited Listing,L,False,False,False
2026-08-01,7217B,99900721775,ILEGAL MEZCAL REPOSADO,MEZCAL,750 ML,750,80.0,,,Mexico,Bottle,1,6,46.95,281.7,1.85,0.0,Regular,R,False,False,False
2026-08-01,7228E,99900722837,CALISAYA LIQUEUR,CORDIALS,375 ML,375,70.0,,,United States,Bottle,1,12,25.3,303.6,1.99,0.0,Limited Listing,L,True,False,False
2026-08-01,7228I,99900722870,CALISAYA LIQUEUR,CORDIALS,700 ML,700,70.0,,,United States,Bottle,1,12,39.95,479.4,1.69,0.0,Limited Listing,L,True,False,False
2026-08-01,7243B,99900724375,BUNNAHABHAIN 12 YEAR,SCOTCH,750 ML,750,92.6,12 YRS,144,Scotland,Bottle,1,6,84.95,509.7,3.34,0.0,Limited Listing,L,False,False,False
2026-08-01,7251B,99900725175,COMBIER L'ORIGINAL LIQUEUR D'ORANGE,CORDIALS,750 ML,750,80.0,,,France,Bottle,1,6,36.95,221.7,1.45,0.0,Regular,R,False,False,False
2026-08-01,7252B,99900725275,BIRD DOG BLACKBERRY WHISKEY,DOMESTIC WHISKEY,750 ML,750,80.0,,,United States,Bottle,1,6,18.95,113.7,0.75,-3.0,Regular,R,False,False,False
2026-08-01,7264B,99900726475,TFG SMOKY BLACK,SCOTCH,750 ML,750,80.0,,,Scotland,Bottle,1,12,34.95,419.4,1.38,6.0,Limited Listing,L,False,False,False
2026-08-01,7274B,99900727475,MACCHU PISCO BRANDY (PERU),BRANDY / COGNAC,750 ML,750,80.0,,,Peru,Bottle,1,12,32.0,384.0,1.26,0.0,Limited Listing,L,False,False,False
2026-08-01,7280B,99900728075,AZUNIA REPOSADO TEQUILA GOLD,TEQUILA,750 ML,750,80.0,,,Mexico,Bottle,1,6,44.95,269.7,1.77,5.0,Regular,R,False,False,False
2026-08-01,7286B,99900728675,CLASE AZUL REPOSADO TEQUILA,TEQUILA,750 ML,750,80.0,,,Mexico,Bottle,1,6,179.95,1079.7,7.08,0.0,Regular,R,False,False,False
2026-08-01,7286E,99900728637,CLASE AZUL REPOSADO TEQUILA,TEQUILA,375 ML,375,80.0,,,Mexico,Bottle,1,6,124.95,749.7,9.84,0.0,Seasonal,B,False,False,False
2026-08-01,7287B,99900728775,AZUNIA BLANCO TEQUILA,TEQUILA,750 ML,750,80.0,,,Mexico,Bottle,1,6,39.95,239.7,1.57,5.0,Regular,R,False,False,False
2026-08-01,7294B,99900729475,360 MADAGASCAR VANILLA VOD,VODKA,750 ML,750,70.0,,,United States,Bottle,1,12,16.95,203.4,0.67,0.0,Regular,R,False,False,False
2026-08-01,7296B,99900729675,SOLERNO BLOOD ORANGE LIQUEUR (ITALY),CORDIALS,750 ML,750,80.0,,,Italy,Bottle,1,6,43.95,263.7,1.73,0.0,Regular,R,False,False,False
2026-08-01,7300B,99900730075,KOLOA DARK RUM,RUM,750 ML,750,80.0,,,United States,Bottle,1,6,38.95,233.7,1.53,0.0,Limited Listing,L,False,False,False
2026-08-01,7306B,99900730675,CHRISTIAN BROS HOLIDAY SPICED EGG NOG,COCKTAILS,750 ML,750,20.0,,,United States,Bottle,1,12,10.95,131.4,0.43,5.0,Holiday,H,False,False,False
2026-08-01,7330B,99900733075,MICHTER'S STRAIGHT RYE,DOMESTIC WHISKEY,750 ML,750,84.8,,,United States,Bottle,1,6,49.95,299.7,1.97,0.0,Regular,R,False,False,False
2026-08-01,7337B,99900733775,DEL MAGUEY VIDA MEZCAL,TEQUILA,750 ML,750,84.0,,,Mexico,Bottle,1,6,39.95,239.7,1.57,5.0,Regular,R,False,False,False
2026-08-01,7395E,99900739537,STEIN BLACKBERRY CORDIAL,CORDIALS,375 ML,375,40.0,,,United States,Bottle,1,12,23.5,282.0,1.85,0.0,Limited Listing,L,True,False,False
2026-08-01,7406B,99900740675,CROWN ROYAL W/GIFT,CANADIAN,750 ML,750,80.0,,,Canada,VAP,1,6,29.95,179.7,1.18,4.0,Holiday,H,False,False,False
2026-08-01,7406H,99900740617,CROWN ROYAL W/GIFT,CANADIAN,1.75 L,1750,80.0,,,Canada,VAP,1,4,49.95,199.8,0.84,-6.0,Holiday,H,False,False,False
2026-08-01,7410B,99900741075,MELLOW CORN,DOMESTIC WHISKEY,750 ML,750,100.0,4 YRS,48,United States,Bottle,1,12,19.95,239.4,0.79,0.0,Limited Listing,L,False,False,False
2026-08-01,7417B,99900741775,SLANE IRISH WHISKEY,IRISH,750 ML,750,80.0,,,Republic of Ireland,Bottle,1,6,27.95,167.7,1.1,0.0,Regular,R,False,False,False
2026-08-01,7417F,99900741705,SLANE IRISH WHISKEY,IRISH,50 ML,50,80.0,,,Republic of Ireland,Bottle,1,96,2.0,192.0,1.18,0.0,Trial Listing,T,False,False,False
2026-08-01,7422B,99900742275,SMITH AND CROSS LONDON JAMAICA RUM,RUM,750 ML,750,114.0,,,,Bottle,1,12,37.95,455.4,1.49,0.0,Regular,R,False,False,False
2026-08-01,7425B,99900742575,CARIBOU CROSSING SINGLE BARREL CANADIAN,CANADIAN,750 ML,750,80.0,,,Canada,Bottle,1,3,49.95,149.85,1.97,0.0,Seasonal,B,False,False,False
2026-08-01,7427B,99900742775,ARDBEG CORRYVRECKAN ISLAY SINGLE MALT,SCOTCH,750 ML,750,114.2,,,Scotland,Bottle,1,6,129.95,779.7,5.12,0.0,Limited Listing,L,False,False,False
2026-08-01,7437B,99900743775,JUAREZ TRIPLE SEC,CORDIALS,750 ML,750,30.0,,,,Bottle,1,12,5.95,71.4,0.23,0.0,Regular,R,False,False,False
2026-08-01,7441B,99900744175,360 DOUBLE CHOCOLATE VODKA,VODKA,750 ML,750,70.0,,,United States,Bottle,1,12,16.95,203.4,0.67,0.0,Regular,R,False,False,False
2026-08-01,7483B,99900748375,ARDBEG WEE BEASTIE,SCOTCH,750 ML,750,94.8,,,Scotland,Bottle,1,6,49.95,299.7,1.97,0.0,Seasonal,B,False,False,False
2026-08-01,7484D,99900748420,GLENFIDDICH COMBO:12YR/ 15YR/ & 18YR,SCOTCH,200 ML,200,82.0,15 YRS,180,Scotland,Bottle,1,4,44.95,179.8,6.61,0.0,Holiday,H,False,False,False
2026-08-01,7485B,99900748575,WHALER'S ORIGINAL DARK TOPPING RUM,RUM,750 ML,750,80.0,,,,Bottle,1,12,9.95,119.4,0.39,-2.0,Regular,R,False,False,False
2026-08-01,7498B,99900749875,ABSOLUT MANGO FLAVORED VODKA,VODKA,750 ML,750,80.0,,,Sweden,Bottle,1,12,24.95,299.4,0.98,5.0,Regular,R,False,False,False
2026-08-01,7505B,99900750575,WATHEN'S SINGLE BARREL STRAIGHT BOURBON,DOMESTIC WHISKEY,750 ML,750,94.0,,,United States,Bottle,1,6,84.9,509.4,3.34,0.0,Seasonal,B,False,False,False
2026-08-01,7514B,99900751475,CORZO SILVER WHITE TEQUILA (MEXICO),TEQUILA,750 ML,750,80.0,,,Mexico,Bottle,1,6,49.95,299.7,1.97,5.0,Regular,R,False,False,False
2026-08-01,7542B,99900754275,SAUZA CIEN ANOS REPOSADO,TEQUILA,750 ML,750,80.0,,,Mexico,Bottle,1,12,16.45,197.4,0.65,-2.5,Regular,R,False,False,True
2026-08-01,7546B,99900754675,GLENMORANGIE CADBOLL ESTATE LTD ED,SCOTCH,750 ML,750,86.0,,,Scotland,Bottle,1,6,84.95,509.7,3.34,0.0,Seasonal,B,False,False,False
2026-08-01,7556B,99900755675,CORZO REPOSADO GOLD TEQUILA (MEXICO),TEQUILA,750 ML,750,80.0,,,Mexico,Bottle,1,6,54.95,329.7,2.16,5.0,Limited Listing,L,False,False,False
2026-08-01,7560E,99900756037,ROGUE GRAPEFRUIT VODKA SODA 4-PK CANS,COCKTAILS,355 ML,355,15.0,,,United States,Multi-Pack Can,4,6,4.95,29.7,0.39,0.0,Regular,R,True,False,False
2026-08-01,7562E,99900756237,ROGUE COCKTAIL PARTY PACK 8-PK CANS,COCKTAILS,355 ML,355,15.0,,,United States,Multi-Pack Can,8,3,14.95,44.85,1.18,0.0,Regular,R,True,False,False
2026-08-01,7565H,99900756517,HENNESSY VSOP PRIVILEGE,BRANDY / COGNAC,1.75 L,1750,80.0,,,France,Bottle,1,6,142.95,857.7,2.41,0.0,Seasonal,B,False,False,False
2026-08-01,7571B,99900757175,LAPHROAIG QUARTER CASK SINGLE MALT,SCOTCH,750 ML,750,96.0,10 YRS,120,Scotland,Bottle,1,6,74.95,449.7,2.95,0.0,Seasonal,B,False,False,False
2026-08-01,7579B,99900757975,PARTIDA BLANCO TEQUILA,TEQUILA,750 ML,750,80.0,,,Mexico,Bottle,1,6,34.95,209.7,1.38,0.0,Regular,R,False,False,False
2026-08-01,7599B,99900759975,PEARL PERSEPHONE POMEGRANATE VODKA,VODKA,750 ML,750,70.0,,,Canada,Bottle,1,12,14.95,179.4,0.59,3.0,Regular,R,False,False,False
2026-08-01,7602B,99900760275,OCEAN ORGANIC VODKA,VODKA,750 ML,750,80.0,,,United States,Bottle,1,6,24.95,149.7,0.98,0.0,Regular,R,False,False,False
2026-08-01,7602F,99900760205,OCEAN ORGANIC VODKA,VODKA,50 ML,50,80.0,,,United States,Bottle,1,12,4.75,57.0,2.79,0.0,Regular,R,False,False,False
2026-08-01,7602H,99900760217,OCEAN ORGANIC VODKA,VODKA,1.75 L,1750,80.0,,,United States,Bottle,1,6,42.95,257.7,0.73,0.0,Trial Listing,T,False,False,False
2026-08-01,7624B,99900762475,CORZO ANEJO GOLD TEQUILA,TEQUILA,750 ML,750,80.0,,,Mexico,Bottle,1,6,59.95,359.7,2.36,5.0,Limited Listing,L,False,False,False
2026-08-01,7658B,99900765875,SAZERAC RYE 6 YEARS OLD,DOMESTIC WHISKEY,750 ML,750,90.0,6 YRS,72,United States,Bottle,1,6,27.95,167.7,1.1,0.0,Regular,R,False,False,False
2026-08-01,7658H,99900765817,SAZERAC RYE 6 YEARS OLD,DOMESTIC WHISKEY,1.75 L,1750,90.0,6 YRS,72,United States,Bottle,1,6,49.95,299.7,0.84,0.0,Trial Listing,T,False,False,False
2026-08-01,7664B,99900766475,X-RATED FUSION LIQ:VDK/ORG/MNGO/PSN FRT,VODKA,750 ML,750,34.0,,,,Bottle,1,6,34.95,209.7,1.38,0.0,Regular,R,False,False,False
2026-08-01,7665B,99900766575,KENTUCKY TAVERN SPECIAL RESERVE,DOMESTIC WHISKEY,750 ML,750,80.0,4 YRS,48,United States,Bottle,1,12,10.95,131.4,0.43,0.0,Seasonal,B,False,False,False
2026-08-01,7671B,99900767175,SOHO LYCHEE FLAVORED LIQUEUR,CORDIALS,750 ML,750,42.0,,,,Bottle,1,6,24.95,149.7,0.98,-3.0,Limited Listing,L,False,False,False
2026-08-01,7699B,99900769975,MAESTRO DOBEL DIAMOND WHITE TEQUILA,TEQUILA,750 ML,750,80.0,,,Mexico,Bottle,1,6,54.95,329.7,2.16,5.0,Regular,R,False,False,False
2026-08-01,7712B,99900771275,EL MAYOR REPOSADO,TEQUILA,750 ML,750,80.0,,,Mexico,Bottle,1,6,34.95,209.7,1.38,5.0,Regular,R,False,False,False
2026-08-01,7713B,99900771375,EL MAYOR ANEJO,TEQUILA,750 ML,750,80.0,,,Mexico,Bottle,1,6,39.95,239.7,1.57,5.0,Regular,R,False,False,False
2026-08-01,7726B,99900772675,STRANAHAN'S COLORADO WHISKEY,DOMESTIC WHISKEY,750 ML,750,94.0,,,United States,Bottle,1,6,49.95,299.7,1.97,-5.0,Limited Listing,L,False,False,False
2026-08-01,7752B,99900775275,EL MAYOR BLANCO,TEQUILA,750 ML,750,80.0,,,Mexico,Bottle,1,6,32.95,197.7,1.3,5.0,Regular,R,False,False,False
2026-08-01,7752H,99900775217,EL MAYOR BLANCO,TEQUILA,1.75 L,1750,80.0,,,Mexico,Bottle,1,6,42.95,257.7,0.73,-5.0,Trial Listing,T,False,False,False
2026-08-01,7771B,99900777175,NEW AMSTERDAM GIN,GIN,750 ML,750,80.0,,,United States,Bottle,1,12,17.95,215.4,0.71,0.0,Regular,R,False,False,False
2026-08-01,7771D,99900777120,NEW AMSTERDAM GIN,GIN,200 ML,200,80.0,,,United States,Bottle,1,24,5.45,130.8,0.8,0.0,Regular,R,False,False,False
2026-08-01,7771H,99900777117,NEW AMSTERDAM GIN,GIN,1.75 L,1750,80.0,,,United States,Bottle,1,6,28.95,173.7,0.49,0.0,Regular,R,False,False,False
2026-08-01,7782B,99900778275,PINNACLE BERRY FLAVORED VODKA,VODKA,750 ML,750,70.0,,,France,Bottle,1,12,9.95,119.4,0.39,-3.0,Regular,R,False,False,False
2026-08-01,7794B,99900779475,PINNACLE VANILLA FLAVORED VODKA,VODKA,750 ML,750,70.0,,,France,Bottle,1,12,9.95,119.4,0.39,-3.0,Regular,R,False,False,False
2026-08-01,7810B,99900781075,FLOR DE CANA EXTRA DRY LIGHT,RUM,750 ML,750,80.0,4 YRS,48,,Bottle,1,12,20.95,251.4,0.82,0.0,Regular,R,False,False,False
2026-08-01,7819B,99900781975,ABERFELDY 12 YEAR SINGLE MALT SCOTCH WKY,SCOTCH,750 ML,750,80.0,12 YRS,144,Scotland,Bottle,1,6,56.95,341.7,2.24,0.0,Limited Listing,L,False,False,False
2026-08-01,7822B,99900782275,THE GLENLIVET CARIBBEAN RESERVE,SCOTCH,750 ML,750,80.0,14 YRS,168,Scotland,Bottle,1,6,49.95,299.7,1.97,0.0,Regular,R,False,False,False
2026-08-01,7836B,99900783675,REDBREAST 27 YEAR OLD,IRISH,750 ML,750,109.2,27 YRS,324,Republic of Ireland,Bottle,1,3,669.95,2009.85,26.38,0.0,Limited Listing,L,False,False,False
2026-08-01,7846A,99900784610,WOODFORD RESERVE DERBY BOURBON,DOMESTIC WHISKEY,LITER,1000,90.4,,,United States,Bottle,1,6,54.95,329.7,1.63,0.0,Seasonal,B,False,False,False
2026-08-01,7852B,99900785275,MALIBU STRAWBERRY,RUM,750 ML,750,42.0,,,Canada,Bottle,1,12,17.95,215.4,0.71,3.0,Regular,R,False,False,False
2026-08-01,7871B,99900787175,GREEN SPOT CHATEAU MONTELENA,IRISH,750 ML,750,92.0,,,Republic of Ireland,Bottle,1,6,99.95,599.7,3.94,0.0,Seasonal,B,False,False,False
2026-08-01,7872B,99900787275,GLACIER 45 MANDARIN ORANGE BOURBON WHISKEY,DOMESTIC WHISKEY,750 ML,750,90.0,,,United States,Bottle,1,6,39.95,239.7,1.57,0.0,Limited Listing,L,True,False,False
2026-08-01,7909B,99900790975,BERNHEIM ORIGINAL WHEAT WHISKEY,DOMESTIC WHISKEY,750 ML,750,90.0,,,United States,Bottle,1,6,29.95,179.7,1.18,0.0,Regular,R,False,False,False
2026-08-01,7916B,99900791675,TALISKER DISTILLERS EDITION,SCOTCH,750 ML,750,91.6,12 YRS,144,Scotland,Bottle,1,6,79.95,479.7,3.15,0.0,Seasonal,B,False,False,False
2026-08-01,7932B,99900793275,DALWHINNIE DISTILLERS EDITION,SCOTCH,750 ML,750,86.0,,,Scotland,Bottle,1,6,94.95,569.7,3.74,0.0,Seasonal,B,False,False,False
2026-08-01,7944B,99900794475,ROWAN'S CREEK SMALL BATCH BOURBON,DOMESTIC WHISKEY,750 ML,750,101.0,12 YRS,144,United States,Bottle,1,6,58.95,353.7,2.32,0.0,Regular,R,False,False,False
2026-08-01,7975B,99900797575,PRAIRIE ORGANIC VODKA,VODKA,750 ML,750,80.0,,,,Bottle,1,12,23.95,287.4,0.94,5.0,Regular,R,False,False,False
2026-08-01,7975H,99900797517,PRAIRIE ORGANIC VODKA,VODKA,1.75 L,1750,80.0,,,,Bottle,1,6,34.95,209.7,0.59,5.0,Regular,R,False,False,False
2026-08-01,7984B,99900798475,1921 CREMA DE MEXICO TEQUILA,CORDIALS,750 ML,750,30.0,,,Mexico,Bottle,1,6,36.95,221.7,1.45,4.0,Limited Listing,L,False,False,False
2026-08-01,7984F,99900798405,1921 CREMA DE MEXICO TEQUILA,CORDIALS,50 ML,50,30.0,,,Mexico,Bottle,1,48,1.5,72.0,0.88,0.0,One Time Buy,O,False,False,False
2026-08-01,7994B,99900799475,ST. GEORGE ABSINTHE VERTE:BRANDY & HERB,CORDIALS,750 ML,750,120.0,,,,Bottle,1,6,69.3,415.8,2.73,9.35,Limited Listing,L,False,False,False
2026-08-01,8002B,99900800275,BUSHMILLS MALT 16 YEAR OLD IRISH SGL MLT,IRISH,750 ML,750,80.0,16 YRS,192,Republic of Ireland,Bottle,1,6,144.95,869.7,5.71,-5.0,Limited Listing,L,False,False,False
2026-08-01,8005B,99900800575,SVEDKA VANILLA FLAVORED VODKA,VODKA,750 ML,750,70.0,,,Sweden,Bottle,1,12,10.95,131.4,0.43,0.0,Trial Listing,T,False,False,False
2026-08-01,8009B,99900800975,BLACKHEART TOASTED COCONUT RUM,RUM,750 ML,750,93.0,,,,Bottle,1,12,14.95,179.4,0.59,1.0,Regular,R,False,False,False
2026-08-01,8021B,99900802175,PATRON XO CAFE COFFEE LIQUEUR,CORDIALS,750 ML,750,70.0,,,,Bottle,1,6,34.95,209.7,1.38,5.0,Limited Listing,L,False,False,False
2026-08-01,8023B,99900802375,OLD GRAND DAD SPECIAL SELECT,DOMESTIC WHISKEY,750 ML,750,114.0,4 YRS,48,United States,Bottle,1,6,26.95,161.7,1.06,-3.0,Limited Listing,L,False,False,False
2026-08-01,8026B,99900802675,CITRONGE ORANGE LIQUEUR,CORDIALS,750 ML,750,70.0,,,,Bottle,1,12,26.95,323.4,1.06,2.0,Regular,R,False,False,False
2026-08-01,8027B,99900802775,CORAZON DE AGAVE ANEJO GOLD TEQUILA,TEQUILA,750 ML,750,80.0,,,Mexico,Bottle,1,6,26.95,161.7,1.06,2.0,Limited Listing,L,False,False,False
2026-08-01,8034B,99900803475,NEW PORT GIN,GIN,750 ML,750,80.0,,,United States,Bottle,1,12,21.95,263.4,0.86,0.0,Limited Listing,L,True,False,False
2026-08-01,8045H,99900804517,ANCIENT ANCIENT AGE,DOMESTIC WHISKEY,1.75 L,1750,90.0,,,United States,Bottle,1,6,35.45,212.7,0.6,0.0,Seasonal,B,False,False,False
2026-08-01,8049B,99900804975,GRAN CENTENARIO ANEJO GOLD TEQUILA,TEQUILA,750 ML,750,80.0,,,Mexico,Bottle,1,6,39.95,239.7,1.57,0.0,Regular,R,False,False,False
2026-08-01,8058B,99900805875,AUCHENTOSHAN THREE WOOD SINGLE MALT,SCOTCH,750 ML,750,86.0,,,Scotland,Bottle,1,6,87.95,527.7,3.46,0.0,Limited Listing,L,False,False,False
2026-08-01,8059I,99900805970,LYSHOLM LINIE AQUAVIT,CORDIALS,700 ML,700,83.0,,,Norway,Bottle,1,12,28.95,347.4,1.22,0.0,Limited Listing,L,False,False,False
2026-08-01,8073B,99900807375,"CASA NOBLE TEQUILA ""CRYSTAL"" SILVER TEQ",TEQUILA,750 ML,750,80.0,,,Mexico,Bottle,1,6,49.95,299.7,1.97,3.0,Regular,R,False,False,False
2026-08-01,8079B,99900807975,GLENGOYNE 10 YEAR SINGLE MALT,SCOTCH,750 ML,750,86.0,10 YRS,120,Scotland,Bottle,1,6,49.95,299.7,1.97,0.0,Trial Listing,T,False,False,False
2026-08-01,8083B,99900808375,JEFFERSON'S SMALL BATCH,DOMESTIC WHISKEY,750 ML,750,82.3,,,United States,Bottle,1,6,34.95,209.7,1.38,-5.0,Regular,R,False,False,False
2026-08-01,8083H,99900808317,JEFFERSON'S SMALL BATCH,DOMESTIC WHISKEY,1.75 L,1750,82.3,,,United States,Bottle,1,6,64.95,389.7,1.1,0.0,Limited Listing,L,False,False,False
2026-08-01,8091B,99900809175,NEW AMSTERDAM WATERMELON VODKA,VODKA,750 ML,750,70.0,,,United States,Bottle,1,12,12.95,155.4,0.51,2.0,Limited Listing,L,False,False,False
2026-08-01,8094B,99900809475,ARDBEG 10 YEAR MALT SCOTCH,SCOTCH,750 ML,750,92.0,10 YRS,120,Scotland,Bottle,1,6,59.95,359.7,2.36,-7.0,Regular,R,False,False,True
2026-08-01,8097B,99900809775,REDBREAST IRISH WHISKEY 12 YEAR,IRISH,750 ML,750,80.0,12 YRS,144,Republic of Ireland,Bottle,1,6,74.95,449.7,2.95,0.0,Regular,R,False,False,False
2026-08-01,8099B,99900809975,CASA NOBLE RESERVA ESPECIAL REPOSADO TEQ,TEQUILA,750 ML,750,80.0,,,Mexico,Bottle,1,6,54.95,329.7,2.16,2.0,Limited Listing,L,False,False,False
2026-08-01,8110B,99900811075,CIROC SUPER PREMIUM VODKA,VODKA,750 ML,750,80.0,,,France,Bottle,1,12,35.95,431.4,1.42,6.0,Regular,R,False,False,False
2026-08-01,8110D,99900811020,CIROC SUPER PREMIUM VODKA,VODKA,200 ML,200,80.0,,,France,Bottle,1,24,9.95,238.8,1.46,0.0,Regular,R,False,False,False
2026-08-01,8110H,99900811017,CIROC SUPER PREMIUM VODKA,VODKA,1.75 L,1750,80.0,,,France,Bottle,1,6,44.95,269.7,0.76,-10.0,Regular,R,False,False,False
2026-08-01,8115B,99900811575,LICOR 43,CORDIALS,750 ML,750,62.0,,,,Bottle,1,12,28.95,347.4,1.14,3.95,Regular,R,False,False,False
2026-08-01,8123B,99900812375,JEFFERSON'S RESERVE STRAIGHT BOURBON,DOMESTIC WHISKEY,750 ML,750,90.2,,,United States,Bottle,1,6,49.95,299.7,1.97,-5.0,Regular,R,False,False,False
2026-08-01,8132B,99900813275,CHAMUCOS TEQUILA REPOSADO ESPECIAL GOLD,TEQUILA,750 ML,750,80.0,,,Mexico,Bottle,1,6,59.95,359.7,2.36,0.0,Regular,R,False,False,False
2026-08-01,8139A,99900813910,APEROL LIQUEUR,CORDIALS,LITER,1000,22.0,,,,Bottle,1,6,34.95,209.7,1.03,3.0,Regular,R,False,False,False
2026-08-01,8139B,99900813975,APEROL LIQUEUR,CORDIALS,750 ML,750,22.0,,,,Bottle,1,6,29.95,179.7,1.18,0.0,Regular,R,False,False,False
2026-08-01,8139E,99900813937,APEROL LIQUEUR,CORDIALS,375 ML,375,22.0,,,,Bottle,1,12,16.95,203.4,1.33,0.0,Limited Listing,L,False,False,False
2026-08-01,8171B,99900817175,THE GLENLIVET ARCHIVE SINGLE MALT AGED 21YRS,SCOTCH,750 ML,750,86.0,21 YRS,252,Scotland,Bottle,1,3,299.95,899.85,11.81,0.0,Seasonal,B,False,False,False
2026-08-01,8172A,99900817210,REYKA ICELAND VODKA,VODKA,LITER,1000,80.0,,,Iceland,Bottle,1,6,24.95,149.7,0.74,-3.0,Regular,R,False,False,False
2026-08-01,8172B,99900817275,REYKA ICELAND VODKA,VODKA,750 ML,750,80.0,,,Iceland,Bottle,1,6,19.95,119.7,0.79,-6.0,Regular,R,False,False,False
2026-08-01,8172E,99900817237,REYKA ICELAND VODKA,VODKA,375 ML,375,80.0,,,,,0,12,12.95,155.4,1.02,0.0,Trial Listing,T,False,False,False
2026-08-01,8172F,99900817205,REYKA ICELAND VODKA,VODKA,50 ML,50,80.0,,,Iceland,Bottle,1,96,3.25,312.0,1.91,0.0,Limited Listing,L,False,False,False
2026-08-01,8172H,99900817217,REYKA ICELAND VODKA,VODKA,1.75 L,1750,80.0,,,Iceland,Bottle,1,6,39.95,239.7,0.67,0.0,Regular,R,False,False,False
2026-08-01,8184B,99900818475,WESTWARD WHISKEY - PINOT NOIR CASK,DOMESTIC WHISKEY,750 ML,750,90.0,,,United States,Bottle,1,6,89.95,539.7,3.54,0.0,Limited Listing,L,True,False,False
2026-08-01,8185B,99900818575,RON MATUSALEM GRAN RESERVA DOM REPUBLIC,RUM,750 ML,750,80.0,15 YRS,180,,Bottle,1,6,35.95,215.7,1.42,0.0,Regular,R,False,False,False
2026-08-01,8187B,99900818775,RON ZACAPA CENTENARIO(WRAP/PALM LEAVES),RUM,750 ML,750,80.0,,,,Bottle,1,6,46.95,281.7,1.85,0.0,Regular,R,False,False,False
2026-08-01,8189A,99900818910,BUFFALO TRACE BOURBON,DOMESTIC WHISKEY,LITER,1000,90.0,,,United States,Bottle,1,12,30.95,371.4,0.92,0.0,Regular,R,False,False,False
2026-08-01,8189B,99900818975,BUFFALO TRACE BOURBON,DOMESTIC WHISKEY,750 ML,750,90.0,,,United States,Bottle,1,12,28.95,347.4,1.14,0.0,Regular,R,False,False,False
2026-08-01,8189E,99900818937,BUFFALO TRACE BOURBON,DOMESTIC WHISKEY,375 ML,375,90.0,,,United States,Bottle,1,12,15.95,191.4,1.26,0.0,Regular,R,False,False,False
2026-08-01,8189F,99900818905,BUFFALO TRACE BOURBON,DOMESTIC WHISKEY,50 ML,50,90.0,,,United States,Bottle,1,120,2.5,300.0,1.47,0.0,Seasonal,B,False,False,False
2026-08-01,8189H,99900818917,BUFFALO TRACE BOURBON,DOMESTIC WHISKEY,1.75 L,1750,90.0,,,United States,Bottle,1,6,54.95,329.7,0.93,0.0,Regular,R,False,False,False
2026-08-01,8205B,99900820575,PADDY IRISH WHISKEY FLASK,IRISH,750 ML,750,80.0,,,Republic of Ireland,Bottle,1,12,20.95,251.4,0.82,0.0,Regular,R,False,False,False
2026-08-01,8205E,99900820537,PADDY IRISH WHISKEY FLASK,IRISH,375 ML,375,80.0,,,Republic of Ireland,Bottle,1,12,7.95,95.4,0.63,0.0,Regular,R,False,False,False
2026-08-01,8206B,99900820675,EL DORADO CASK AGED 5 YEAR DARK RUM,RUM,750 ML,750,80.0,5 YRS,60,,Bottle,1,12,29.95,359.4,1.18,0.0,Trial Listing,T,False,False,False
2026-08-01,8208B,99900820875,OLD PULTENEY 12 YR,SCOTCH,750 ML,750,86.0,12 YRS,144,Scotland,Bottle,1,6,39.95,239.7,1.57,0.0,Regular,R,False,False,False
2026-08-01,8211B,99900821175,LUXARDO MARASCHINO LIQUEUR,CORDIALS,750 ML,750,80.0,,,,Bottle,1,6,34.95,209.7,1.38,0.0,Regular,R,False,False,False
2026-08-01,8213B,99900821375,ZAYA GRAN RESERVA GUATAMALA RUM,RUM,750 ML,750,80.0,,,,Bottle,1,6,34.95,209.7,1.38,5.0,Regular,R,False,False,False
2026-08-01,8215B,99900821575,RAMAZZOTTI AMARO,CORDIALS,750 ML,750,60.0,,,,Bottle,1,6,29.95,179.7,1.18,-4.0,Regular,R,False,False,True
2026-08-01,8221A,99900822110,LUNAZUL BLANCO TEQUILA,TEQUILA,LITER,1000,80.0,,,Mexico,Bottle,1,12,25.95,311.4,0.77,0.0,Regular,R,False,False,False
2026-08-01,8221B,99900822175,LUNAZUL BLANCO TEQUILA,TEQUILA,750 ML,750,80.0,,,Mexico,Bottle,1,12,21.95,263.4,0.86,-2.0,Regular,R,False,False,False
2026-08-01,8221D,99900822120,LUNAZUL BLANCO TEQUILA,TEQUILA,200 ML,200,80.0,,,Mexico,Bottle,1,24,6.95,166.8,1.02,0.0,Trial Listing,T,False,False,False
2026-08-01,8221E,99900822137,LUNAZUL BLANCO TEQUILA,TEQUILA,375 ML,375,80.0,,,Mexico,Bottle,1,12,12.95,155.4,1.02,0.0,Regular,R,False,False,False
2026-08-01,8221F,99900822105,LUNAZUL BLANCO TEQUILA,TEQUILA,50 ML,50,80.0,,,Mexico,Bottle,1,100,2.5,250.0,1.47,0.0,Limited Listing,L,False,False,False
2026-08-01,8221H,99900822117,LUNAZUL BLANCO TEQUILA,TEQUILA,1.75 L,1750,80.0,,,Mexico,Bottle,1,6,39.95,239.7,0.67,0.0,Regular,R,False,False,True
2026-08-01,8227B,99900822775,OLD FORESTER 100 PROOF,DOMESTIC WHISKEY,750 ML,750,100.0,,,United States,Bottle,1,12,25.95,311.4,1.02,3.0,Regular,R,False,False,False
2026-08-01,8227H,99900822717,OLD FORESTER 100 PROOF,DOMESTIC WHISKEY,1.75 L,1750,100.0,,,United States,Bottle,1,6,42.95,257.7,0.73,-3.0,Regular,R,False,False,False
2026-08-01,8241B,99900824175,WRAY AND NEPHEW WHITE OVERPROOF 126 PRF,RUM,750 ML,750,126.0,,,,Bottle,1,12,25.95,311.4,1.02,0.0,Regular,R,False,False,False
2026-08-01,8256B,99900825675,FIGHTING COCK,DOMESTIC WHISKEY,750 ML,750,103.0,,,United States,Bottle,1,12,19.95,239.4,0.79,0.0,Regular,R,False,False,False
2026-08-01,8257B,99900825775,EVAN WILLIAMS 1783,DOMESTIC WHISKEY,750 ML,750,90.0,,,United States,Bottle,1,6,21.95,131.7,0.86,0.0,Regular,R,False,False,False
2026-08-01,8257H,99900825717,EVAN WILLIAMS 1783,DOMESTIC WHISKEY,1.75 L,1750,90.0,,,United States,Bottle,1,6,39.95,239.7,0.67,3.0,Regular,R,False,False,False
2026-08-01,8276B,99900827675,MEUKOW VS COGNAC,BRANDY / COGNAC,750 ML,750,80.0,6 YRS,72,France,Bottle,1,12,32.95,395.4,1.3,0.0,Regular,R,False,False,False
2026-08-01,8286B,99900828675,FERNET-BRANCA,CORDIALS,750 ML,750,78.0,,,,Bottle,1,6,41.95,251.7,1.65,0.0,Regular,R,False,False,False
2026-08-01,8286E,99900828637,FERNET-BRANCA,CORDIALS,375 ML,375,78.0,,,,Bottle,1,12,21.95,263.4,1.73,0.0,Limited Listing,L,False,False,False
2026-08-01,8287B,99900828775,BRANCA MENTA,CORDIALS,750 ML,750,56.0,,,,Bottle,1,6,41.95,251.7,1.65,0.0,Limited Listing,L,False,False,False
2026-08-01,8290B,99900829075,ABERLOUR A'BUNDADH SINGLE MALT SCOTCH,SCOTCH,750 ML,750,119.8,,,Scotland,Bottle,1,6,119.95,719.7,4.72,0.0,Limited Listing,L,False,False,False
2026-08-01,8292B,99900829275,CABO WABO BLANCO WHITE TEQUILA,TEQUILA,750 ML,750,80.0,,,Mexico,Bottle,1,6,34.95,209.7,1.38,5.0,Regular,R,False,False,False
2026-08-01,8308B,99900830875,HIRAM WALKER TRIPLE SEC 30 PROOF,CORDIALS,750 ML,750,30.0,,,,Bottle,1,12,7.95,95.4,0.31,0.0,Regular,R,False,False,False
2026-08-01,8310B,99900831075,EVAN WILLIAMS SINGLE BARREL VINTAGE,DOMESTIC WHISKEY,750 ML,750,86.6,7 YRS,84,United States,Bottle,1,6,39.95,239.7,1.57,0.0,Seasonal,B,False,False,False
2026-08-01,8315B,99900831575,AMARETTO LAZZARONI,CORDIALS,750 ML,750,48.0,,,,Bottle,1,6,29.95,179.7,1.18,0.0,Limited Listing,L,False,False,False
2026-08-01,8320B,99900832075,JINRO CHAMISUL ORIGINAL SOJU,CORDIALS,750 ML,750,40.2,,,,Bottle,1,12,12.55,150.6,0.49,0.0,Trial Listing,T,False,False,False
2026-08-01,8320E,99900832037,JINRO CHAMISUL ORIGINAL SOJU,CORDIALS,375 ML,375,40.2,,,,Bottle,1,20,6.8,136.0,0.54,0.0,Regular,R,False,False,False
2026-08-01,8323B,99900832375,BADLANDS ARTISAN DISTILLERY CUCUMBER GIN,GIN,750 ML,750,92.0,,,United States,Bottle,1,6,28.95,173.7,1.14,0.0,Limited Listing,L,True,False,False
2026-08-01,8325B,99900832575,CORRALEJO SILVER,TEQUILA,750 ML,750,80.0,,,Mexico,Bottle,1,6,31.95,191.7,1.26,-2.0,Regular,R,False,False,False
2026-08-01,8325H,99900832517,CORRALEJO SILVER,TEQUILA,1.75 L,1750,80.0,,,Mexico,Bottle,1,6,59.95,359.7,1.01,4.0,Limited Listing,L,False,False,False
2026-08-01,8326B,99900832675,BADLANDS ARTISAN DISTILLERY WINE CASK VODKA,VODKA,750 ML,750,90.0,,,United States,Bottle,1,6,24.95,149.7,0.98,0.0,Trial Listing,T,True,False,False
2026-08-01,8331I,99900833170,BECHEROVKA KARLSBADER BECHER HERBAL LIQ,CORDIALS,700 ML,700,76.0,,,Czech Republic,Bottle,1,6,28.6,171.6,1.21,0.0,Regular,R,False,False,False
2026-08-01,8338B,99900833875,EL DORADO 12 YEAR SPECIAL RESERVE DARK,RUM,750 ML,750,80.0,12 YRS,144,,Bottle,1,12,49.95,599.4,1.97,0.0,Trial Listing,T,False,False,False
2026-08-01,8346B,99900834675,WISERS DELUXE,CANADIAN,750 ML,750,80.0,,,Canada,Bottle,1,12,17.95,215.4,0.71,3.0,Regular,R,False,False,False
2026-08-01,8346H,99900834617,WISERS DELUXE,CANADIAN,1.75 L,1750,80.0,,,Canada,Bottle,1,6,29.95,179.7,0.51,0.0,Regular,R,False,False,False
2026-08-01,8347B,99900834775,BUCHANANS 18YR OLD SPECIAL RESERVE,SCOTCH,750 ML,750,80.0,18 YRS,216,Scotland,Bottle,1,6,79.95,479.7,3.15,5.0,Regular,R,False,False,False
2026-08-01,8350B,99900835075,EL JIMADOR ANEJO TEQUILA,TEQUILA,750 ML,750,80.0,,,Mexico,Bottle,1,6,27.95,167.7,1.1,2.0,Regular,R,False,False,False
2026-08-01,8351B,99900835175,ROTHMAN & WINTER CREME DE VIOLETTE,CORDIALS,750 ML,750,40.0,,,,Bottle,1,12,27.95,335.4,1.1,0.0,Regular,R,False,False,False
2026-08-01,8354B,99900835475,CRUZAN COCONUT FLAVORED V.I. RUM,RUM,750 ML,750,55.0,,,U.S Virgin Islands,Bottle,1,12,11.95,143.4,0.47,-2.0,Regular,R,False,False,False
2026-08-01,8355B,99900835575,CRUZAN PINEAPPLE FLAVORED V.I. RUM,RUM,750 ML,750,55.0,,,U.S Virgin Islands,Bottle,1,12,11.95,143.4,0.47,-2.0,Regular,R,False,False,False
2026-08-01,8374B,99900837475,NONINO QUINTESSENTIA AMARO LIQUEUR,CORDIALS,750 ML,750,70.0,,,Italy,Bottle,1,6,59.95,359.7,2.36,0.0,Regular,R,False,False,False
2026-08-01,8379B,99900837975,MARTELL CORDON BLEU,BRANDY / COGNAC,750 ML,750,80.0,,,,Bottle,1,12,199.95,2399.4,7.87,0.0,Limited Listing,L,False,False,False
2026-08-01,8389B,99900838975,DULCE VIDA BLANCO TEQUILA 80 PROOF,TEQUILA,750 ML,750,83.0,,,Mexico,Bottle,1,12,25.95,311.4,1.02,0.0,Limited Listing,L,False,False,False
2026-08-01,8391B,99900839175,HPNOTIQ  VODKA & COGNAC LIQUEUR PET,CORDIALS,750 ML,750,34.0,,,France,Bottle,1,6,24.95,149.7,0.98,3.0,Regular,R,False,False,False
2026-08-01,8391E,99900839137,HPNOTIQ  VODKA & COGNAC LIQUEUR PET,CORDIALS,375 ML,375,34.0,,,France,Bottle,1,12,11.95,143.4,0.94,-1.0,Limited Listing,L,False,False,False
2026-08-01,8397B,99900839775,"CASA NOBLE ANEJO ""EXTRA AGED"" TEQUILA",TEQUILA,750 ML,750,80.0,5 YRS,60,Mexico,Bottle,1,6,59.95,359.7,2.36,5.0,Regular,R,False,False,False
2026-08-01,8400B,99900840075,DON JULIO REPOSADO TEQUILA GOLD,TEQUILA,750 ML,750,80.0,,,Mexico,Bottle,1,6,54.95,329.7,2.16,0.0,Regular,R,False,False,False
2026-08-01,8400E,99900840037,DON JULIO REPOSADO TEQUILA GOLD,TEQUILA,375 ML,375,80.0,,,Mexico,Bottle,1,12,28.95,347.4,2.28,0.0,Regular,R,False,False,False
2026-08-01,8400F,99900840005,DON JULIO REPOSADO TEQUILA GOLD,TEQUILA,50 ML,50,80.0,,,Mexico,Bottle,1,60,6.0,360.0,3.53,0.0,Limited Listing,L,False,False,False
2026-08-01,8405B,99900840575,TOMATIN SINGLE MALT 12 YR,SCOTCH,750 ML,750,86.0,12 YRS,144,Scotland,Bottle,1,6,46.95,281.7,1.85,0.0,Regular,R,False,False,False
2026-08-01,8407B,99900840775,DULCE VIDA REPOSADO TEQUILA,TEQUILA,750 ML,750,80.0,,,Mexico,Bottle,1,12,29.95,359.4,1.18,0.0,Trial Listing,T,False,False,False
2026-08-01,8412B,99900841275,BENCHMARK SOUR MASH 80 PROOF,DOMESTIC WHISKEY,750 ML,750,80.0,,,United States,Bottle,1,12,9.95,119.4,0.39,-4.0,Regular,R,False,False,False
2026-08-01,8412H,99900841217,BENCHMARK SOUR MASH 80 PROOF,DOMESTIC WHISKEY,1.75 L,1750,80.0,,,United States,Bottle,1,6,25.95,155.7,0.44,2.0,Regular,R,False,False,False
2026-08-01,8413B,99900841375,CORAZON DE AGAVE BLANCO WHITE TEQUILA,TEQUILA,750 ML,750,80.0,,,Mexico,Bottle,1,6,24.95,149.7,0.98,2.0,Regular,R,False,False,False
2026-08-01,8413E,99900841337,CORAZON DE AGAVE BLANCO WHITE TEQUILA,TEQUILA,375 ML,375,80.0,,,Mexico,Bottle,1,12,11.95,143.4,0.94,0.0,Trial Listing,T,False,False,False
2026-08-01,8413H,99900841317,CORAZON DE AGAVE BLANCO WHITE TEQUILA,TEQUILA,1.75 L,1750,80.0,,,Mexico,Bottle,1,6,37.95,227.7,0.64,-2.0,Limited Listing,L,False,False,False
2026-08-01,8414B,99900841475,CORAZON DE AGAVE REPOSADO GOLD TEQUILA,TEQUILA,750 ML,750,80.0,,,Mexico,Bottle,1,6,24.95,149.7,0.98,2.0,Regular,R,False,False,False
2026-08-01,8414E,99900841437,CORAZON DE AGAVE REPOSADO GOLD TEQUILA,TEQUILA,375 ML,375,80.0,,,Mexico,Bottle,1,12,11.95,143.4,0.94,0.0,Trial Listing,T,False,False,False
2026-08-01,8424B,99900842475,TYRCONNELL SINGLE MALT,IRISH,750 ML,750,86.0,17 YRS,204,Republic of Ireland,Bottle,1,6,36.95,221.7,1.45,0.0,Regular,R,False,False,False
2026-08-01,8428B,99900842875,PAUL MASSON GRAND AMBER VSOP,BRANDY / COGNAC,750 ML,750,80.0,,,,Bottle,1,12,9.95,119.4,0.39,0.0,Regular,R,False,False,False
2026-08-01,8430B,99900843075,99 BLACKBERRIES SCHNAPPS,CORDIALS,750 ML,750,99.0,,,United States,Bottle,1,12,13.95,167.4,0.55,3.0,Regular,R,False,False,False
2026-08-01,8438B,99900843875,KNOB CREEK 12 YEAR,DOMESTIC WHISKEY,750 ML,750,100.0,,,United States,Bottle,1,6,69.95,419.7,2.75,0.0,Seasonal,B,False,False,False
2026-08-01,8446B,99900844675,MYERS PLATINUM WHITE,RUM,750 ML,750,80.0,,,,Bottle,1,12,15.95,191.4,0.63,0.0,Regular,R,False,False,False
2026-08-01,8452B,99900845275,PLYMOUTH GIN,GIN,750 ML,750,82.4,,,,Bottle,1,6,34.95,209.7,1.38,-2.0,Regular,R,False,False,False
2026-08-01,8458B,99900845875,PASSOA PASSION FRUIT LIQUEUR,CORDIALS,750 ML,750,20.0,,,,Bottle,1,12,19.95,239.4,0.79,0.0,Limited Listing,L,False,False,False
2026-08-01,8459B,99900845975,SVEDKA CLEMENTINE FLAVORED VODKA,VODKA,750 ML,750,70.0,,,Sweden,Bottle,1,12,10.95,131.4,0.43,0.0,Trial Listing,T,False,False,False
2026-08-01,8469I,99900846970,GLENDRONACH 15 YEAR SINGLE MALT SCOTCH,SCOTCH,700 ML,700,92.0,15 YRS,180,Scotland,Bottle,1,6,114.95,689.7,4.85,0.0,Seasonal,B,False,False,False
2026-08-01,8476I,99900847670,TEQUILA SIETE LEGUAS REPOSADO,TEQUILA,700 ML,700,80.0,,,Mexico,Bottle,1,6,54.95,329.7,2.32,0.0,Limited Listing,L,False,False,False
2026-08-01,8477B,99900847775,LUCID ABSINTHE SUPERIEURE,CORDIALS,750 ML,750,124.0,,,United States,Bottle,1,6,64.95,389.7,2.56,5.0,Limited Listing,L,True,False,False
2026-08-01,8477E,99900847737,LUCID ABSINTHE SUPERIEURE,CORDIALS,375 ML,375,124.0,,,United States,Bottle,1,12,34.95,419.4,2.75,0.0,Limited Listing,L,True,False,False
2026-08-01,8488A,99900848810,TITO HANDMADE TEXAS VODKA,VODKA,LITER,1000,80.0,,,,Bottle,1,12,27.95,335.4,0.83,-2.0,Regular,R,False,False,False
2026-08-01,8488B,99900848875,TITO HANDMADE TEXAS VODKA,VODKA,750 ML,750,80.0,,,,Bottle,1,12,24.95,299.4,0.98,5.0,Regular,R,False,False,False
2026-08-01,8488D,99900848820,TITO HANDMADE TEXAS VODKA,VODKA,200 ML,200,80.0,,,,Bottle,1,24,6.95,166.8,1.02,0.0,Regular,R,False,False,False
2026-08-01,8488E,99900848837,TITO HANDMADE TEXAS VODKA,VODKA,375 ML,375,80.0,,,,Bottle,1,12,12.95,155.4,1.02,0.0,Regular,R,False,False,False
2026-08-01,8488F,99900848805,TITO HANDMADE TEXAS VODKA,VODKA,50 ML,50,80.0,,,,Bottle,1,60,2.5,150.0,1.47,0.0,Regular,R,False,False,False
2026-08-01,8488H,99900848817,TITO HANDMADE TEXAS VODKA,VODKA,1.75 L,1750,80.0,,,,Bottle,1,6,46.95,281.7,0.79,0.0,Regular,R,False,False,False
2026-08-01,8489B,99900848975,EFFEN DUTCH VODKA,VODKA,750 ML,750,80.0,,,,Bottle,1,6,24.95,149.7,0.98,5.0,Regular,R,False,False,False
2026-08-01,8489H,99900848917,EFFEN DUTCH VODKA,VODKA,1.75 L,1750,80.0,,,,Bottle,1,6,39.95,239.7,0.67,5.0,Regular,R,False,False,False
2026-08-01,8492I,99900849270,TEQUILA SIETE LEGUAS ANEJO,TEQUILA,700 ML,700,80.0,,,Mexico,Bottle,1,6,64.95,389.7,2.74,0.0,Limited Listing,L,False,False,False
2026-08-01,8499B,99900849975,DON Q GOLD RUM,RUM,750 ML,750,80.0,,,,Bottle,1,12,15.95,191.4,0.63,0.0,Trial Listing,T,False,False,False
2026-08-01,8500B,99900850075,DON Q CRISTAL RUM,RUM,750 ML,750,80.0,,,,Bottle,1,12,15.95,191.4,0.63,0.0,Regular,R,False,False,False
2026-08-01,8502B,99900850275,1800 CRISTALINO,TEQUILA,750 ML,750,80.0,,,Mexico,Bottle,1,6,56.95,341.7,2.24,-3.0,Regular,R,False,False,False
2026-08-01,8506A,99900850610,FIREBALL CINNAMON WHISKEY,CANADIAN,LITER,1000,66.0,,,Canada,Bottle,1,12,16.95,203.4,0.5,0.0,Regular,R,False,False,False
2026-08-01,8506B,99900850675,FIREBALL CINNAMON WHISKEY,CANADIAN,750 ML,750,66.0,,,Canada,Bottle,1,12,15.95,191.4,0.63,2.0,Regular,R,False,False,False
2026-08-01,8506D,99900850620,FIREBALL CINNAMON WHISKEY,CANADIAN,200 ML,200,66.0,,,Canada,Bottle,1,48,3.95,189.6,0.58,0.0,Regular,R,False,False,False
2026-08-01,8506E,99900850637,FIREBALL CINNAMON WHISKEY,CANADIAN,375 ML,375,66.0,,,Canada,Bottle,1,24,6.95,166.8,0.55,0.0,Regular,R,False,False,False
2026-08-01,8506F,99900850605,FIREBALL CINNAMON WHISKEY,CANADIAN,50 ML,50,66.0,,,Canada,Bottle,1,60,1.5,90.0,0.88,0.0,Regular,R,False,False,False
2026-08-01,8506H,99900850617,FIREBALL CINNAMON WHISKEY,CANADIAN,1.75 L,1750,66.0,,,Canada,Bottle,1,6,25.95,155.7,0.44,2.0,Regular,R,False,False,False
2026-08-01,8510B,99900851075,GOZIO AMARETTO ALMOND ITALIAN LIQUEUR,CORDIALS,750 ML,750,48.0,,,,Bottle,1,6,32.95,197.7,1.3,0.0,Limited Listing,L,False,False,False
2026-08-01,8511B,99900851175,DRY FLY WHEAT WHISKEY,DOMESTIC WHISKEY,750 ML,750,80.0,,,United States,Bottle,1,6,29.95,179.7,1.18,0.0,Limited Listing,L,False,False,False
2026-08-01,8535B,99900853575,RITTENHOUSE,DOMESTIC WHISKEY,750 ML,750,100.0,,,United States,Bottle,1,12,24.95,299.4,0.98,0.0,Seasonal,B,False,False,False
2026-08-01,8543B,99900854375,FLOR DE CANA GOLD DARK,RUM,750 ML,750,80.0,4 YRS,48,,Bottle,1,12,20.95,251.4,0.82,0.0,Regular,R,False,False,False
2026-08-01,8544B,99900854475,DOMAINE DE CANTON FRENCH GINGER W/COGNAC,CORDIALS,750 ML,750,56.0,,,France,Bottle,1,6,30.95,185.7,1.22,0.0,Regular,R,False,False,False
2026-08-01,8551I,99900855170,GLENDRONACH SINGLE MALT 18 YEAR OLD,SCOTCH,700 ML,700,92.0,18 YRS,216,Scotland,Bottle,1,6,284.95,1709.7,12.02,0.0,Seasonal,B,False,False,False
2026-08-01,8557B,99900855775,21 SEEDS CUCUMBER JALAPENO TEQUILA,TEQUILA,750 ML,750,70.0,,,Mexico,Bottle,1,6,34.95,209.7,1.38,3.0,Limited Listing,L,False,False,False
2026-08-01,8558B,99900855875,21 SEEDS GRAPEFRUIT HIBISCUS,TEQUILA,750 ML,750,70.0,,,Mexico,Bottle,1,6,34.95,209.7,1.38,3.0,Limited Listing,L,False,False,False
2026-08-01,8559B,99900855975,DI AMORE RASPBERRY,CORDIALS,750 ML,750,33.0,,,,Bottle,1,12,12.95,155.4,0.51,1.0,Regular,R,False,False,False
2026-08-01,8565B,99900856575,21 SEEDS VALENCIA ORANGE TEQUILA,TEQUILA,750 ML,750,70.0,,,Mexico,Bottle,1,6,34.95,209.7,1.38,3.0,Regular,R,False,False,False
2026-08-01,8571B,99900857175,EL TESORO DE DON FELIPE REPOSADO,TEQUILA,750 ML,750,80.0,,,Mexico,Bottle,1,6,59.95,359.7,2.36,-10.0,Regular,R,False,False,False
2026-08-01,8573B,99900857375,HENRY MCKENNA SINGLE BARREL,DOMESTIC WHISKEY,750 ML,750,100.0,10 YRS,120,United States,Bottle,1,6,64.95,389.7,2.56,0.0,Seasonal,B,False,False,False
2026-08-01,8578B,99900857875,44 DEGREES NORTH HUCKLEBERRY FLAVORED VD,VODKA,750 ML,750,70.0,,,United States,Bottle,1,12,26.95,323.4,1.06,0.0,Regular,R,True,False,False
2026-08-01,8578H,99900857817,44 DEGREES NORTH HUCKLEBERRY FLAVORED VD,VODKA,1.75 L,1750,70.0,,,United States,Bottle,1,6,49.95,299.7,0.84,0.0,Limited Listing,L,True,False,False
2026-08-01,8579B,99900857975,99 PEACHES SCHNAPPS,CORDIALS,750 ML,750,99.0,,,United States,Bottle,1,12,13.95,167.4,0.55,3.0,Regular,R,False,False,False
2026-08-01,8591B,99900859175,DON JULIO 1942 GOLD TEQUILA,TEQUILA,750 ML,750,80.0,,,Mexico,Bottle,1,6,169.95,1019.7,6.69,0.0,Seasonal,B,False,False,False
2026-08-01,8591E,99900859137,DON JULIO 1942 GOLD TEQUILA,TEQUILA,375 ML,375,80.0,,,Mexico,Bottle,1,12,89.95,1079.4,7.08,0.0,Limited Listing,L,False,False,False
2026-08-01,8591F,99900859105,DON JULIO 1942 GOLD TEQUILA,TEQUILA,50 ML,50,80.0,,,Mexico,Bottle,1,60,13.0,780.0,7.65,0.0,Regular,R,False,False,False
2026-08-01,8591H,99900859117,DON JULIO 1942 GOLD TEQUILA,TEQUILA,1.75 L,1750,80.0,,,Mexico,Bottle,1,4,349.95,1399.8,5.91,0.0,Seasonal,B,False,False,False
2026-08-01,8592B,99900859275,CARAVELLA LIMONCELLO LEMON LIQUEUR,CORDIALS,750 ML,750,64.0,,,,Bottle,1,6,22.95,137.7,0.9,2.0,Regular,R,False,False,False
2026-08-01,8600B,99900860075,VELVET FALERNUM,CORDIALS,750 ML,750,22.0,,,United States,Bottle,1,12,22.95,275.4,0.9,0.0,Limited Listing,L,True,False,False
2026-08-01,8601B,99900860175,JOHNNY DRUM 15 YR PRIVATE STOCK BOURBON,DOMESTIC WHISKEY,750 ML,750,101.0,,,United States,Bottle,1,6,54.95,329.7,2.16,0.0,Trial Listing,T,False,False,False
2026-08-01,8614A,99900861410,CYNAR APERITIF,COCKTAILS,LITER,1000,33.0,,,Italy,Bottle,1,12,34.95,419.4,1.03,5.0,Regular,R,False,False,False
2026-08-01,8618B,99900861875,FORTY CREEK BARREL SELECT CANADIAN,CANADIAN,750 ML,750,80.0,,,Canada,Bottle,1,12,24.95,299.4,0.98,0.0,Regular,R,False,False,False
2026-08-01,8618H,99900861817,FORTY CREEK BARREL SELECT CANADIAN,CANADIAN,1.75 L,1750,80.0,,,Canada,Bottle,1,6,39.95,239.7,0.67,0.0,Regular,R,False,False,False
2026-08-01,8621B,99900862175,GRAN CENTENARIO PLATA WHITE TEQUILA,TEQUILA,750 ML,750,80.0,,,Mexico,Bottle,1,12,29.95,359.4,1.18,0.0,Regular,R,False,False,False
2026-08-01,8621H,99900862117,GRAN CENTENARIO PLATA WHITE TEQUILA,TEQUILA,1.75 L,1750,80.0,,,Mexico,Bottle,1,6,57.95,347.7,0.98,3.0,Limited Listing,L,False,False,False
2026-08-01,8629B,99900862975,AVERNA AMARO SICILIANO HERB LIQUEUR,CORDIALS,750 ML,750,58.0,,,,Bottle,1,6,39.95,239.7,1.57,0.0,Regular,R,False,False,False
2026-08-01,8632B,99900863275,GRAN CENTENARIO REPOSADO GOLD TEQUILA,TEQUILA,750 ML,750,80.0,,,Mexico,Bottle,1,12,33.95,407.4,1.34,0.0,Regular,R,False,False,False
2026-08-01,8632H,99900863217,GRAN CENTENARIO REPOSADO GOLD TEQUILA,TEQUILA,1.75 L,1750,80.0,,,Mexico,Bottle,1,6,59.95,359.7,1.01,0.0,Regular,R,False,False,False
2026-08-01,8633H,99900863317,JOHN BARR BLACK,SCOTCH,1.75 L,1750,86.0,,,Scotland,Bottle,1,6,39.95,239.7,0.67,5.0,Limited Listing,L,False,False,False
2026-08-01,8636B,99900863675,EVAN WILLIAMS WHITE LABEL,DOMESTIC WHISKEY,750 ML,750,100.0,4 YRS,48,United States,Bottle,1,12,19.95,239.4,0.79,0.0,Regular,R,False,False,False
2026-08-01,8636E,99900863637,EVAN WILLIAMS WHITE LABEL,DOMESTIC WHISKEY,375 ML,375,100.0,4 YRS,48,United States,Bottle,1,24,10.95,262.8,0.86,0.0,Trial Listing,T,False,False,False
2026-08-01,8636H,99900863617,EVAN WILLIAMS WHITE LABEL,DOMESTIC WHISKEY,1.75 L,1750,100.0,4 YRS,48,United States,Bottle,1,6,37.95,227.7,0.64,3.0,Regular,R,False,False,False
2026-08-01,8639B,99900863975,LAGAVULIN DISTILLERS EDITION 15Y SGL MLT,SCOTCH,750 ML,750,86.0,15 YRS,180,Scotland,Bottle,1,6,109.95,659.7,4.33,0.0,Seasonal,B,False,False,False
2026-08-01,8646B,99900864675,FLOR DE CANA GRAND RESERVE DARK 7 YEARS,RUM,750 ML,750,80.0,7 YRS,84,,Bottle,1,12,28.95,347.4,1.14,0.0,Regular,R,False,False,False
2026-08-01,8650B,99900865075,CRUZAN BLACKSTRAP RUM,RUM,750 ML,750,80.0,,,U.S Virgin Islands,Bottle,1,6,16.95,101.7,0.67,0.0,Regular,R,False,False,False
2026-08-01,8653B,99900865375,CORUBA DARK,RUM,750 ML,750,80.0,,,,Bottle,1,12,17.95,215.4,0.71,0.0,Limited Listing,L,False,False,False
2026-08-01,8657B,99900865775,NOAH'S MILL SMALL BATCH BOURBON,DOMESTIC WHISKEY,750 ML,750,114.3,,,United States,Bottle,1,6,76.95,461.7,3.03,0.0,Regular,R,False,False,False
2026-08-01,8664I,99900866470,CHARTREUSE YELLOW,CORDIALS,700 ML,700,80.0,,,France,Bottle,1,6,71.9,431.4,3.03,0.0,Regular,R,False,True,False
2026-08-01,8665B,99900866575,OBAN MALT DISTILLERS EDITION 14 YEAR,SCOTCH,750 ML,750,86.0,14 YRS,168,Scotland,Bottle,1,6,104.95,629.7,4.13,0.0,Seasonal,B,False,False,False
2026-08-01,8674B,99900867475,BUCHANANS RED SEAL 21 YEAR SCOTCH WHISKY,SCOTCH,750 ML,750,80.0,21 YRS,252,Scotland,Bottle,1,6,169.95,1019.7,6.69,0.0,Limited Listing,L,False,False,False
2026-08-01,8693B,99900869375,DRY FLY GIN,GIN,750 ML,750,80.0,,,United States,Bottle,1,6,21.95,131.7,0.86,0.0,Limited Listing,L,False,False,False
2026-08-01,8705B,99900870575,EFFEN BLACK CHERRY/VANILLA FLAVORED VDKA,VODKA,750 ML,750,70.0,,,,Bottle,1,6,24.95,149.7,0.98,5.0,Regular,R,False,False,False
2026-08-01,8718B,99900871875,REMY MARTIN 1738 ACCORD ROYAL COGNAC,BRANDY / COGNAC,750 ML,750,80.0,,,France,Bottle,1,12,59.95,719.4,2.36,0.0,Regular,R,False,False,False
2026-08-01,8718E,99900871837,REMY MARTIN 1738 ACCORD ROYAL COGNAC,BRANDY / COGNAC,375 ML,375,80.0,,,France,Bottle,1,12,29.95,359.4,2.36,0.0,Limited Listing,L,False,False,False
2026-08-01,8720B,99900872075,JOHNNIE WALKER PURE MALT GREEN,SCOTCH,750 ML,750,86.0,15 YRS,180,Scotland,Bottle,1,6,64.95,389.7,2.56,0.0,Regular,R,False,False,False
2026-08-01,8722B,99900872275,WELLER 107 ANTIQUE,DOMESTIC WHISKEY,750 ML,750,107.0,7 YRS,84,United States,Bottle,1,12,58.95,707.4,2.32,0.0,Seasonal,B,False,False,False
2026-08-01,8724B,99900872475,JAMESON 18 YEAR OLD IRISH WHISKEY,IRISH,750 ML,750,80.0,18 YRS,216,Republic of Ireland,Bottle,1,3,199.95,599.85,7.87,0.0,Seasonal,B,False,False,False
2026-08-01,8727B,99900872775,DON RAMON WHITE REPOSADO TEQUILA,TEQUILA,750 ML,750,80.0,,,Mexico,Bottle,1,6,33.95,203.7,1.34,0.0,Regular,R,False,False,False
2026-08-01,8729A,99900872910,BULLEIT STRAIGHT BOURBON 90 PROOF,DOMESTIC WHISKEY,LITER,1000,90.0,,,United States,Bottle,1,12,33.95,407.4,1.0,2.0,Regular,R,False,False,False
2026-08-01,8729B,99900872975,BULLEIT STRAIGHT BOURBON 90 PROOF,DOMESTIC WHISKEY,750 ML,750,90.0,,,United States,Bottle,1,12,31.95,383.4,1.26,3.0,Regular,R,False,False,False
2026-08-01,8729D,99900872920,BULLEIT STRAIGHT BOURBON 90 PROOF,DOMESTIC WHISKEY,200 ML,200,90.0,,,United States,Bottle,1,48,9.95,477.6,1.46,0.0,Regular,R,False,False,False
2026-08-01,8729E,99900872937,BULLEIT STRAIGHT BOURBON 90 PROOF,DOMESTIC WHISKEY,375 ML,375,90.0,,,United States,Bottle,1,12,14.95,179.4,1.18,0.0,Regular,R,False,False,False
2026-08-01,8729F,99900872905,BULLEIT STRAIGHT BOURBON 90 PROOF,DOMESTIC WHISKEY,50 ML,50,90.0,,,United States,Bottle,1,120,4.0,480.0,2.35,0.0,Regular,R,False,False,False
2026-08-01,8729H,99900872917,BULLEIT STRAIGHT BOURBON 90 PROOF,DOMESTIC WHISKEY,1.75 L,1750,90.0,,,United States,Bottle,1,6,54.95,329.7,0.93,-5.0,Regular,R,False,False,False
2026-08-01,8735B,99900873575,DI AMORE SAMBUCA,CORDIALS,750 ML,750,84.0,,,,Bottle,1,12,12.95,155.4,0.51,1.0,Regular,R,False,False,False
2026-08-01,8738B,99900873875,HIGHLAND PARK MALT SCOTCH WHISKEY 18YEAR,SCOTCH,750 ML,750,86.0,18 YRS,216,Scotland,Bottle,1,6,174.95,1049.7,6.89,0.0,Limited Listing,L,False,False,False
2026-08-01,8740B,99900874075,MARTELL XO EXTRA FINE,BRANDY / COGNAC,750 ML,750,80.0,,,,Bottle,1,12,229.95,2759.4,9.05,0.0,Seasonal,B,False,False,False
2026-08-01,8748I,99900874870,MIDLETON VERY RARE VINTAGE RELEASE,IRISH,700 ML,700,80.0,,,Republic of Ireland,Bottle,1,3,299.95,899.85,12.66,0.0,Limited Listing,L,False,False,False
2026-08-01,8749B,99900874975,THREE OLIVES RASPBERRY VODKA (ENGLAND),VODKA,750 ML,750,70.0,,,England,Bottle,1,12,14.95,179.4,0.59,2.0,Limited Listing,L,False,False,False
2026-08-01,8750B,99900875075,DON RAMON SILVER,TEQUILA,750 ML,750,80.0,,,Mexico,Bottle,1,6,29.95,179.7,1.18,0.0,Regular,R,False,False,False
2026-08-01,8760B,99900876075,FOUR ROSES SMALL BATCH KENTUCKY BOURBON,DOMESTIC WHISKEY,750 ML,750,90.0,,,United States,Bottle,1,6,36.95,221.7,1.45,0.0,Regular,R,False,False,False
2026-08-01,8760E,99900876037,FOUR ROSES SMALL BATCH KENTUCKY BOURBON,DOMESTIC WHISKEY,375 ML,375,90.0,,,United States,Bottle,1,12,19.0,228.0,1.5,0.0,Trial Listing,T,False,False,False
2026-08-01,8760F,99900876005,FOUR ROSES SMALL BATCH KENTUCKY BOURBON,DOMESTIC WHISKEY,50 ML,50,90.0,,,United States,Bottle,1,60,3.0,180.0,1.76,0.0,One Time Buy,O,False,False,False
2026-08-01,8772I,99900877270,CAPEL PISCO RESERVADO DISTLLD SPT SPCLTY,BRANDY / COGNAC,700 ML,700,80.0,,,,Bottle,1,12,18.95,227.4,0.8,0.0,Regular,R,False,False,False
2026-08-01,8774B,99900877475,FOUR ROSES SINGLE BARREL KENTUCKY BOURBN,DOMESTIC WHISKEY,750 ML,750,100.0,,,United States,Bottle,1,6,44.95,269.7,1.77,-5.0,Regular,R,False,False,True
2026-08-01,8808E,99900880837,ROGUE  VODKA ICED TEA LEMONADE 4-PK CANS,COCKTAILS,355 ML,355,15.0,,,United States,Multi-Pack Can,4,6,4.95,29.7,0.39,0.0,Regular,R,True,False,False
2026-08-01,8818B,99900881875,EWING YOUNG CASK STRENGTH BOURBON WHISKEY,DOMESTIC WHISKEY,750 ML,750,114.8,,,United States,Bottle,1,6,69.95,419.7,2.75,0.0,Limited Listing,L,True,False,False
2026-08-01,8825B,99900882575,MARCOTTE DISTILLING CO. REM'S ROCKIN RASPBERRY,CORDIALS,750 ML,750,50.0,,,United States,Bottle,1,12,26.0,312.0,1.02,0.0,Trial Listing,T,True,False,False
2026-08-01,8839B,99900883975,FOUR ROSES BOURBON,DOMESTIC WHISKEY,750 ML,750,80.0,,,United States,Bottle,1,12,26.95,323.4,1.06,0.0,Regular,R,False,False,False
2026-08-01,8839H,99900883917,FOUR ROSES BOURBON,DOMESTIC WHISKEY,1.75 L,1750,80.0,,,United States,Bottle,1,6,49.95,299.7,0.84,7.0,Regular,R,False,False,False
2026-08-01,8846B,99900884675,ST ELIZABETH ALLSPICE DRAM,CORDIALS,750 ML,750,45.0,,,,Bottle,1,12,34.95,419.4,1.38,0.0,Limited Listing,L,False,False,False
2026-08-01,8855B,99900885575,WOODINVILLE PORT FINISHED BOURBON,DOMESTIC WHISKEY,750 ML,750,90.0,,,United States,Bottle,1,6,39.95,239.7,1.57,0.0,Seasonal,B,False,False,False
2026-08-01,8857B,99900885775,MEDOYEFF VODKA,VODKA,750 ML,750,80.0,,,United States,Bottle,1,12,16.95,203.4,0.67,0.0,Regular,R,True,False,False
2026-08-01,8874B,99900887475,CRUZAN DARK ESTATE RUM,RUM,750 ML,750,80.0,,,U.S Virgin Islands,Bottle,1,12,11.95,143.4,0.47,-2.0,Regular,R,False,False,False
2026-08-01,8874H,99900887417,CRUZAN DARK ESTATE RUM,RUM,1.75 L,1750,80.0,,,U.S Virgin Islands,Bottle,1,6,24.95,149.7,0.42,5.0,Regular,R,False,False,False
2026-08-01,8876B,99900887675,CRUZAN WHITE RUM,RUM,750 ML,750,80.0,2 YRS,24,U.S Virgin Islands,Bottle,1,12,11.95,143.4,0.47,-2.0,Regular,R,False,False,False
2026-08-01,8876H,99900887617,CRUZAN WHITE RUM,RUM,1.75 L,1750,80.0,2 YRS,24,U.S Virgin Islands,Bottle,1,6,24.95,149.7,0.42,5.0,Regular,R,False,False,False
2026-08-01,8890I,99900889070,KILBEGGAN (BOTTLED FOREIGN),IRISH,700 ML,700,80.0,,,Republic of Ireland,Bottle,1,6,24.95,149.7,1.05,5.0,Regular,R,False,False,False
2026-08-01,8896B,99900889675,CLYNELISH SINGLE MALT 14 YEARS OLD,SCOTCH,750 ML,750,92.0,14 YRS,168,Scotland,Bottle,1,6,67.95,407.7,2.68,0.0,Limited Listing,L,False,False,False
2026-08-01,8899B,99900889975,CAOL ILA SINGLE MALT 12 YEARS OLD,SCOTCH,750 ML,750,86.0,12 YRS,144,Scotland,Bottle,1,6,76.95,461.7,3.03,0.0,Regular,R,False,False,False
2026-08-01,8903B,99900890375,WILLETT POT STILL RESERVE WHISKEY,DOMESTIC WHISKEY,750 ML,750,94.0,,,United States,Bottle,1,6,62.95,377.7,2.48,0.0,Regular,R,False,False,False
2026-08-01,8903F,99900890305,WILLETT POT STILL RESERVE WHISKEY,DOMESTIC WHISKEY,50 ML,50,94.0,,,United States,Bottle,1,60,10.0,600.0,5.88,0.0,Limited Listing,L,False,False,False
2026-08-01,8903H,99900890317,WILLETT POT STILL RESERVE WHISKEY,DOMESTIC WHISKEY,1.75 L,1750,94.0,,,United States,Bottle,1,3,126.95,380.85,2.14,0.0,Limited Listing,L,False,False,False
2026-08-01,8905B,99900890575,"MARASKA ""MARASCHINO"" CHERRY LIQUEUR",CORDIALS,750 ML,750,64.0,,,,Bottle,1,6,27.95,167.7,1.1,0.0,Limited Listing,L,False,False,False
2026-08-01,8907B,99900890775,JIM BEAM STRAIGHT RYE,DOMESTIC WHISKEY,750 ML,750,80.0,4 YRS,48,United States,Bottle,1,12,16.95,203.4,0.67,-1.0,Regular,R,False,False,False
2026-08-01,8907H,99900890717,JIM BEAM STRAIGHT RYE,DOMESTIC WHISKEY,1.75 L,1750,80.0,4 YRS,48,United States,Bottle,1,6,39.95,239.7,0.67,5.0,Regular,R,False,False,False
2026-08-01,8935B,99900893575,ELIJAH CRAIG 18 YEAR SINGLE BARREL BOURBON,DOMESTIC WHISKEY,750 ML,750,90.0,18 YRS,216,United States,Bottle,1,3,172.95,518.85,6.81,0.0,Seasonal,B,False,False,False
2026-08-01,8947B,99900894775,GOSLING BLACK SEAL 151 PROOF,RUM,750 ML,750,151.0,,,,Bottle,1,12,24.95,299.4,0.98,0.0,Limited Listing,L,False,False,False
2026-08-01,8954B,99900895475,WELLER SPECIAL RESERVE BOURBON,DOMESTIC WHISKEY,750 ML,750,90.0,7 YRS,84,United States,Bottle,1,12,29.95,359.4,1.18,0.0,Seasonal,B,False,False,False
2026-08-01,8980B,99900898075,BAK'S ZUBROWKA BISON GRASS FLAVORED VDKA,VODKA,750 ML,750,80.0,,,,Bottle,1,6,21.95,131.7,0.86,0.0,Regular,R,False,False,False
2026-08-01,9002B,99900900275,TEREMANA REPOSADO TEQUILA,TEQUILA,750 ML,750,80.0,,,Mexico,Bottle,1,6,34.95,209.7,1.38,3.0,Regular,R,False,False,False
2026-08-01,9002E,99900900237,TEREMANA REPOSADO TEQUILA,TEQUILA,375 ML,375,80.0,,,Mexico,Bottle,1,12,18.95,227.4,1.49,0.0,Limited Listing,L,False,False,False
2026-08-01,9002F,99900900205,TEREMANA REPOSADO TEQUILA,TEQUILA,50 ML,50,80.0,,,Mexico,Bottle,1,60,5.0,300.0,2.94,0.0,Trial Listing,T,False,False,False
2026-08-01,9002H,99900900217,TEREMANA REPOSADO TEQUILA,TEQUILA,1.75 L,1750,80.0,,,Mexico,Bottle,1,6,64.95,389.7,1.1,-5.0,Limited Listing,L,False,False,False
2026-08-01,9003B,99900900375,TEREMANA BLANCO TEQUILA,TEQUILA,750 ML,750,80.0,,,Mexico,Bottle,1,6,31.95,191.7,1.26,3.0,Regular,R,False,False,False
2026-08-01,9003E,99900900337,TEREMANA BLANCO TEQUILA,TEQUILA,375 ML,375,80.0,,,Mexico,Bottle,1,12,16.95,203.4,1.33,0.0,Regular,R,False,False,False
2026-08-01,9003F,99900900305,TEREMANA BLANCO TEQUILA,TEQUILA,50 ML,50,80.0,,,Mexico,Bottle,1,60,4.0,240.0,2.35,0.0,Trial Listing,T,False,False,False
2026-08-01,9003H,99900900317,TEREMANA BLANCO TEQUILA,TEQUILA,1.75 L,1750,80.0,,,Mexico,Bottle,1,6,59.95,359.7,1.01,-5.0,Limited Listing,L,False,False,False
2026-08-01,9004B,99900900475,ABERLOUR A'BUNADH ALBA,SCOTCH,750 ML,750,117.4,,,Scotland,Bottle,1,6,99.95,599.7,3.94,0.0,Seasonal,B,False,False,False
2026-08-01,9005E,99900900537,503 DISTILLING LA VIDA MOCHA (4-PK),COCKTAILS,355 ML,355,24.0,,,United States,Multi-Pack Can,4,6,16.95,101.7,1.33,0.0,Regular,R,True,False,False
2026-08-01,9006B,99900900675,WHISTLEPIG 6 YEAR PIGGYBACK RYE,OTHER IMPORTED WHISKY,750 ML,750,96.6,6 YRS,72,,Bottle,1,6,44.95,269.7,1.77,0.0,Regular,R,False,False,False
2026-08-01,9011E,99900901137,503 DISTILLING FIVE-O-TEA (4-PK),COCKTAILS,355 ML,355,20.0,,,United States,Multi-Pack Can,4,6,14.95,89.7,1.18,0.0,Regular,R,True,False,False
2026-08-01,9012E,99900901237,503 DISTILLING THE WICKED MULE (4-PK),COCKTAILS,355 ML,355,30.0,,,United States,Multi-Pack Can,4,6,14.95,89.7,1.18,0.0,Regular,R,True,False,False
2026-08-01,9013E,99900901337,503 DISTILLING THE BLOOD ORANGE GREYHOUND (4-PK),COCKTAILS,355 ML,355,18.0,,,United States,Multi-Pack Can,4,6,14.95,89.7,1.18,0.0,Regular,R,True,False,False
2026-08-01,9020B,99900902075,MIDNIGHT MOON WATERMELON,DOMESTIC WHISKEY,750 ML,750,70.0,,,United States,Bottle,1,6,19.95,119.7,0.79,0.0,One Time Buy,O,False,False,False
2026-08-01,9020F,99900902005,MIDNIGHT MOON WATERMELON,DOMESTIC WHISKEY,50 ML,50,70.0,,,United States,Bottle,1,48,3.0,144.0,1.76,0.0,One Time Buy,O,False,False,False
2026-08-01,9022B,99900902275,WILD TURKEY - RARE BREED RYE,DOMESTIC WHISKEY,750 ML,750,112.8,,,United States,Bottle,1,6,59.95,359.7,2.36,0.0,Limited Listing,L,False,False,False
2026-08-01,9023B,99900902375,GRAY WHALE GIN,GIN,750 ML,750,86.0,,,,Bottle,1,6,35.95,215.7,1.42,0.0,Regular,R,False,False,False
2026-08-01,9030B,99900903075,ADICTIVO ANEJO TEQUILA,TEQUILA,750 ML,750,80.0,,,Mexico,Bottle,1,6,66.95,401.7,2.64,0.0,Regular,R,False,False,False
2026-08-01,9032B,99900903275,OLD FORESTER S/B BARREL PROOF,DOMESTIC WHISKEY,750 ML,750,130.0,,,United States,Bottle,1,6,89.95,539.7,3.54,0.0,Seasonal,B,False,False,False
2026-08-01,9036I,99900903670,WOODFORD RESERVE BATCH PROOF,DOMESTIC WHISKEY,700 ML,700,118.4,,,United States,Bottle,1,6,149.95,899.7,6.33,0.0,Seasonal,B,False,False,False
2026-08-01,9038I,99900903870,VER LIQUEUR,CORDIALS,700 ML,700,100.0,,,United States,Bottle,1,12,39.95,479.4,1.69,0.0,Limited Listing,L,True,False,False
2026-08-01,9039B,99900903975,ELIJAH CRAIG TOASTED BARREL,DOMESTIC WHISKEY,750 ML,750,94.0,,,United States,Bottle,1,6,44.95,269.7,1.77,0.0,Seasonal,B,False,False,False
2026-08-01,9040B,99900904075,SHINE SPIRITS PINK HIBISCUS,GIN,750 ML,750,85.0,,,United States,Bottle,1,6,29.95,179.7,1.18,0.0,Trial Listing,T,True,False,False
2026-08-01,9043A,99900904310,SUN RANCH VODKA,VODKA,LITER,1000,80.0,,,United States,Bottle,1,12,10.95,131.4,0.32,0.0,Regular,R,True,False,False
2026-08-01,9043D,99900904320,SUN RANCH VODKA,VODKA,200 ML,200,80.0,,,United States,Bottle,1,48,3.95,189.6,0.58,0.0,Regular,R,True,False,False
2026-08-01,9043H,99900904317,SUN RANCH VODKA,VODKA,1.75 L,1750,80.0,,,United States,Bottle,1,6,17.95,107.7,0.3,0.0,Regular,R,True,False,False
2026-08-01,9045A,99900904510,SUN RANCH GIN,GIN,LITER,1000,80.0,,,United States,Bottle,1,12,10.95,131.4,0.32,0.0,Regular,R,True,False,False
2026-08-01,9045H,99900904517,SUN RANCH GIN,GIN,1.75 L,1750,80.0,,,United States,Bottle,1,6,17.95,107.7,0.3,0.0,Regular,R,True,False,False
2026-08-01,9050B,99900905075,CASAMIGOS ANEJO W/ GIFT,TEQUILA,750 ML,750,80.0,,,Mexico,VAP,1,6,49.95,299.7,1.97,0.0,Holiday,H,False,False,False
2026-08-01,9051B,99900905175,CASAMIGOS BLANCO W/ GIFT,TEQUILA,750 ML,750,80.0,,,Mexico,VAP,1,6,39.95,239.7,1.57,0.0,Holiday,H,False,False,False
2026-08-01,9052B,99900905275,CASAMIGOS REPOSADO W/ GIFT,TEQUILA,750 ML,750,80.0,,,Mexico,VAP,1,6,44.95,269.7,1.77,0.0,Holiday,H,False,False,False
2026-08-01,9053B,99900905375,CASAMIGOS MEZCAL JOVEN W/ GIFT,MEZCAL,750 ML,750,80.0,,,Mexico,VAP,1,6,49.95,299.7,1.97,0.0,Holiday,H,False,False,False
2026-08-01,9054F,99900905405,CROWN ROYAL MULTIBRAND ADVENT CALENDAR,CANADIAN,50 ML,50,80.0,,,Canada,Bottle,1,6,44.75,268.5,26.32,0.0,Holiday,H,False,False,False
2026-08-01,9056B,99900905675,LARCENY HOLIDAY VAP,DOMESTIC WHISKEY,750 ML,750,92.0,,,United States,VAP,1,6,22.95,137.7,0.9,-7.0,Holiday,H,False,False,False
2026-08-01,9057B,99900905775,MAKER'S MARK 46 W/ GIFT,DOMESTIC WHISKEY,750 ML,750,94.0,,,United States,VAP,1,6,34.95,209.7,1.38,-7.0,Holiday,H,False,False,False
2026-08-01,9058F,99900905805,CLYDE MAY'S TRI-PACK,DOMESTIC WHISKEY,50 ML,50,92.0,,,United States,Multi-Pack Bottle,3,20,10.5,210.0,6.18,0.0,Holiday,H,False,False,False
2026-08-01,9064B,99900906475,BALLOTIN CHOCOLATE MOCHA WHISKEY CREAM,DOMESTIC WHISKEY,750 ML,750,34.0,,,United States,Bottle,1,6,27.95,167.7,1.1,15.0,Holiday,H,False,False,False
2026-08-01,9066B,99900906675,FIREBALL SEASONAL ROTATING BAG,DOMESTIC WHISKEY,750 ML,750,66.0,,,Canada,Bottle,1,8,14.95,119.6,0.59,0.0,Seasonal,B,False,False,False
2026-08-01,9075B,99900907575,WRITERS' TEARS W/ GIFT,IRISH,750 ML,750,80.0,,,Republic of Ireland,VAP,1,6,39.95,239.7,1.57,0.0,Holiday,H,False,False,False
2026-08-01,9086E,99900908637,TITO'S HANDMADE VODKA 50ML 12PK,VODKA,50 ML,50,80.0,,,United States,Multi-Pack Bottle,2,5,27.95,139.75,2.2,0.0,One Time Buy,O,False,False,False
2026-08-01,9087B,99900908775,WESTWARD SINGLE MALT WHISKEY - WOMEN'S CHARITY BARREL,DOMESTIC WHISKEY,750 ML,750,92.0,,,United States,Bottle,1,6,99.95,599.7,3.94,0.0,Seasonal,B,True,False,False
2026-08-01,9096B,99900909675,WOODFORD RESERVE STRAIGHT WHEAT,DOMESTIC WHISKEY,750 ML,750,90.4,,,United States,Bottle,1,6,39.95,239.7,1.57,5.0,Regular,R,False,False,False
2026-08-01,9103B,99900910375,GHOST SPIRITS PEPPER VODKA,VODKA,750 ML,750,80.0,,,United States,Bottle,1,12,19.95,239.4,0.79,0.0,Trial Listing,T,True,False,False
2026-08-01,9104B,99900910475,DIAMOND CLEAR,NEUTRAL GRAIN SPIRIT,750 ML,750,190.0,,,United States,Bottle,1,12,19.95,239.4,0.79,0.0,Regular,R,True,False,False
2026-08-01,9104H,99900910417,DIAMOND CLEAR,NEUTRAL GRAIN SPIRIT,1.75 L,1750,190.0,,,United States,Bottle,1,6,41.95,251.7,0.71,0.0,Regular,R,True,False,False
2026-08-01,9105B,99900910575,JUST RUM SEASONAL SPICED,RUM,750 ML,750,102.0,,,United States,Bottle,1,12,49.95,599.4,1.97,0.0,Limited Listing,L,True,False,False
2026-08-01,9107B,99900910775,FREELAND DRY GIN,GIN,750 ML,750,114.0,,,United States,Bottle,1,6,42.95,257.7,1.69,6.0,Limited Listing,L,True,False,False
2026-08-01,9108B,99900910875,CAPTAIN MORGAN SLICED APPLE,RUM,750 ML,750,70.0,,,Puerto Rico,Bottle,1,12,16.95,203.4,0.67,0.0,Regular,R,False,False,False
2026-08-01,9109B,99900910975,GEORGE DICKEL BOTTLED IN BOND,DOMESTIC WHISKEY,750 ML,750,100.0,13 YRS,156,United States,Bottle,1,12,49.95,599.4,1.97,0.0,Seasonal,B,False,False,False
2026-08-01,9117B,99900911775,MARCOTTE DISTILLING - JOE'S ROOT BEER,CORDIALS,750 ML,750,50.0,,,United States,Bottle,1,12,26.0,312.0,1.02,0.0,Trial Listing,T,True,False,False
2026-08-01,9125B,99900912575,STILLWEATHER SPIRITS PLUVIA VITAE,CORDIALS,750 ML,750,88.0,,,United States,Bottle,1,12,34.95,419.4,1.38,0.0,Limited Listing,L,True,False,False
2026-08-01,9131B,99900913175,BULLEIT BOURBON SINGLE BARREL BLENDER'S CHOICE,DOMESTIC WHISKEY,750 ML,750,104.0,,,United States,Bottle,1,12,59.95,719.4,2.36,0.0,Seasonal,B,False,False,False
2026-08-01,9132B,99900913275,EL MAYOR REPOSADO MASTERS COLLECTION (BARREL ONLY),TEQUILA,750 ML,750,80.0,,,Mexico,Bottle,1,6,39.95,239.7,1.57,0.0,Seasonal,B,False,False,False
2026-08-01,9134B,99900913475,MAESTRO DOBEL 50 CRISTALINO,TEQUILA,750 ML,750,80.0,,,Mexico,Bottle,1,3,149.95,449.85,5.9,0.0,Regular,R,False,False,False
2026-08-01,9144B,99900914475,MCCONNELLS' OLD IRISH WHISKY,IRISH,750 ML,750,84.0,,,Republic of Ireland,Bottle,1,6,29.95,179.7,1.18,0.0,Trial Listing,T,False,False,False
2026-08-01,9145B,99900914575,BARNSTORMER STRAIGHT MALT WHISKEY,DOMESTIC WHISKEY,750 ML,750,92.0,,,United States,Bottle,1,12,50.0,600.0,1.97,0.0,Limited Listing,L,True,False,False
2026-08-01,9147B,99900914775,ROLLING RIVER SPIRITS LOST BARREL WHISKEY,DOMESTIC WHISKEY,750 ML,750,85.0,,,United States,Bottle,1,12,35.0,420.0,1.38,0.0,Seasonal,B,True,False,False
2026-08-01,9148B,99900914875,CAMPO BRAVO PLATA TEQUILA,TEQUILA,750 ML,750,80.0,,,Mexico,Bottle,1,12,19.95,239.4,0.79,0.0,Trial Listing,T,False,False,False
2026-08-01,9150B,99900915075,CANE RUN 151 GOLD RUM,RUM,750 ML,750,151.0,,,,Bottle,1,12,15.95,191.4,0.63,0.0,Regular,R,False,False,False
2026-08-01,9153B,99900915375,OLE SMOKY MOONSHINE PICKLES,DOMESTIC WHISKEY,750 ML,750,40.0,,,United States,Bottle,1,6,24.95,149.7,0.98,0.0,Limited Listing,L,False,False,False
2026-08-01,9156B,99900915675,RABBIT HOLE CAVEHILL,DOMESTIC WHISKEY,750 ML,750,95.0,,,United States,Bottle,1,6,59.95,359.7,2.36,0.0,Regular,R,False,False,False
2026-08-01,9157B,99900915775,RABBIT HOLE DARERINGER,DOMESTIC WHISKEY,750 ML,750,93.0,,,United States,Bottle,1,6,79.95,479.7,3.15,0.0,Limited Listing,L,False,False,False
2026-08-01,9158B,99900915875,RABBIT HOLE HEIGOLD,DOMESTIC WHISKEY,750 ML,750,95.0,,,United States,Bottle,1,6,44.95,269.7,1.77,0.0,Regular,R,False,False,False
2026-08-01,9159B,99900915975,RABBIT HOLE BOXERGRAIL,DOMESTIC WHISKEY,750 ML,750,95.0,,,United States,Bottle,1,6,49.95,299.7,1.97,0.0,Regular,R,False,False,False
2026-08-01,9164B,99900916475,MORIMOTO SINGLE MALT WHISKEY,DOMESTIC WHISKEY,750 ML,750,85.0,,,United States,Bottle,1,6,84.95,509.7,3.34,0.0,One Time Buy,O,True,False,False
2026-08-01,9176B,99900917675,RAINIER MOUNTAIN FRESH GIN,GIN,750 ML,750,80.0,,,,Bottle,1,6,29.95,179.7,1.18,0.0,Regular,R,False,False,False
2026-08-01,9177B,99900917775,OLYMPIA ARTESIAN VODKA,VODKA,750 ML,750,80.0,,,,Bottle,1,6,24.95,149.7,0.98,2.0,Limited Listing,L,False,False,False
2026-08-01,9180B,99900918075,DOUBLE CIRCLE RESERVE VODKA,VODKA,750 ML,750,80.0,,,United States,Bottle,1,12,29.95,359.4,1.18,0.0,Trial Listing,T,True,False,False
2026-08-01,9181B,99900918175,DOUBLE CIRCLE BARREL STRENGTH WHISKEY,DOMESTIC WHISKEY,750 ML,750,123.4,,,United States,Bottle,1,12,79.95,959.4,3.15,0.0,Trial Listing,T,True,False,False
2026-08-01,9182B,99900918275,DOUBLE CIRCLE LAVENDER VODKA,VODKA,750 ML,750,80.0,,,United States,Bottle,1,12,34.95,419.4,1.38,0.0,Limited Listing,L,True,False,False
2026-08-01,9194B,99900919475,BACARDI COQUITO,COCKTAILS,750 ML,750,26.0,,,Puerto Rico,Bottle,1,12,16.95,203.4,0.67,0.0,Seasonal,B,False,False,False
2026-08-01,9195B,99900919575,THE MACALLAN DOUBLE CASK 15 YEAR,SCOTCH,750 ML,750,86.0,15 YRS,180,Scotland,Bottle,1,12,179.95,2159.4,7.08,0.0,Limited Listing,L,False,False,False
2026-08-01,9196B,99900919675,CAROLAN'S SALTED CARAMEL,CORDIALS,750 ML,750,34.0,,,Ireland,Bottle,1,6,17.95,107.7,0.71,-1.0,Regular,R,False,False,False
2026-08-01,9197B,99900919775,HERRADURA LEGEND,TEQUILA,750 ML,750,80.0,,,Mexico,Bottle,1,4,99.95,399.8,3.94,0.0,Limited Listing,L,False,False,False
2026-08-01,9206B,99900920675,BLUE ICE HUCKLEBERRY,VODKA,750 ML,750,70.0,,,,Bottle,1,12,17.95,215.4,0.71,0.0,Limited Listing,L,False,False,False
2026-08-01,9212B,99900921275,DERRUMBES SAN LUIS POTOSI,MEZCAL,750 ML,750,88.2,,,Mexico,Bottle,1,6,44.95,269.7,1.77,5.0,Limited Listing,L,False,False,False
2026-08-01,9221A,99900922110,LEWIS & CLARK PREMIUM BLENDED BOURBON,DOMESTIC WHISKEY,LITER,1000,80.0,,,United States,Bottle,1,12,17.95,215.4,0.53,2.0,Regular,R,True,False,False
2026-08-01,9223B,99900922375,CRYSTAL HEAD PRIDE BOTTLE,VODKA,750 ML,750,80.0,,,,Bottle,1,6,54.95,329.7,2.16,0.0,One Time Buy,O,False,False,False
2026-08-01,9223H,99900922317,CRYSTAL HEAD PRIDE BOTTLE,VODKA,1.75 L,1750,80.0,,,,Bottle,1,3,99.95,299.85,1.69,0.0,One Time Buy,O,False,False,False
2026-08-01,9224B,99900922475,KILLDEER RYE WHISKEY,DOMESTIC WHISKEY,750 ML,750,96.0,,,United States,Bottle,1,12,46.0,552.0,1.81,0.0,Trial Listing,T,True,False,False
2026-08-01,9225B,99900922575,KILLDEER BOURBON WHISKEY,DOMESTIC WHISKEY,750 ML,750,96.0,,,United States,Bottle,1,12,44.0,528.0,1.73,0.0,Limited Listing,L,True,False,False
2026-08-01,9228B,99900922875,HOWLER HEAD,DOMESTIC WHISKEY,750 ML,750,80.0,,,United States,Bottle,1,12,21.95,263.4,0.86,-2.0,Regular,R,False,False,False
2026-08-01,9234B,99900923475,OLD FORESTER SINGLE BARREL 100 PROOF,DOMESTIC WHISKEY,750 ML,750,100.0,,,United States,Bottle,1,6,64.95,389.7,2.56,0.0,Seasonal,B,False,False,False
2026-08-01,9239B,99900923975,LEGENT BOURBON,DOMESTIC WHISKEY,750 ML,750,94.0,6 YRS,72,United States,Bottle,1,6,29.95,179.7,1.18,0.0,Regular,R,False,False,False
2026-08-01,9248B,99900924875,JEFFERSON'S OCEAN AGED CASK,DOMESTIC WHISKEY,750 ML,750,112.0,,,United States,Bottle,1,6,99.95,599.7,3.94,0.0,Seasonal,B,False,False,False
2026-08-01,9256E,99900925637,TRILLIUM GIN 3 BOTTLE ASSORTED GIFT PACK,GIN,375 ML,375,90.0,,,United States,Multi-Pack Bottle,3,6,63.85,383.1,5.03,0.0,Trial Listing,T,True,False,False
2026-08-01,9259B,99900925975,TAMARELO LIQUEUR,CORDIALS,750 ML,750,30.0,,,United States,Bottle,1,6,25.6,153.6,1.01,0.0,Trial Listing,T,True,False,False
2026-08-01,9279E,99900927937,CUTWATER BALI HAI TIKI RUM MAI TAI (4-CANS),COCKTAILS,355 ML,355,25.0,,,United States,Multi-Pack Can,4,6,12.95,77.7,1.02,0.0,Regular,R,False,False,False
2026-08-01,9280E,99900928037,JINRO STRAWBERRY SOJU,CORDIALS,375 ML,375,26.0,,,,Bottle,1,20,6.8,136.0,0.54,0.0,Limited Listing,L,False,False,False
2026-08-01,9288B,99900928875,ROGUE SINGLE BARREL PROJECT,DOMESTIC WHISKEY,750 ML,750,96.0,,,United States,Bottle,1,6,99.95,599.7,3.94,0.0,Limited Listing,L,True,False,False
2026-08-01,9303B,99900930375,BIRD DOG PEANUT BUTTER FLAVORED WHISKEY,DOMESTIC WHISKEY,750 ML,750,80.0,,,United States,Bottle,1,6,18.95,113.7,0.75,-3.0,Regular,R,False,False,False
2026-08-01,9304B,99900930475,TENJAKU JAPANESE WHISKY,OTHER IMPORTED WHISKY,750 ML,750,80.0,,,,Bottle,1,6,40.95,245.7,1.61,0.0,Limited Listing,L,False,False,False
2026-08-01,9307B,99900930775,DISARONNO VELVET LIQUEUR,CORDIALS,750 ML,750,34.0,,,Italy,Bottle,1,12,24.95,299.4,0.98,0.0,Limited Listing,L,False,False,False
2026-08-01,9308B,99900930875,MAKER'S MARK 101,DOMESTIC WHISKEY,750 ML,750,101.0,,,United States,Bottle,1,6,39.95,239.7,1.57,0.0,Regular,R,False,False,False
2026-08-01,9321B,99900932175,YUKON JACK HONEY,CORDIALS,750 ML,750,100.0,,,United States,Bottle,1,12,16.95,203.4,0.67,2.0,Limited Listing,L,False,False,False
2026-08-01,9323B,99900932375,YUKON JACK SNAKEBITE 10-50ML PK,CORDIALS,50 ML,50,100.0,,,United States,Multi-Pack Bottle,10,12,10.95,131.4,0.43,0.0,One Time Buy,O,False,False,False
2026-08-01,9324B,99900932475,KILLDEER VODKA,VODKA,750 ML,750,80.0,,,United States,Bottle,1,12,25.0,300.0,0.98,0.0,Limited Listing,L,True,False,False
2026-08-01,9325B,99900932575,YUKON JACK FIRE,CORDIALS,750 ML,750,100.0,,,United States,Bottle,1,12,14.95,179.4,0.59,0.0,Limited Listing,L,False,False,False
2026-08-01,9326B,99900932675,YUKON JACK APPLE,CORDIALS,750 ML,750,100.0,,,United States,Bottle,1,12,16.95,203.4,0.67,2.0,Limited Listing,L,False,False,False
2026-08-01,9332B,99900933275,OLE SMOKY SALTY WATERMELON WHISKEY,DOMESTIC WHISKEY,750 ML,750,60.0,,,United States,Bottle,1,6,20.95,125.7,0.82,0.0,Regular,R,False,False,False
2026-08-01,9334E,99900933437,DILLEY RAE PRIMA WHISKEY,DOMESTIC WHISKEY,375 ML,375,90.0,,,United States,Bottle,1,12,30.0,360.0,2.36,0.0,Trial Listing,T,True,False,False
2026-08-01,9335B,99900933575,DILLEY RAE PACIFIC STRAIGHT BOURBON,DOMESTIC WHISKEY,750 ML,750,90.0,,,United States,Bottle,1,6,65.0,390.0,2.56,0.0,Trial Listing,T,True,False,False
2026-08-01,9337D,99900933720,503 MOUNT HOOD OLD FASHIONED (2-PK CANS),COCKTAILS,200 ML,200,40.0,,,United States,Multi-Pack Can,2,14,12.95,181.3,1.9,0.0,Limited Listing,L,True,False,False
2026-08-01,9343B,99900934375,NEW PORT DISTILLING BEARD FLANNEL GIN,GIN,750 ML,750,86.0,,,United States,Bottle,1,12,21.95,263.4,0.86,0.0,Limited Listing,L,True,False,False
2026-08-01,9344F,99900934405,WHISTLEPIG PIGLETS GIFT PACK,DOMESTIC WHISKEY,50 ML,50,100.0,,,United States,Multi-Pack Bottle,1,12,25.0,300.0,14.71,0.0,One Time Buy,O,False,False,False
2026-08-01,9351E,99900935137,HIGH NOON PEACH 4-PACK CANS,COCKTAILS,355 ML,355,9.0,,,United States,Multi-Pack Can,4,6,10.95,65.7,0.86,0.0,Regular,R,False,False,False
2026-08-01,9352E,99900935237,HIGH NOON LIME 4-PACK CANS,COCKTAILS,355 ML,355,9.0,,,United States,Multi-Pack Can,4,6,10.95,65.7,0.86,0.0,Regular,R,False,False,False
2026-08-01,9353F,99900935305,NEW AMSTERDAM PINK WHITNEY (50ML-10 PACK),VODKA,50 ML,50,60.0,,,United States,Multi-Pack Bottle,10,12,10.0,120.0,5.88,0.0,One Time Buy,O,False,False,False
2026-08-01,9354B,99900935475,BLACK VELVET APPLE,CANADIAN,750 ML,750,70.0,,,Canada,Bottle,1,12,11.95,143.4,0.47,0.0,Regular,R,False,False,False
2026-08-01,9355A,99900935510,ARIA GIN & TONIC (4-CANS),COCKTAILS,200 ML,200,24.0,,,United States,Multi-Pack Can,4,6,19.95,119.7,0.59,0.0,Trial Listing,T,True,False,False
2026-08-01,9374B,99900937475,JACK DANIEL'S RYE BARREL PROOF S/B,DOMESTIC WHISKEY,750 ML,750,132.5,,,United States,Bottle,1,6,65.95,395.7,2.6,0.0,Regular,R,False,False,False
2026-08-01,9378B,99900937875,DERRUMBES DURANGO,MEZCAL,750 ML,750,97.6,,,Mexico,Bottle,1,6,39.95,239.7,1.57,5.0,Trial Listing,T,False,False,False
2026-08-01,9381B,99900938175,JEFFERSON'S RESERVE BOURBON 100 PROOF,DOMESTIC WHISKEY,750 ML,750,100.0,,,United States,Bottle,1,6,54.95,329.7,2.16,0.0,Seasonal,B,False,False,False
2026-08-01,9383B,99900938375,REDBREAST SMALL BATCH CASK,IRISH,750 ML,750,117.4,,,Republic of Ireland,Bottle,1,6,109.95,659.7,4.33,0.0,Seasonal,B,False,False,False
2026-08-01,9392B,99900939275,OLE SMOKY PEANUT BUTTER WHISKEY,DOMESTIC WHISKEY,750 ML,750,60.0,,,United States,Bottle,1,6,20.95,125.7,0.82,0.0,Trial Listing,T,False,False,False
2026-08-01,9394B,99900939475,"JAMESON 18 YO ""BOW STREET""",IRISH,750 ML,750,110.2,18 YRS,216,Republic of Ireland,Bottle,1,3,249.95,749.85,9.84,0.0,Seasonal,B,False,False,False
2026-08-01,9401B,99900940175,4 SPIRITS BARREL AGED GIN,GIN,750 ML,750,80.0,,,United States,Bottle,1,6,38.95,233.7,1.53,0.0,Limited Listing,L,True,False,False
2026-08-01,9415B,99900941575,BLACK BUTTE WHISKEY 5 YEAR,DOMESTIC WHISKEY,750 ML,750,94.0,5 YRS,60,United States,Bottle,1,6,49.95,299.7,1.97,-5.0,Seasonal,B,True,False,False
2026-08-01,9416B,99900941675,503 DIST WILDFIRE CINNAMON RUM,RUM,750 ML,750,80.0,,,United States,Bottle,1,12,19.95,239.4,0.79,0.0,Limited Listing,L,True,False,False
2026-08-01,9427B,99900942775,AIMSIR AITIL HOUSE GIN,GIN,750 ML,750,90.0,,,United States,Bottle,1,6,35.0,210.0,1.38,0.0,Limited Listing,L,True,False,False
2026-08-01,9433B,99900943375,KILLDEER EXPRESSO VANILLA LIQUEUR,CORDIALS,750 ML,750,75.0,,,United States,Bottle,1,12,36.0,432.0,1.42,0.0,Limited Listing,L,True,False,False
2026-08-01,9434B,99900943475,BADLANDS ARITSAN DOUBLE-BARREL RYE WHISKEY,DOMESTIC WHISKEY,750 ML,750,88.0,3 YRS,36,United States,Bottle,1,6,32.95,197.7,1.3,0.0,Limited Listing,L,True,False,False
2026-08-01,9436B,99900943675,HIGH WEST OLD FASHIONED COCKTAIL,COCKTAILS,750 ML,750,86.0,,,United States,Bottle,1,6,32.95,197.7,1.3,-2.0,Limited Listing,L,False,False,False
2026-08-01,9445B,99900944575,AIMSIR STRAIGHT BOURBON WHISKEY,DOMESTIC WHISKEY,750 ML,750,94.5,,,United States,Bottle,1,6,55.0,330.0,2.17,0.0,Limited Listing,L,True,False,False
2026-08-01,9446B,99900944675,GREY GOOSE STRAWBERRY & LEMONGRASS,VODKA,750 ML,750,60.0,,,France,Bottle,1,6,24.95,149.7,0.98,0.0,Regular,R,False,False,False
2026-08-01,9447B,99900944775,GREY GOOSE WATERMELON & BASIL,VODKA,750 ML,750,60.0,,,France,Bottle,1,6,24.95,149.7,0.98,0.0,Regular,R,False,False,False
2026-08-01,9460B,99900946075,STRANAHAN BLUE PEAK,DOMESTIC WHISKEY,750 ML,750,86.0,,,United States,Bottle,1,6,39.95,239.7,1.57,-1.0,One Time Buy,O,False,False,False
2026-08-01,9481B,99900948175,TANQUERAY SEVILLA ORANGE,GIN,750 ML,750,82.6,,,Scotland,Bottle,1,12,21.95,263.4,0.86,-3.0,Regular,R,False,False,False
2026-08-01,9482B,99900948275,THOMAS S. MOORE CASK FINISH CHARDONNAY,DOMESTIC WHISKEY,750 ML,750,97.9,,,United States,Bottle,1,6,69.95,419.7,2.75,0.0,Seasonal,B,False,False,False
2026-08-01,9483B,99900948375,THOMAS S. MOORE CASK FINISH CABERNET SAUVIGNON,DOMESTIC WHISKEY,750 ML,750,95.3,,,United States,Bottle,1,6,69.95,419.7,2.75,0.0,Seasonal,B,False,False,False
2026-08-01,9484B,99900948475,THOMAS S. MOORE CASK FINISH PORT,DOMESTIC WHISKEY,750 ML,750,98.9,,,United States,Bottle,1,6,69.95,419.7,2.75,0.0,Seasonal,B,False,False,False
2026-08-01,9492B,99900949275,CIROC SUMMER CITRUS,VODKA,750 ML,750,70.0,,,France,Bottle,1,12,35.95,431.4,1.42,0.0,Regular,R,False,False,False
2026-08-01,9497B,99900949775,LOCKDOWN VODKA,VODKA,750 ML,750,86.0,,,United States,Bottle,1,12,21.0,252.0,0.83,0.0,Trial Listing,T,True,False,False
2026-08-01,9510B,99900951075,HDC SPECIAL FORCES WHISKEY,DOMESTIC WHISKEY,750 ML,750,90.0,,,United States,Bottle,1,6,39.95,239.7,1.57,0.0,Trial Listing,T,True,False,False
2026-08-01,9516B,99900951675,ON THE ROCKS KNOB CREEK OLD FASHIONED,COCKTAILS,750 ML,750,70.0,,,United States,Bottle,1,6,19.95,119.7,0.79,-3.0,Limited Listing,L,False,False,False
2026-08-01,9516E,99900951637,ON THE ROCKS KNOB CREEK OLD FASHIONED,COCKTAILS,375 ML,375,70.0,,,United States,Bottle,1,12,12.95,155.4,1.02,3.0,Regular,R,False,False,False
2026-08-01,9524B,99900952475,EZRA BROOKS 99PR BOURBON,DOMESTIC WHISKEY,750 ML,750,99.0,4 YRS,48,United States,Bottle,1,6,24.95,149.7,0.98,-2.0,Regular,R,False,False,False
2026-08-01,9524H,99900952417,EZRA BROOKS 99PR BOURBON,DOMESTIC WHISKEY,1.75 L,1750,99.0,4 YRS,48,United States,Bottle,1,6,44.95,269.7,0.76,5.0,Limited Listing,L,False,False,False
2026-08-01,9533B,99900953375,OLD JOE BLADE RYE WHISKEY,DOMESTIC WHISKEY,750 ML,750,90.0,,,United States,Bottle,1,6,89.95,539.7,3.54,0.0,Trial Listing,T,True,False,False
2026-08-01,9537B,99900953775,DROP SHOP VODKA,VODKA,750 ML,750,80.0,,,United States,Bottle,1,6,19.95,119.7,0.79,0.0,Limited Listing,L,True,False,False
2026-08-01,9538B,99900953875,CRATER LAKE ESTATE RYE WHISKEY,DOMESTIC WHISKEY,750 ML,750,93.0,,,United States,Bottle,1,6,54.95,329.7,2.16,5.0,Limited Listing,L,True,False,False
2026-08-01,9541B,99900954175,FOUR ROSES SMALL BATCH SELECT,DOMESTIC WHISKEY,750 ML,750,104.0,,,United States,Bottle,1,6,59.95,359.7,2.36,10.0,Regular,R,False,False,False
2026-08-01,9542B,99900954275,KINGS COUNTY STRAIGHT BOURBON,DOMESTIC WHISKEY,750 ML,750,90.0,,,United States,Bottle,1,6,68.0,408.0,2.68,0.0,Trial Listing,T,False,False,False
2026-08-01,9547B,99900954775,SVEDKA CHERRY LIMEADE VODKA,VODKA,750 ML,750,70.0,,,Sweden,Bottle,1,12,10.95,131.4,0.43,0.0,Limited Listing,L,False,False,False
2026-08-01,9549E,99900954937,JINRO SOJU IS BACK SOJU,CORDIALS,375 ML,375,32.0,,,,Bottle,1,20,6.8,136.0,0.54,0.0,Regular,R,False,False,False
2026-08-01,9556B,99900955675,LUSTER STRAWBERRY LIMONCELLO,CORDIALS,750 ML,750,56.0,,,United States,Bottle,1,12,24.95,299.4,0.98,0.0,Limited Listing,L,True,False,False
2026-08-01,9557B,99900955775,LUSTER LAVENDER LIMONCELLO,CORDIALS,750 ML,750,56.0,,,United States,Bottle,1,12,24.95,299.4,0.98,0.0,Limited Listing,L,True,False,False
2026-08-01,9558B,99900955875,LUSTER CLASSIC LIMONCELLO,CORDIALS,750 ML,750,56.0,,,United States,Bottle,1,12,24.95,299.4,0.98,0.0,Limited Listing,L,True,False,False
2026-08-01,9560B,99900956075,COCOA BOMB CHOCOLATE WHISKEY,CORDIALS,750 ML,750,75.0,,,United States,Bottle,1,12,24.95,299.4,0.98,0.0,Limited Listing,L,True,False,False
2026-08-01,9562B,99900956275,EASTSIDE SINGLE MALT AMERICAN WHISKEY,DOMESTIC WHISKEY,750 ML,750,110.0,,,United States,Bottle,1,6,34.95,209.7,1.38,0.0,Limited Listing,L,True,False,False
2026-08-01,9563B,99900956375,CALUMET FARM 8 YR BOURBON,DOMESTIC WHISKEY,750 ML,750,90.0,8 YRS,96,United States,Bottle,1,6,46.95,281.7,1.85,-3.0,Regular,R,False,False,False
2026-08-01,9570E,99900957037,503 DIST I'M YOUR HUCKLEBERRY LEMONADE 4-CANS,COCKTAILS,355 ML,355,18.0,,,United States,Multi-Pack Can,4,6,14.95,89.7,1.18,0.0,Regular,R,True,False,False
2026-08-01,9575B,99900957575,KOMOS ANEJO CRISTALINO TEQUILA,TEQUILA,750 ML,750,80.0,,,Mexico,Bottle,1,6,129.95,779.7,5.12,0.0,One Time Buy,O,False,False,False
2026-08-01,9578B,99900957875,JEFFERSON'S RYE COGNAC,BRANDY / COGNAC,750 ML,750,94.0,,,,Bottle,1,6,54.95,329.7,2.16,0.0,Seasonal,B,False,False,False
2026-08-01,9581B,99900958175,ABSOLUT WATERMELON,VODKA,750 ML,750,76.0,,,Sweden,Bottle,1,6,24.95,149.7,0.98,5.0,Regular,R,False,False,False
2026-08-01,9584A,99900958410,FIREBALL CINNAMON WHISKY PARTY BUCKET 20-50ML,CANADIAN,50 ML,50,66.0,,,Canada,Multi-Pack Bottle,20,4,18.95,75.8,0.56,0.0,One Time Buy,O,False,False,False
2026-08-01,9586B,99900958675,ACCOMPANI MARI GOLD,CORDIALS,750 ML,750,50.0,,,United States,Bottle,1,6,29.95,179.7,1.18,0.0,Limited Listing,L,True,False,False
2026-08-01,9587B,99900958775,ACCOMPANI FLORA GREEN,CORDIALS,750 ML,750,80.0,,,United States,Bottle,1,6,29.95,179.7,1.18,0.0,Regular,R,True,False,False
2026-08-01,9588B,99900958875,ACCOMPANI CRIMSON SNAP,CORDIALS,750 ML,750,70.0,,,United States,Bottle,1,6,29.95,179.7,1.18,0.0,Limited Listing,L,True,False,False
2026-08-01,9589B,99900958975,ACCOMPANI BLUE DORRIS,CORDIALS,750 ML,750,70.0,,,United States,Bottle,1,6,29.95,179.7,1.18,0.0,Limited Listing,L,True,False,False
2026-08-01,9595B,99900959575,MIDNIGHT MOON LIGHTNING LEMONADE,DOMESTIC WHISKEY,750 ML,750,70.0,,,United States,Bottle,1,6,19.95,119.7,0.79,0.0,One Time Buy,O,False,False,False
2026-08-01,9597B,99900959775,SANTO REPOSADO TEQUILA,TEQUILA,750 ML,750,80.0,,,Mexico,Bottle,1,6,58.95,353.7,2.32,0.0,One Time Buy,O,False,False,False
2026-08-01,9604B,99900960475,TAMDHU 12 YR SINGLE MALT,SCOTCH,750 ML,750,86.0,12 YRS,144,Scotland,Bottle,1,6,69.95,419.7,2.75,0.0,Trial Listing,T,False,False,False
2026-08-01,9605B,99900960575,HANDY & SCHILLER OLD FASHIONED,DOMESTIC WHISKEY,750 ML,750,84.0,,,United States,Bottle,1,12,22.95,275.4,0.9,0.0,Trial Listing,T,False,False,False
2026-08-01,9608B,99900960875,DEEP EDDY LIME VODKA,VODKA,750 ML,750,70.0,,,United States,Bottle,1,12,19.95,239.4,0.79,3.0,Regular,R,False,False,False
2026-08-01,9610E,99900961037,CUTWATER MANGO MARGARITA RTD 4 PK CANS,COCKTAILS,355 ML,355,25.0,,,United States,Multi-Pack Can,4,6,12.95,77.7,1.02,0.0,Regular,R,False,False,False
2026-08-01,9613B,99900961375,ADICTIVO EXTRA ANEJO TEQUILA,TEQUILA,750 ML,750,80.0,,,Mexico,Bottle,1,6,99.95,599.7,3.94,0.0,Limited Listing,L,False,False,False
2026-08-01,9616B,99900961675,CHOCOLAT DELUXE CHOCOLATE LIQUEUR,CORDIALS,750 ML,750,30.0,,,,Bottle,1,12,21.95,263.4,0.86,0.0,Trial Listing,T,False,False,False
2026-08-01,9624B,99900962475,GEORGE DICKEL SINGLE BARREL 15 YR,DOMESTIC WHISKEY,750 ML,750,104.7,15 YRS,180,United States,Bottle,1,12,69.95,839.4,2.75,0.0,Seasonal,B,False,False,False
2026-08-01,9636B,99900963675,HUSSONGS 100% ANEJO TEQ JUG,TEQUILA,750 ML,750,80.0,,,Mexico,Bottle,1,6,66.95,401.7,2.64,0.0,Limited Listing,L,False,False,False
2026-08-01,9638B,99900963875,CORAZON DE AGAVE REPOSADO SINGLE BARREL,TEQUILA,750 ML,750,80.0,,,Mexico,Bottle,1,6,29.95,179.7,1.18,0.0,Seasonal,B,False,False,False
2026-08-01,9639B,99900963975,KILLDEER GIN,GIN,750 ML,750,80.0,,,United States,Bottle,1,12,36.0,432.0,1.42,0.0,Limited Listing,L,True,False,False
2026-08-01,9640B,99900964075,BACARDI TROPICAL,RUM,750 ML,750,70.0,,,Puerto Rico,Bottle,1,12,14.95,179.4,0.59,-2.0,Seasonal,B,False,False,False
2026-08-01,9641B,99900964175,KULA TOASTED COCONUT RUM,RUM,750 ML,750,70.0,,,,Bottle,1,6,22.95,137.7,0.9,0.0,Trial Listing,T,False,False,False
2026-08-01,9644B,99900964475,EASTSIDE AGED STRAIGHT BOURBON,DOMESTIC WHISKEY,750 ML,750,110.0,,,United States,Bottle,1,6,39.95,239.7,1.57,0.0,Limited Listing,L,True,False,False
2026-08-01,9646B,99900964675,BOMBAY BRAMBLE,GIN,750 ML,750,86.0,,,England,Bottle,1,6,25.95,155.7,1.02,0.0,Regular,R,False,False,False
2026-08-01,9649B,99900964975,TORRES 15 SPANISH BRANDY,BRANDY / COGNAC,750 ML,750,80.0,,,,Bottle,1,6,34.95,209.7,1.38,-3.0,Trial Listing,T,False,False,False
2026-08-01,9650B,99900965075,BURNSIDE BLACK RYE WHISKEY,DOMESTIC WHISKEY,750 ML,750,110.0,,,United States,Bottle,1,6,44.95,269.7,1.77,10.0,Limited Listing,L,True,False,False
2026-08-01,9653B,99900965375,PORTER'S HUCKLEBERRY WHISKEY,DOMESTIC WHISKEY,750 ML,750,66.6,,,United States,Bottle,1,12,17.95,215.4,0.71,0.0,Trial Listing,T,False,False,False
2026-08-01,9665B,99900966575,SMIRNOFF PINK LEMONADE,VODKA,750 ML,750,60.0,,,United States,Bottle,1,12,12.95,155.4,0.51,0.0,Regular,R,False,False,False
2026-08-01,9684B,99900968475,MARCOTTE DISTILLING SALTED CARAMEL WHISKEY,DOMESTIC WHISKEY,750 ML,750,75.0,,,United States,Bottle,1,12,30.0,360.0,1.18,0.0,Trial Listing,T,True,False,False
2026-08-01,9694B,99900969475,BUMBU CREME,CORDIALS,750 ML,750,30.0,,,,Bottle,1,6,27.95,167.7,1.1,-2.0,Seasonal,B,False,False,False
2026-08-01,9695I,99900969570,COMBIER LIQUEUR DE PASTEQUE WATERMELON,CORDIALS,700 ML,700,40.0,,,France,Bottle,1,6,33.95,203.7,1.43,0.0,Trial Listing,T,False,False,False
2026-08-01,9696B,99900969675,BARRELL SEAGRASS RYE WHISKEY,DOMESTIC WHISKEY,750 ML,750,118.4,,,United States,Bottle,1,6,84.95,509.7,3.34,0.0,Limited Listing,L,False,False,False
2026-08-01,9705B,99900970575,SHANKY'S WHIP BLACK,CORDIALS,750 ML,750,66.0,,,Ireland,Bottle,1,6,26.95,161.7,1.06,-3.0,Regular,R,False,False,False
2026-08-01,9705E,99900970537,SHANKY'S WHIP BLACK,CORDIALS,375 ML,375,66.0,,,Ireland,Bottle,1,12,14.95,179.4,1.18,0.0,Regular,R,False,False,False
2026-08-01,9705F,99900970505,SHANKY'S WHIP BLACK,CORDIALS,50 ML,50,66.0,,,Ireland,Bottle,1,60,2.0,120.0,1.18,0.0,One Time Buy,O,False,False,False
2026-08-01,9705H,99900970517,SHANKY'S WHIP BLACK,CORDIALS,1.75 L,1750,66.0,,,Ireland,Bottle,1,6,49.95,299.7,0.84,5.0,Regular,R,False,False,False
2026-08-01,9712B,99900971275,STAFFORD'S RESERVE BOURBON BARREL STRENGTH,DOMESTIC WHISKEY,750 ML,750,116.0,,,United States,Bottle,1,6,74.95,449.7,2.95,0.0,Limited Listing,L,True,False,False
2026-08-01,9719B,99900971975,SINISTER ANCHOR ROSE PINEAPPLE RUM,RUM,750 ML,750,66.0,,,United States,Bottle,1,12,29.95,359.4,1.18,0.0,Trial Listing,T,True,False,False
2026-08-01,9722B,99900972275,WAYPOINT VODKA,VODKA,750 ML,750,80.0,,,United States,Bottle,1,12,20.0,240.0,0.79,0.0,Limited Listing,L,True,False,False
2026-08-01,9723B,99900972375,AIMSIR STRAIGHT BOURBON COLD BREW,CORDIALS,750 ML,750,88.0,,,United States,Bottle,1,6,58.0,348.0,2.28,0.0,Limited Listing,L,True,False,False
2026-08-01,9726E,99900972637,DROP SHOP LEMON DROP 4-CANS,COCKTAILS,355 ML,355,30.0,,,United States,Multi-Pack Can,4,6,17.95,107.7,1.41,0.0,Regular,R,True,False,False
2026-08-01,9727B,99900972775,BALCONES LINEAGE,DOMESTIC WHISKEY,750 ML,750,94.0,3 YRS,36,United States,Bottle,1,6,39.95,239.7,1.57,0.0,Seasonal,B,False,False,False
2026-08-01,9740E,99900974037,CAZADORES PALOMA 4 PK CANS,COCKTAILS,355 ML,355,11.8,,,Mexico,Multi-Pack Can,4,6,12.95,77.7,1.02,0.0,Regular,R,False,False,False
2026-08-01,9741E,99900974137,CAZADORES MARGARITA 4 PK CANS,COCKTAILS,355 ML,355,11.8,,,Mexico,Multi-Pack Can,4,6,12.95,77.7,1.02,0.0,Regular,R,False,False,False
2026-08-01,9773B,99900977375,RY3 RUM CASK CASK STRENGTH,DOMESTIC WHISKEY,750 ML,750,123.6,,,United States,Bottle,1,6,69.95,419.7,2.75,5.0,Trial Listing,T,False,False,False
2026-08-01,9792E,99900979237,WILD ROOTS RASPBERRY VODKA & SODA 4-CANS,COCKTAILS,355 ML,355,8.0,,,United States,Multi-Pack Can,4,6,10.95,65.7,0.86,0.0,Regular,R,True,False,False
2026-08-01,9793E,99900979337,WILD ROOTS PEACH VODKA & SODA 4-CANS,COCKTAILS,355 ML,355,8.0,,,United States,Multi-Pack Can,4,6,10.95,65.7,0.86,0.0,Regular,R,True,False,False
2026-08-01,9794E,99900979437,WILD ROOTS BLACKBERRY VODKA & SODA 4-CANS,COCKTAILS,355 ML,355,8.0,,,United States,Multi-Pack Can,4,6,10.95,65.7,0.86,0.0,Regular,R,True,False,False
2026-08-01,9795E,99900979537,WILD ROOTS LEMON VODKA & SODA 4-CANS,COCKTAILS,355 ML,355,8.0,,,United States,Multi-Pack Can,4,6,10.95,65.7,0.86,0.0,Regular,R,True,False,False
2026-08-01,9799B,99900979975,CALUMET FARM 15 YEAR OLD BOURBON,DOMESTIC WHISKEY,750 ML,750,105.0,15 YRS,180,United States,Bottle,1,6,139.95,839.7,5.51,0.0,Limited Listing,L,False,False,False
2026-08-01,9804B,99900980475,JUST RUM BLACK BERRY RUM,RUM,750 ML,750,80.0,,,United States,Bottle,1,12,49.95,599.4,1.97,0.0,Limited Listing,L,True,False,False
2026-08-01,9808B,99900980875,FISHHAWK FLEET GIN,GIN,750 ML,750,80.0,,,United States,Bottle,1,6,27.0,162.0,1.06,0.0,Limited Listing,L,True,False,False
2026-08-01,9809B,99900980975,FISHHAWK FLEET VODKA,VODKA,750 ML,750,80.0,,,United States,Bottle,1,12,27.0,324.0,1.06,0.0,Limited Listing,L,True,False,False
2026-08-01,9810B,99900981075,FOX-TAIL DISTILLERY DISTILLED GIN,GIN,750 ML,750,80.0,,,United States,Bottle,1,12,34.95,419.4,1.38,0.0,Trial Listing,T,True,False,False
2026-08-01,9811B,99900981175,OLD FORESTER SINGLE BARREL RYE BARREL PROOF,DOMESTIC WHISKEY,750 ML,750,120.0,,,United States,Bottle,1,6,89.95,539.7,3.54,0.0,Seasonal,B,False,False,False
2026-08-01,9819D,99900981920,TRAIL GIN & TONIC 4-CANS,COCKTAILS,355 ML,355,30.0,,,United States,Multi-Pack Can,4,6,16.0,96.0,2.35,0.0,Limited Listing,L,True,False,False
2026-08-01,9824B,99900982475,DEWAR'S JAPANESE SMOOTH,SCOTCH,750 ML,750,80.0,8 YRS,96,Scotland,Bottle,1,6,24.95,149.7,0.98,0.0,One Time Buy,O,False,False,False
2026-08-01,9825E,99900982537,FORTH BOURBON SMASH LEMON AND MINT 4-CANS,COCKTAILS,355 ML,355,10.0,,,United States,Multi-Pack Can,4,6,13.95,83.7,1.1,0.0,Limited Listing,L,True,False,False
2026-08-01,9826B,99900982675,JOSE CUERVO TRADICIONAL CRISTALINO,TEQUILA,750 ML,750,80.0,,,Mexico,Bottle,1,6,35.95,215.7,1.42,3.0,Limited Listing,L,False,False,False
2026-08-01,9827B,99900982775,RICH AND RARE PEACH,CANADIAN,750 ML,750,70.0,,,Canada,Bottle,1,12,11.95,143.4,0.47,2.0,Limited Listing,L,False,False,False
2026-08-01,9841B,99900984175,TEQUILA COMISARIO BLANCO,TEQUILA,750 ML,750,80.0,,,Mexico,Bottle,1,6,39.95,239.7,1.57,0.0,Limited Listing,L,False,False,False
2026-08-01,9842B,99900984275,TEQUILA COMISARIO REPOSADO,TEQUILA,750 ML,750,80.0,,,Mexico,Bottle,1,6,44.95,269.7,1.77,0.0,Trial Listing,T,False,False,False
2026-08-01,9843B,99900984375,TEQUILA COMISARIO ANEJO,TEQUILA,750 ML,750,80.0,,,Mexico,Bottle,1,6,59.95,359.7,2.36,0.0,Limited Listing,L,False,False,False
2026-08-01,9844B,99900984475,GEORGE DICKEL BOURBON 8 YR,DOMESTIC WHISKEY,750 ML,750,90.0,8 YRS,96,United States,Bottle,1,12,34.95,419.4,1.38,3.0,Regular,R,False,False,False
2026-08-01,9846B,99900984675,OLE SMOKY MOONSHINE PEACHES,DOMESTIC WHISKEY,750 ML,750,65.0,,,United States,Bottle,1,6,24.95,149.7,0.98,0.0,Regular,R,False,False,False
2026-08-01,9850B,99900985075,OLD PEPPER SINGLE BARREL RYE (BARREL ONLY),DOMESTIC WHISKEY,750 ML,750,110.0,,,United States,Bottle,1,6,59.95,359.7,2.36,0.0,Seasonal,B,False,False,False
2026-08-01,9851I,99900985170,KLEOS MASTIHA SPIRIT,CORDIALS,700 ML,700,60.0,,,,Bottle,1,6,43.95,263.7,1.85,0.0,Trial Listing,T,False,False,False
2026-08-01,9852B,99900985275,NEW PORT DISTILLING AROMATIC GIN,GIN,750 ML,750,80.0,,,United States,Bottle,1,12,24.95,299.4,0.98,0.0,Trial Listing,T,True,False,False
2026-08-01,9853B,99900985375,MARCOTTE DISTILLING SWEET PEACH WHISKEY,DOMESTIC WHISKEY,750 ML,750,75.0,,,United States,Bottle,1,12,30.0,360.0,1.18,0.0,Trial Listing,T,True,False,False
2026-08-01,9856B,99900985675,GOMPERS NAVY STRENGTH GIN,GIN,750 ML,750,115.0,,,United States,Bottle,1,6,43.95,263.7,1.73,0.0,Limited Listing,L,True,False,False
2026-08-01,9857B,99900985775,MR BLACK COLD BREW COFFEE LIQUEUR,CORDIALS,750 ML,750,50.0,,,,Bottle,1,6,34.95,209.7,1.38,0.0,Regular,R,False,False,False
2026-08-01,9880B,99900988075,GUNPOWDER IRISH GIN W/ GLASS,GIN,750 ML,750,86.0,,,Republic of Ireland,VAP,1,6,37.95,227.7,1.49,0.0,Holiday,H,False,False,False
2026-08-01,9881B,99900988175,LAPHROAIG 10 YEAR W/GLASSES,SCOTCH,750 ML,750,86.0,10 YRS,120,Scotland,VAP,1,6,61.95,371.7,2.44,0.0,Holiday,H,False,False,False
2026-08-01,9883B,99900988375,JACK DANIEL'S TENNESSEE APPLE W/GLASS,DOMESTIC WHISKEY,750 ML,750,70.0,,,United States,VAP,1,6,19.95,119.7,0.79,0.0,Holiday,H,False,False,False
2026-08-01,9885D,99900988520,JAMESON 4-50ML TRIAL PACK,IRISH,50 ML,50,80.0,,,Republic of Ireland,Multi-Pack Bottle,4,10,7.95,79.5,1.17,0.0,One Time Buy,O,False,False,False
2026-08-01,9886B,99900988675,TEMPLETON STRAIGHT RYE W/ STARLINO CHERRIES,DOMESTIC WHISKEY,750 ML,750,90.0,,,United States,Bottle,1,6,30.95,185.7,1.22,-4.0,Holiday,H,False,False,False
2026-08-01,9887B,99900988775,CORREALEJO REPOSADO W/2 GLASSES,TEQUILA,750 ML,750,80.0,,,Mexico,VAP,1,6,36.95,221.7,1.45,4.0,Holiday,H,False,False,False
2026-08-01,9888B,99900988875,ZAYA W/ ICE BALL TRAY,RUM,750 ML,750,80.0,,,Trinidad and Tobago,VAP,1,6,34.95,209.7,1.38,5.0,Holiday,H,False,False,False
2026-08-01,9889E,99900988937,TIMBERLINE VODKA OUTSIDER 12-50ML PACK,VODKA,50 ML,50,80.0,,,United States,Multi-Pack Bottle,12,4,19.95,79.8,1.57,0.0,Holiday,H,True,False,False
2026-08-01,9893B,99900989375,BIRD DOG BLACKBERRY FLAVORED WHISKEY VAP,DOMESTIC WHISKEY,750 ML,750,80.0,,,United States,VAP,1,6,18.95,113.7,0.75,-3.0,Holiday,H,False,False,False
2026-08-01,9894B,99900989475,BIRD DOG PEACH FLAVORED WHISKEY VAP,DOMESTIC WHISKEY,750 ML,750,80.0,,,United States,VAP,1,6,18.95,113.7,0.75,-3.0,Holiday,H,False,False,False
2026-08-01,9895B,99900989575,DEL MAGUEY VIDA DE MUERTOS,MEZCAL,750 ML,750,90.0,,,Mexico,Bottle,1,6,49.95,299.7,1.97,5.0,One Time Buy,O,False,False,False
2026-08-01,9898B,99900989875,MINKE IRISH VODKA,VODKA,750 ML,750,80.0,,,Republic of Ireland,Bottle,1,6,24.95,149.7,0.98,2.0,Trial Listing,T,False,False,False
2026-08-01,9901E,99900990137,FORTH CUCUMBER GIMLET 4-CANS,COCKTAILS,355 ML,355,10.0,,,United States,Multi-Pack Can,4,6,13.95,83.7,1.1,0.0,Limited Listing,L,True,False,False
2026-08-01,9908B,99900990875,E.T. 51 VODKA,VODKA,750 ML,750,80.0,,,,Bottle,1,12,28.95,347.4,1.14,0.0,One Time Buy,O,False,False,False
2026-08-01,9908F,99900990805,E.T. 51 VODKA,VODKA,50 ML,50,80.0,,,,Bottle,1,48,3.75,180.0,2.21,0.0,Trial Listing,T,False,False,False
2026-08-01,9913B,99900991375,TAAKA VODKA 60 PROOF,VODKA,750 ML,750,60.0,,,,Bottle,1,12,6.95,83.4,0.27,0.0,Regular,R,False,False,False
2026-08-01,9924E,99900992437,HIGH NOON MANGO 4-PACK CANS,COCKTAILS,355 ML,355,9.0,,,United States,Multi-Pack Can,4,6,10.95,65.7,0.86,0.0,Regular,R,False,False,False
2026-08-01,9928B,99900992875,HIDEAWAY UNAPOLOGETIC AMERICAN WHISKEY,DOMESTIC WHISKEY,750 ML,750,90.0,,,United States,Bottle,1,12,50.0,600.0,1.97,0.0,Trial Listing,T,True,False,False
2026-08-01,9929B,99900992975,BLUE LINE UNAPOLOGETIC AMERICAN WHISKEY,DOMESTIC WHISKEY,750 ML,750,90.0,,,United States,Bottle,1,12,39.0,468.0,1.54,0.0,Limited Listing,L,True,False,False
2026-08-01,9947E,99900994737,THINKING TREE MOSCOW MULE,COCKTAILS,375 ML,375,40.0,,,United States,Bottle,1,12,14.95,179.4,1.18,0.0,Limited Listing,L,True,False,False
2026-08-01,9947H,99900994717,THINKING TREE MOSCOW MULE,COCKTAILS,1.75 L,1750,40.0,,,United States,Bottle,1,6,65.0,390.0,1.1,0.0,Trial Listing,T,True,False,False
2026-08-01,9948E,99900994837,THINKING TREE GIN GIMLET,COCKTAILS,375 ML,375,40.0,,,United States,Bottle,1,12,14.95,179.4,1.18,0.0,Limited Listing,L,True,False,False
2026-08-01,9949E,99900994937,THINKING TREE OLD FASHIONED COCKTAIL,COCKTAILS,375 ML,375,40.0,,,United States,Bottle,1,12,14.95,179.4,1.18,0.0,Trial Listing,T,True,False,False
2026-08-01,9951E,99900995137,THINKING TREE DARK AND STORMY,COCKTAILS,375 ML,375,60.0,,,United States,Bottle,1,12,14.95,179.4,1.18,0.0,Limited Listing,L,True,False,False
2026-08-01,9965B,99900996575,BASIL HAYDEN TOAST,DOMESTIC WHISKEY,750 ML,750,80.0,,,United States,Bottle,1,6,47.95,287.7,1.89,-5.0,Seasonal,B,False,False,False
2026-08-01,9979E,99900997937,CROWN ROYAL WASHINGTON APPLE 4-CANS,COCKTAILS,355 ML,355,14.0,,,Canada,Multi-Pack Can,4,6,11.95,71.7,0.94,0.0,Regular,R,False,False,False
2026-08-01,9980E,99900998037,CROWN ROYAL WHISKEY & COLA 4-CANS,COCKTAILS,355 ML,355,14.0,,,Canada,Multi-Pack Can,4,6,11.95,71.7,0.94,0.0,Regular,R,False,False,False
2026-08-01,9988B,99900998875,CLASE AZUL GOLD JOVEN 80 PROOF,TEQUILA,750 ML,750,80.0,,,Mexico,Bottle,1,3,359.95,1079.85,14.17,0.0,Seasonal,B,False,False,False
